
TDE Restore Verification Runner 0.1.0
Log: /Users/stefan.oehrli/Repos/own/oehrlis/oracle-free-labs/data/xchange/evidence/run_20260911_080723.log

========================================================================
  STEP 00: Reset both services and verify clean startup
  Script: /Users/stefan.oehrli/Repos/own/oehrlis/oracle-free-labs/scripts/tde-verify/tests/00_reset_lab.sh
  Time:   2026-09-11 08:07:24
========================================================================
2026-09-11 08:07:24 INFO  Starting 00_reset_lab.sh 0.1.0

========================================================================
== Step 00: Reset lab services
========================================================================

========================================================================
== Reset odbencprod
========================================================================
2026-09-11 08:07:24 INFO  removed data/xchange/evidence
2026-09-11 08:07:24 INFO  exchange mount cleared
2026-09-11 08:07:24 INFO  resetting service 'odbencprod' ...
 Container odbencprod Stopping 
 Container odbencprod Stopped 
 Container odbencprod Removing 
 Container odbencprod Removed 
 Network oracle-free-labs_default Removing 
 Network oracle-free-labs_default Resource is still in use 
2026-09-11 08:07:31 INFO  removing /Users/stefan.oehrli/Repos/own/oehrlis/oracle-free-labs/data/odbencprod
2026-09-11 08:07:31 INFO  restored tracked files under data/odbencprod
2026-09-11 08:07:31 INFO  service 'odbencprod' reset complete
2026-09-11 08:07:31 INFO  starting service 'odbencprod' ...
 Container odbencprod Creating 
 Container odbencprod Created 
 Container odbencprod Starting 
 Container odbencprod Started 
2026-09-11 08:07:32 INFO  waiting for odbencprod to be ready (timeout 900s) ...
2026-09-11 08:09:57 INFO  odbencprod is ready

========================================================================
== Reset odbencdev
========================================================================
2026-09-11 08:09:57 INFO  resetting service 'odbencdev' ...
 Container odbencdev Stopping 
 Container odbencdev Stopped 
 Container odbencdev Removing 
 Container odbencdev Removed 
 Network oracle-free-labs_default Removing 
 Network oracle-free-labs_default Resource is still in use 
2026-09-11 08:10:01 INFO  removing /Users/stefan.oehrli/Repos/own/oehrlis/oracle-free-labs/data/odbencdev
2026-09-11 08:10:01 INFO  restored tracked files under data/odbencdev
2026-09-11 08:10:01 INFO  service 'odbencdev' reset complete
2026-09-11 08:10:01 INFO  starting service 'odbencdev' ...
 Container odbencdev Creating 
 Container odbencdev Created 
 Container odbencdev Starting 
 Container odbencdev Started 
2026-09-11 08:10:02 INFO  waiting for odbencdev to be ready (timeout 600s) ...
2026-09-11 08:12:05 INFO  odbencdev is ready

========================================================================
== Log scan
========================================================================
2026-09-11 08:12:06 INFO  odbencprod logs: no ORA-/SP2-/DBT- errors
2026-09-11 08:12:06 INFO  odbencdev logs: no ORA-/SP2-/DBT- errors

Service              Ready      Log errors
-------              -----      ----------
odbencprod           yes        none      
odbencdev            yes        none      

------------------------------------------------------------------------
VERDICT: PASS - both services are up, healthy, and clean
------------------------------------------------------------------------
2026-09-11 08:12:06 INFO  Done.

========================================================================
  STEP 10: Create canary tables, READ ONLY, collect baseline evidence
  Script: /Users/stefan.oehrli/Repos/own/oehrlis/oracle-free-labs/scripts/tde-verify/tests/10_baseline.sh
  Time:   2026-09-11 08:12:07
========================================================================
2026-09-11 08:12:07 INFO  Starting 10_baseline.sh 0.1.0

========================================================================
== Step 10: Collect prod baseline
========================================================================

========================================================================
== Create canary in USERS (encrypted)
========================================================================

Session altered.

ALTER TABLESPACE USERS READ WRITE
*
ERROR at line 1:
ORA-01646: tablespace 'USERS' is not read-only - cannot make read write
Help: https://docs.oracle.com/error-help/db/ora-01646/


========================================================================
== Create canary table SCOTT.CANARY_TDE in USERS
========================================================================
no existing SCOTT.CANARY_TDE to drop

PL/SQL procedure successfully completed.


Table created.


5000 rows created.


Commit complete.

== Row count and segment size ==========================================

CANARY_ROWS
-----------
       5000

1 row selected.


OWNER		     TABLE_NAME 	  TS_NAME		   BLOCKS      BYTES
-------------------- -------------------- -------------------- ---------- ----------
SCOTT		     CANARY_TDE 	  USERS 		      384    3145728

1 row selected.

== Physical block range of the canary rows =============================

RELATIVE_FNO  MIN_BLOCK  MAX_BLOCK DISTINCT_BLOCKS ROWS_TOTAL
------------ ---------- ---------- --------------- ----------
	   0	    979       1407	       313	 5000

1 row selected.

== Datafile holding the canary ==========================================

RELATIVE_FNO FILE_NAME								    BLOCK_SIZE	   BLOCKS      BYTES
------------ ---------------------------------------------------------------------- ---------- ---------- ----------
	1024 /opt/oracle/oradata/FREE/5B2FECF6497C1018E063020013AC1150/datafile/o1_	  8192	     2560   20971520
	     mf_users_ob76s922_.dbf


1 row selected.

== Marker for the host side plain-text scan ============================

MARKER
----------------------------------------
OEHRLI-CANARY-01

1 row selected.

========================================================================
== Create unencrypted control tablespace CANARY_PLAIN
========================================================================

Session altered.

ALTER TABLESPACE CANARY_PLAIN READ WRITE
*
ERROR at line 1:
ORA-00959: tablespace 'CANARY_PLAIN' does not exist
Help: https://docs.oracle.com/error-help/db/ora-00959/


DROP TABLESPACE CANARY_PLAIN INCLUDING CONTENTS AND DATAFILES
*
ERROR at line 1:
ORA-00959: tablespace 'CANARY_PLAIN' does not exist
Help: https://docs.oracle.com/error-help/db/ora-00959/



Tablespace created.


User altered.


TABLESPACE_NAME 	       BIG ENC
------------------------------ --- ---
CANARY_PLAIN		       YES NO

========================================================================
== Create control canary in CANARY_PLAIN (unencrypted)
========================================================================

Session altered.

========================================================================
== Create canary table SCOTT.CANARY_PLAIN_TAB in CANARY_PLAIN
========================================================================
no existing SCOTT.CANARY_PLAIN_TAB to drop

PL/SQL procedure successfully completed.


Table created.


5000 rows created.


Commit complete.

== Row count and segment size ==========================================

CANARY_ROWS
-----------
       5000

1 row selected.


OWNER		     TABLE_NAME 	  TS_NAME		   BLOCKS      BYTES
-------------------- -------------------- -------------------- ---------- ----------
SCOTT		     CANARY_PLAIN_TAB	  CANARY_PLAIN		      384    3145728

1 row selected.

== Physical block range of the canary rows =============================

RELATIVE_FNO  MIN_BLOCK  MAX_BLOCK DISTINCT_BLOCKS ROWS_TOTAL
------------ ---------- ---------- --------------- ----------
	   0	    779       1279	       313	 5000

1 row selected.

== Datafile holding the canary ==========================================

RELATIVE_FNO FILE_NAME								    BLOCK_SIZE	   BLOCKS      BYTES
------------ ---------------------------------------------------------------------- ---------- ---------- ----------
	1024 /opt/oracle/oradata/FREE/5B2FECF6497C1018E063020013AC1150/datafile/o1_	  8192	     2560   20971520
	     mf_canary_p_ob76xrkr_.dbf


1 row selected.

== Marker for the host side plain-text scan ============================

MARKER
----------------------------------------
OEHRLI-CANARY-01

1 row selected.

========================================================================
== Set USERS and CANARY_PLAIN to READ ONLY
========================================================================

Session altered.


Tablespace altered.


Tablespace altered.


TABLESPACE_NAME 	       STATUS
------------------------------ ---------
CANARY_PLAIN		       READ ONLY
USERS			       READ ONLY

========================================================================
== Collect evidence set 'baseline'
========================================================================
2026-09-11 08:12:09 INFO  collecting evidence set 'baseline' from odbencprod
2026-09-11 08:12:09 INFO  Starting tde_evidence.sh 0.1.0
2026-09-11 08:12:09 INFO  evidence set 'baseline' -> /Users/stefan.oehrli/Repos/own/oehrlis/oracle-free-labs/data/xchange/evidence/baseline
2026-09-11 08:12:09 INFO  collecting key chain evidence from odbencprod (CDB$ROOT)

Session altered.

========================================================================
== TDE key chain evidence snapshot =====================================
========================================================================
== Identity of this database ===========================================

CONTAINER	     DB_NAME	  DB_UNIQUE_NAME	 DBID CREATED	LOG_MODE     OPEN_MODE
-------------------- ------------ ---------------- ---------- --------- ------------ --------------------
CDB$ROOT	     FREE	  FREE		   1515727551 11-SEP-26 ARCHIVELOG   READ WRITE

1 row selected.

== Keystore state from v$encryption_wallet =============================

WRL_TYPE WRL_PARAMETER								STATUS		   WALLET_TYPE	   KEYSTORE CON_ID
-------- ---------------------------------------------------------------------- ------------------ --------------- -------- ------
FILE	 /opt/oracle/dbconfig/FREE/wallet/tde/					OPEN		   LOCAL_AUTOLOGIN NONE 	 1
FILE										OPEN		   LOCAL_AUTOLOGIN UNITED	 2
FILE										OPEN		   LOCAL_AUTOLOGIN UNITED	 4

3 rows selected.

== Master encryption keys from v$encryption_keys =======================

KEY_ID							 KEY_USE    KEYSTORE_TYPE  ORIGIN     BACKED_UP CREATION_TIME	       ACTIVATION_TIME
-------------------------------------------------------- ---------- -------------- ---------- --------- ---------------------- ----------------------
CREATOR_PDBNAME
--------------------------------------------------------------------------------------------------------------------------------
ACTIVATING_PDBNAME														 CON_ID
-------------------------------------------------------------------------------------------------------------------------------- ------
AQ7FWTcnsUu3pclAqq/hhXAAAAAAAAAAAAAAAAAAAAAAAAAAAAAA	 TDE IN PDB SOFTWARE KEYST LOCAL      YES	11.09.2026 06:09:41    11.09.2026 06:09:41
								    ORE
CDB$ROOT
CDB$ROOT															      1

AUSOiatlvkmSlZ5shmpLSQcAAAAAAAAAAAAAAAAAAAAAAAAAAAAA	 TDE IN PDB SOFTWARE KEYST LOCAL      NO	11.09.2026 06:09:44    11.09.2026 06:09:44
								    ORE
ODBENCPROD
ODBENCPROD															      4


2 rows selected.

== Tablespace key chain from v$encrypted_tablespaces ===================

TS_NAME 		    TS# ENCRYPTI ENC MASTERKEYID_HEX			KEY_VERSION STATUS	       ENCRYPTEDKEY_HEX 						  BLOCKS_ENCRYPTED BLOCKS_DECRYPTED CON_ID
-------------------- ---------- -------- --- ---------------------------------- ----------- ------------------ ------------------------------------------------------------------ ---------------- ---------------- ------
USERS			      6 AES256	 YES 448E89AB65BE4992959E6C866A4B4907		  1 NORMAL	       7C410458C6D61BBDAFBE556CD21EEE9BD71CA73898BFEC48EFFADDBD0E112BC6 	       372		  3	 4

1 row selected.

== Full v$encrypted_tablespaces row (version specific columns) =========

       TS# ENCRYPTI ENC ENCRYPTEDKEY							 MASTERKEYID			  BLOCKS_ENCRYPTED BLOCKS_DECRYPTED KEY_VERSION STATUS		   CIPHERMODE	 CON_ID
---------- -------- --- ---------------------------------------------------------------- -------------------------------- ---------------- ---------------- ----------- ------------------ ------------- ------
	 6 AES256   YES 7C410458C6D61BBDAFBE556CD21EEE9BD71CA73898BFEC48EFFADDBD0E112BC6 448E89AB65BE4992959E6C866A4B4907	       372		  3	      1 NORMAL		   XTS		      4

1 row selected.

== Implicit database key for SYSTEM / UNDO / TEMP ======================

ENCRYPTI ENCRYPTEDKEY											  MASTERKEYID			   MAS CIPHERMODE    CON_ID
-------- ------------------------------------------------------------------------------------------------ -------------------------------- --- ------------- ------
AES256	 81F7D08AB56A93F523D0ACB637C596CD9A705599B83317711A979673B0E2B39E00000000000000000000000000000000 0EC5593727B14BB7A5C940AAAFE18570 YES XTS		  1
NONE	 000000000000000000000000000000000000000000000000000000000000000000000000000000000000000000000000 00000000000000000000000000000000 NO  CFB		  2
AES256	 1ED5109A6BD3E2A194C242DB7CF60AE375BB92101258E6B2E81EAECB714E1FC700000000000000000000000000000000 448E89AB65BE4992959E6C866A4B4907 YES XTS		  4

3 rows selected.

== Datafiles of encrypted tablespaces ==================================

no rows selected

2026-09-11 08:12:09 INFO  collecting key chain evidence from odbencprod (PDB ODBENCPROD)

Session altered.


Session altered.

========================================================================
== TDE key chain evidence snapshot =====================================
========================================================================
== Identity of this database ===========================================

CONTAINER	     DB_NAME	  DB_UNIQUE_NAME	 DBID CREATED	LOG_MODE     OPEN_MODE
-------------------- ------------ ---------------- ---------- --------- ------------ --------------------
ODBENCPROD	     FREE	  FREE		   1515727551 11-SEP-26 ARCHIVELOG   READ WRITE

1 row selected.

== Keystore state from v$encryption_wallet =============================

WRL_TYPE WRL_PARAMETER								STATUS		   WALLET_TYPE	   KEYSTORE CON_ID
-------- ---------------------------------------------------------------------- ------------------ --------------- -------- ------
FILE										OPEN		   LOCAL_AUTOLOGIN UNITED	 4

1 row selected.

== Master encryption keys from v$encryption_keys =======================

KEY_ID							 KEY_USE    KEYSTORE_TYPE  ORIGIN     BACKED_UP CREATION_TIME	       ACTIVATION_TIME
-------------------------------------------------------- ---------- -------------- ---------- --------- ---------------------- ----------------------
CREATOR_PDBNAME
--------------------------------------------------------------------------------------------------------------------------------
ACTIVATING_PDBNAME														 CON_ID
-------------------------------------------------------------------------------------------------------------------------------- ------
AUSOiatlvkmSlZ5shmpLSQcAAAAAAAAAAAAAAAAAAAAAAAAAAAAA	 TDE IN PDB SOFTWARE KEYST LOCAL      NO	11.09.2026 06:09:44    11.09.2026 06:09:44
								    ORE
ODBENCPROD
ODBENCPROD															      4


1 row selected.

== Tablespace key chain from v$encrypted_tablespaces ===================

TS_NAME 		    TS# ENCRYPTI ENC MASTERKEYID_HEX			KEY_VERSION STATUS	       ENCRYPTEDKEY_HEX 						  BLOCKS_ENCRYPTED BLOCKS_DECRYPTED CON_ID
-------------------- ---------- -------- --- ---------------------------------- ----------- ------------------ ------------------------------------------------------------------ ---------------- ---------------- ------
USERS			      6 AES256	 YES 448E89AB65BE4992959E6C866A4B4907		  1 NORMAL	       7C410458C6D61BBDAFBE556CD21EEE9BD71CA73898BFEC48EFFADDBD0E112BC6 	       372		  3	 4

1 row selected.

== Full v$encrypted_tablespaces row (version specific columns) =========

       TS# ENCRYPTI ENC ENCRYPTEDKEY							 MASTERKEYID			  BLOCKS_ENCRYPTED BLOCKS_DECRYPTED KEY_VERSION STATUS		   CIPHERMODE	 CON_ID
---------- -------- --- ---------------------------------------------------------------- -------------------------------- ---------------- ---------------- ----------- ------------------ ------------- ------
	 6 AES256   YES 7C410458C6D61BBDAFBE556CD21EEE9BD71CA73898BFEC48EFFADDBD0E112BC6 448E89AB65BE4992959E6C866A4B4907	       372		  3	      1 NORMAL		   XTS		      4

1 row selected.

== Implicit database key for SYSTEM / UNDO / TEMP ======================

ENCRYPTI ENCRYPTEDKEY											  MASTERKEYID			   MAS CIPHERMODE    CON_ID
-------- ------------------------------------------------------------------------------------------------ -------------------------------- --- ------------- ------
AES256	 1ED5109A6BD3E2A194C242DB7CF60AE375BB92101258E6B2E81EAECB714E1FC700000000000000000000000000000000 448E89AB65BE4992959E6C866A4B4907 YES XTS		  4

1 row selected.

== Datafiles of encrypted tablespaces ==================================

TS_NAME 	     RELATIVE_FNO FILE_NAME								     BLOCKS BLOCK_SIZE	    BYTES
-------------------- ------------ ---------------------------------------------------------------------- ---------- ---------- ----------
USERS			     1024 /opt/oracle/oradata/FREE/5B2FECF6497C1018E063020013AC1150/datafile/o1_       2560	  8192	 20971520
				  mf_users_ob76s922_.dbf


1 row selected.

2026-09-11 08:12:09 INFO  listing datafiles of tablespace USERS in PDB ODBENCPROD
2026-09-11 08:12:09 INFO  found 1 datafile(s)
2026-09-11 08:12:09 INFO  fingerprinting o1_mf_users_ob76s922_.dbf (block size 8192)
wrote /Users/stefan.oehrli/Repos/own/oehrlis/oracle-free-labs/data/xchange/evidence/baseline/o1_mf_users_ob76s922_.dbf.fp
2026-09-11 08:12:10 INFO  scanning o1_mf_users_ob76s922_.dbf for the clear-text marker
no hits - needle not present as plaintext in this datafile
2026-09-11 08:12:10 INFO  manifest written to /Users/stefan.oehrli/Repos/own/oehrlis/oracle-free-labs/data/xchange/evidence/baseline/manifest.txt
2026-09-11 08:12:10 INFO  Done.
2026-09-11 08:12:10 INFO  collecting evidence for CANARY_PLAIN (control group)
2026-09-11 08:12:10 INFO  collecting evidence set 'baseline_plain' from odbencprod
2026-09-11 08:12:11 INFO  Starting tde_evidence.sh 0.1.0
2026-09-11 08:12:11 INFO  evidence set 'baseline_plain' -> /Users/stefan.oehrli/Repos/own/oehrlis/oracle-free-labs/data/xchange/evidence/baseline_plain
2026-09-11 08:12:11 INFO  collecting key chain evidence from odbencprod (CDB$ROOT)

Session altered.

========================================================================
== TDE key chain evidence snapshot =====================================
========================================================================
== Identity of this database ===========================================

CONTAINER	     DB_NAME	  DB_UNIQUE_NAME	 DBID CREATED	LOG_MODE     OPEN_MODE
-------------------- ------------ ---------------- ---------- --------- ------------ --------------------
CDB$ROOT	     FREE	  FREE		   1515727551 11-SEP-26 ARCHIVELOG   READ WRITE

1 row selected.

== Keystore state from v$encryption_wallet =============================

WRL_TYPE WRL_PARAMETER								STATUS		   WALLET_TYPE	   KEYSTORE CON_ID
-------- ---------------------------------------------------------------------- ------------------ --------------- -------- ------
FILE	 /opt/oracle/dbconfig/FREE/wallet/tde/					OPEN		   LOCAL_AUTOLOGIN NONE 	 1
FILE										OPEN		   LOCAL_AUTOLOGIN UNITED	 2
FILE										OPEN		   LOCAL_AUTOLOGIN UNITED	 4

3 rows selected.

== Master encryption keys from v$encryption_keys =======================

KEY_ID							 KEY_USE    KEYSTORE_TYPE  ORIGIN     BACKED_UP CREATION_TIME	       ACTIVATION_TIME
-------------------------------------------------------- ---------- -------------- ---------- --------- ---------------------- ----------------------
CREATOR_PDBNAME
--------------------------------------------------------------------------------------------------------------------------------
ACTIVATING_PDBNAME														 CON_ID
-------------------------------------------------------------------------------------------------------------------------------- ------
AQ7FWTcnsUu3pclAqq/hhXAAAAAAAAAAAAAAAAAAAAAAAAAAAAAA	 TDE IN PDB SOFTWARE KEYST LOCAL      YES	11.09.2026 06:09:41    11.09.2026 06:09:41
								    ORE
CDB$ROOT
CDB$ROOT															      1

AUSOiatlvkmSlZ5shmpLSQcAAAAAAAAAAAAAAAAAAAAAAAAAAAAA	 TDE IN PDB SOFTWARE KEYST LOCAL      NO	11.09.2026 06:09:44    11.09.2026 06:09:44
								    ORE
ODBENCPROD
ODBENCPROD															      4


2 rows selected.

== Tablespace key chain from v$encrypted_tablespaces ===================

TS_NAME 		    TS# ENCRYPTI ENC MASTERKEYID_HEX			KEY_VERSION STATUS	       ENCRYPTEDKEY_HEX 						  BLOCKS_ENCRYPTED BLOCKS_DECRYPTED CON_ID
-------------------- ---------- -------- --- ---------------------------------- ----------- ------------------ ------------------------------------------------------------------ ---------------- ---------------- ------
USERS			      6 AES256	 YES 448E89AB65BE4992959E6C866A4B4907		  1 NORMAL	       7C410458C6D61BBDAFBE556CD21EEE9BD71CA73898BFEC48EFFADDBD0E112BC6 	       372		  3	 4

1 row selected.

== Full v$encrypted_tablespaces row (version specific columns) =========

       TS# ENCRYPTI ENC ENCRYPTEDKEY							 MASTERKEYID			  BLOCKS_ENCRYPTED BLOCKS_DECRYPTED KEY_VERSION STATUS		   CIPHERMODE	 CON_ID
---------- -------- --- ---------------------------------------------------------------- -------------------------------- ---------------- ---------------- ----------- ------------------ ------------- ------
	 6 AES256   YES 7C410458C6D61BBDAFBE556CD21EEE9BD71CA73898BFEC48EFFADDBD0E112BC6 448E89AB65BE4992959E6C866A4B4907	       372		  3	      1 NORMAL		   XTS		      4

1 row selected.

== Implicit database key for SYSTEM / UNDO / TEMP ======================

ENCRYPTI ENCRYPTEDKEY											  MASTERKEYID			   MAS CIPHERMODE    CON_ID
-------- ------------------------------------------------------------------------------------------------ -------------------------------- --- ------------- ------
AES256	 81F7D08AB56A93F523D0ACB637C596CD9A705599B83317711A979673B0E2B39E00000000000000000000000000000000 0EC5593727B14BB7A5C940AAAFE18570 YES XTS		  1
NONE	 000000000000000000000000000000000000000000000000000000000000000000000000000000000000000000000000 00000000000000000000000000000000 NO  CFB		  2
AES256	 1ED5109A6BD3E2A194C242DB7CF60AE375BB92101258E6B2E81EAECB714E1FC700000000000000000000000000000000 448E89AB65BE4992959E6C866A4B4907 YES XTS		  4

3 rows selected.

== Datafiles of encrypted tablespaces ==================================

no rows selected

2026-09-11 08:12:11 INFO  collecting key chain evidence from odbencprod (PDB ODBENCPROD)

Session altered.


Session altered.

========================================================================
== TDE key chain evidence snapshot =====================================
========================================================================
== Identity of this database ===========================================

CONTAINER	     DB_NAME	  DB_UNIQUE_NAME	 DBID CREATED	LOG_MODE     OPEN_MODE
-------------------- ------------ ---------------- ---------- --------- ------------ --------------------
ODBENCPROD	     FREE	  FREE		   1515727551 11-SEP-26 ARCHIVELOG   READ WRITE

1 row selected.

== Keystore state from v$encryption_wallet =============================

WRL_TYPE WRL_PARAMETER								STATUS		   WALLET_TYPE	   KEYSTORE CON_ID
-------- ---------------------------------------------------------------------- ------------------ --------------- -------- ------
FILE										OPEN		   LOCAL_AUTOLOGIN UNITED	 4

1 row selected.

== Master encryption keys from v$encryption_keys =======================

KEY_ID							 KEY_USE    KEYSTORE_TYPE  ORIGIN     BACKED_UP CREATION_TIME	       ACTIVATION_TIME
-------------------------------------------------------- ---------- -------------- ---------- --------- ---------------------- ----------------------
CREATOR_PDBNAME
--------------------------------------------------------------------------------------------------------------------------------
ACTIVATING_PDBNAME														 CON_ID
-------------------------------------------------------------------------------------------------------------------------------- ------
AUSOiatlvkmSlZ5shmpLSQcAAAAAAAAAAAAAAAAAAAAAAAAAAAAA	 TDE IN PDB SOFTWARE KEYST LOCAL      NO	11.09.2026 06:09:44    11.09.2026 06:09:44
								    ORE
ODBENCPROD
ODBENCPROD															      4


1 row selected.

== Tablespace key chain from v$encrypted_tablespaces ===================

TS_NAME 		    TS# ENCRYPTI ENC MASTERKEYID_HEX			KEY_VERSION STATUS	       ENCRYPTEDKEY_HEX 						  BLOCKS_ENCRYPTED BLOCKS_DECRYPTED CON_ID
-------------------- ---------- -------- --- ---------------------------------- ----------- ------------------ ------------------------------------------------------------------ ---------------- ---------------- ------
USERS			      6 AES256	 YES 448E89AB65BE4992959E6C866A4B4907		  1 NORMAL	       7C410458C6D61BBDAFBE556CD21EEE9BD71CA73898BFEC48EFFADDBD0E112BC6 	       372		  3	 4

1 row selected.

== Full v$encrypted_tablespaces row (version specific columns) =========

       TS# ENCRYPTI ENC ENCRYPTEDKEY							 MASTERKEYID			  BLOCKS_ENCRYPTED BLOCKS_DECRYPTED KEY_VERSION STATUS		   CIPHERMODE	 CON_ID
---------- -------- --- ---------------------------------------------------------------- -------------------------------- ---------------- ---------------- ----------- ------------------ ------------- ------
	 6 AES256   YES 7C410458C6D61BBDAFBE556CD21EEE9BD71CA73898BFEC48EFFADDBD0E112BC6 448E89AB65BE4992959E6C866A4B4907	       372		  3	      1 NORMAL		   XTS		      4

1 row selected.

== Implicit database key for SYSTEM / UNDO / TEMP ======================

ENCRYPTI ENCRYPTEDKEY											  MASTERKEYID			   MAS CIPHERMODE    CON_ID
-------- ------------------------------------------------------------------------------------------------ -------------------------------- --- ------------- ------
AES256	 1ED5109A6BD3E2A194C242DB7CF60AE375BB92101258E6B2E81EAECB714E1FC700000000000000000000000000000000 448E89AB65BE4992959E6C866A4B4907 YES XTS		  4

1 row selected.

== Datafiles of encrypted tablespaces ==================================

TS_NAME 	     RELATIVE_FNO FILE_NAME								     BLOCKS BLOCK_SIZE	    BYTES
-------------------- ------------ ---------------------------------------------------------------------- ---------- ---------- ----------
USERS			     1024 /opt/oracle/oradata/FREE/5B2FECF6497C1018E063020013AC1150/datafile/o1_       2560	  8192	 20971520
				  mf_users_ob76s922_.dbf


1 row selected.

2026-09-11 08:12:11 INFO  listing datafiles of tablespace CANARY_PLAIN in PDB ODBENCPROD
2026-09-11 08:12:11 INFO  found 1 datafile(s)
2026-09-11 08:12:11 INFO  fingerprinting o1_mf_canary_p_ob76xrkr_.dbf (block size 8192)
wrote /Users/stefan.oehrli/Repos/own/oehrlis/oracle-free-labs/data/xchange/evidence/baseline_plain/o1_mf_canary_p_ob76xrkr_.dbf.fp
2026-09-11 08:12:12 INFO  scanning o1_mf_canary_p_ob76xrkr_.dbf for the clear-text marker
HITS: 313 (data is readable in the clear)
2026-09-11 08:12:12 INFO  manifest written to /Users/stefan.oehrli/Repos/own/oehrlis/oracle-free-labs/data/xchange/evidence/baseline_plain/manifest.txt
2026-09-11 08:12:12 INFO  Done.

========================================================================
== Read key values
========================================================================

========================================================================
== Dump datafile header (Oracle side)
========================================================================

Session altered.

========================================================================
== Oracle side file header dump =========================================
========================================================================
== Trace file for this session =========================================

TRACE_FILE
----------------------------------------------------------------------------------------------------
/opt/oracle/diag/rdbms/free/FREE/trace/FREE_ora_5359.trc

1 row selected.

== Dump all datafile headers (file_hdrs, level 10) =====================

Session altered.

== Dump block 1 of /opt/oracle/oradata/FREE/5B2FECF6497C1018E063020013AC1150/datafile/o1_mf_users_ob76s922_.dbf

System altered.

== Trace file to collect ===============================================

TRACE_FILE
----------------------------------------------------------------------------------------------------
/opt/oracle/diag/rdbms/free/FREE/trace/FREE_ora_5359.trc

1 row selected.

Key summary for baseline:
  MASTERKEYID : 448E89AB65BE4992959E6C866A4B4907
  Wrapped TEK : 7C410458C6D61BBDAFBE556CD21EEE9BD71CA73898BFEC48EFFADDBD0E112BC6
  Notes       : DBID=1515727551, set READ ONLY, evidence in /Users/stefan.oehrli/Repos/own/oehrlis/oracle-free-labs/data/xchange/evidence/baseline

------------------------------------------------------------------------
VERDICT: PASS - baseline collected, MASTERKEYID and TEK saved to state
------------------------------------------------------------------------
2026-09-11 08:12:14 INFO  Done.

========================================================================
  STEP 15: RMAN backup + stage source keystore
  Script: /Users/stefan.oehrli/Repos/own/oehrlis/oracle-free-labs/scripts/tde-verify/tests/15_backup.sh
  Time:   2026-09-11 08:12:14
========================================================================
2026-09-11 08:12:14 INFO  Starting 15_backup.sh 0.1.0

========================================================================
== Step 15: RMAN backup and keystore staging
========================================================================

========================================================================
== Prepare backup directory
========================================================================

========================================================================
== RMAN BACKUP DATABASE PLUS ARCHIVELOG
========================================================================

Recovery Manager: Release 23.26.3.0.0 - Production on Fri Sep 11 08:12:15 2026
Version 23.26.3.0.0

Copyright (c) 1982, 2026, Oracle and/or its affiliates.  All rights reserved.

connected to target database: FREE (DBID=1515727551)

RMAN> 

RMAN> CONFIGURE CONTROLFILE AUTOBACKUP ON;
using target database control file instead of recovery catalog
new RMAN configuration parameters:
CONFIGURE CONTROLFILE AUTOBACKUP ON;
new RMAN configuration parameters are successfully stored


RMAN> CONFIGURE CONTROLFILE AUTOBACKUP FORMAT FOR DEVICE TYPE DISK TO '/opt/oracle/xchange/backup/cf_%F';
new RMAN configuration parameters:
CONFIGURE CONTROLFILE AUTOBACKUP FORMAT FOR DEVICE TYPE DISK TO '/opt/oracle/xchange/backup/cf_%F';
new RMAN configuration parameters are successfully stored


RMAN> RUN {
2>   ALLOCATE CHANNEL c1 DEVICE TYPE DISK FORMAT '/opt/oracle/xchange/backup/%U';
3>   BACKUP DATABASE PLUS ARCHIVELOG;
4>   RELEASE CHANNEL c1;
5> }
allocated channel: c1
channel c1: SID=224 device type=DISK


Starting backup at 11-SEP-26
current log archived
channel c1: starting archived log backup set
channel c1: specifying archived log(s) in backup set
input archived log thread=1 sequence=1 RECID=1 STAMP=1243670980
input archived log thread=1 sequence=2 RECID=2 STAMP=1243670982
input archived log thread=1 sequence=3 RECID=3 STAMP=1243670983
input archived log thread=1 sequence=4 RECID=4 STAMP=1243671136
channel c1: starting piece 1 at 11-SEP-26
channel c1: finished piece 1 at 11-SEP-26
piece handle=/opt/oracle/xchange/backup/010u6qj0_1_1_1 tag=TAG20260911T081216 comment=NONE
channel c1: backup set complete, elapsed time: 00:00:01
Finished backup at 11-SEP-26

Starting backup at 11-SEP-26
channel c1: starting full datafile backup set
channel c1: specifying datafile(s) in backup set
input datafile file number=00001 name=/opt/oracle/oradata/FREE/system01.dbf
input datafile file number=00003 name=/opt/oracle/oradata/FREE/sysaux01.dbf
input datafile file number=00011 name=/opt/oracle/oradata/FREE/undotbs01.dbf
input datafile file number=00007 name=/opt/oracle/oradata/FREE/users01.dbf
channel c1: starting piece 1 at 11-SEP-26
channel c1: finished piece 1 at 11-SEP-26
piece handle=/opt/oracle/xchange/backup/021u6qj1_2_1_1 tag=TAG20260911T081217 comment=NONE
channel c1: backup set complete, elapsed time: 00:00:03
channel c1: starting full datafile backup set
channel c1: specifying datafile(s) in backup set
input datafile file number=00017 name=/opt/oracle/oradata/FREE/5B2FECF6497C1018E063020013AC1150/datafile/o1_mf_sysaux_ob76rlmc_.dbf
input datafile file number=00016 name=/opt/oracle/oradata/FREE/5B2FECF6497C1018E063020013AC1150/datafile/o1_mf_system_ob76rlm9_.dbf
input datafile file number=00018 name=/opt/oracle/oradata/FREE/5B2FECF6497C1018E063020013AC1150/datafile/o1_mf_undotbs1_ob76rlmc_.dbf
input datafile file number=00019 name=/opt/oracle/oradata/FREE/5B2FECF6497C1018E063020013AC1150/datafile/o1_mf_audit_da_ob76ro9y_.dbf
input datafile file number=00020 name=/opt/oracle/oradata/FREE/5B2FECF6497C1018E063020013AC1150/datafile/o1_mf_users_ob76s922_.dbf
input datafile file number=00021 name=/opt/oracle/oradata/FREE/5B2FECF6497C1018E063020013AC1150/datafile/o1_mf_canary_p_ob76xrkr_.dbf
channel c1: starting piece 1 at 11-SEP-26
channel c1: finished piece 1 at 11-SEP-26
piece handle=/opt/oracle/xchange/backup/034u6qj4_3_1_1 tag=TAG20260911T081217 comment=NONE
channel c1: backup set complete, elapsed time: 00:00:01
channel c1: starting full datafile backup set
channel c1: specifying datafile(s) in backup set
input datafile file number=00004 name=/opt/oracle/oradata/FREE/pdbseed/sysaux01.dbf
input datafile file number=00002 name=/opt/oracle/oradata/FREE/pdbseed/system01.dbf
input datafile file number=00009 name=/opt/oracle/oradata/FREE/pdbseed/undotbs01.dbf
channel c1: starting piece 1 at 11-SEP-26
channel c1: finished piece 1 at 11-SEP-26
piece handle=/opt/oracle/xchange/backup/045u6qj5_4_1_1 tag=TAG20260911T081217 comment=NONE
channel c1: backup set complete, elapsed time: 00:00:01
Finished backup at 11-SEP-26

Starting backup at 11-SEP-26
current log archived
channel c1: starting archived log backup set
channel c1: specifying archived log(s) in backup set
input archived log thread=1 sequence=5 RECID=5 STAMP=1243671142
channel c1: starting piece 1 at 11-SEP-26
channel c1: finished piece 1 at 11-SEP-26
piece handle=/opt/oracle/xchange/backup/056u6qj6_5_1_1 tag=TAG20260911T081222 comment=NONE
channel c1: backup set complete, elapsed time: 00:00:01
Finished backup at 11-SEP-26

Starting Control File and SPFILE Autobackup at 11-SEP-26
piece handle=/opt/oracle/xchange/backup/cf_c-1515727551-20260911-00 comment=NONE
Finished Control File and SPFILE Autobackup at 11-SEP-26

released channel: c1


RMAN> EXIT


Recovery Manager complete.
2026-09-11 08:12:25 INFO  backup pieces in /opt/oracle/xchange/backup: 5, controlfile autobackups: 1

========================================================================
== Stage source keystore to /opt/oracle/xchange/wallet_prod
========================================================================
ewallet.p12 staged
total 8
drwxr-xr-x 3 oracle oinstall   96 Sep 11 08:12 .
drwxr-xr-x 4 oracle oinstall  128 Sep 11 08:12 ..
-rw------- 1 oracle oinstall 5091 Sep 11 08:12 ewallet.p12
2026-09-11 08:12:25 INFO  backup pieces on host: 6 file(s) in /Users/stefan.oehrli/Repos/own/oehrlis/oracle-free-labs/data/xchange/backup
2026-09-11 08:12:25 INFO  controlfile autobackup: cf_c-1515727551-20260911-00

Backup summary:
  DBID         : 1515727551
  Backup dir   : /opt/oracle/xchange/backup
  CF format    : /opt/oracle/xchange/backup/cf_%F
  Wallet staged: /opt/oracle/xchange/wallet_prod

------------------------------------------------------------------------
VERDICT: PASS - RMAN backup complete, source keystore staged
------------------------------------------------------------------------
2026-09-11 08:12:25 INFO  Done.

========================================================================
  STEP 20: Variant A: plain RESTORE with transported source keystore
  Script: /Users/stefan.oehrli/Repos/own/oehrlis/oracle-free-labs/scripts/tde-verify/tests/20_variant_a.sh
  Time:   2026-09-11 08:12:25
========================================================================
2026-09-11 08:12:25 INFO  Starting 20_variant_a.sh 0.1.0

========================================================================
== Step 20: Variant A - plain RESTORE with source keystore
========================================================================

========================================================================
== Reset odbencdev
========================================================================
2026-09-11 08:12:26 INFO  resetting service 'odbencdev' ...
 Container odbencdev Stopping 
 Container odbencdev Stopped 
 Container odbencdev Removing 
 Container odbencdev Removed 
 Network oracle-free-labs_default Removing 
 Network oracle-free-labs_default Resource is still in use 
2026-09-11 08:12:28 INFO  removing /Users/stefan.oehrli/Repos/own/oehrlis/oracle-free-labs/data/odbencdev
2026-09-11 08:12:28 INFO  restored tracked files under data/odbencdev
2026-09-11 08:12:28 INFO  service 'odbencdev' reset complete
2026-09-11 08:12:28 INFO  starting service 'odbencdev' ...
 Container odbencdev Creating 
 Container odbencdev Created 
 Container odbencdev Starting 
 Container odbencdev Started 
2026-09-11 08:12:29 INFO  waiting for odbencdev to be ready (timeout 600s) ...
2026-09-11 08:14:33 INFO  odbencdev is ready

========================================================================
== Clone via tde_clone.sh --variant a
========================================================================
2026-09-11 08:14:33 INFO  DBID: 1515727551
2026-09-11 08:14:33 INFO  Starting tde_clone.sh 0.1.0
2026-09-11 08:14:33 INFO  variant a: replacing the target keystore with the source keystore
2026-09-11 08:14:33 INFO  backing the target keystore up to /opt/oracle/xchange/wallet_dev_pristine
2026-09-11 08:14:33 INFO  backup verified, keystore file present and non-empty
2026-09-11 08:14:33 INFO  staging the source keystore into /opt/oracle/dbconfig/FREE/wallet
2026-09-11 08:14:33 INFO  shutting the target down and starting it NOMOUNT
Database closed.
Database dismounted.
ORACLE instance shut down.
ORACLE instance started.

Total System Global Area 1603392144 bytes
Fixed Size		    5026448 bytes
Variable Size		  419430400 bytes
Database Buffers	 1174405120 bytes
Redo Buffers		    4530176 bytes
2026-09-11 08:14:36 INFO  moving stale online redo logs to /opt/oracle/xchange/stale_redo_odbencdev
moved /opt/oracle/oradata/FREE/redo01.log
moved /opt/oracle/oradata/FREE/redo02.log
moved /opt/oracle/oradata/FREE/redo03.log
2026-09-11 08:14:37 INFO  restoring the source control file and mounting
2026-09-11 08:14:37 INFO  control file autobackup: cf_c-1515727551-20260911-00

Recovery Manager: Release 23.26.3.0.0 - Production on Fri Sep 11 08:14:37 2026
Version 23.26.3.0.0

Copyright (c) 1982, 2026, Oracle and/or its affiliates.  All rights reserved.

connected to target database: FREE (not mounted)

RMAN> 

RMAN> SET DBID 1515727551;
executing command: SET DBID


RMAN> RUN {
2>   ALLOCATE CHANNEL c1 DEVICE TYPE DISK;
3>   SET CONTROLFILE AUTOBACKUP FORMAT FOR DEVICE TYPE DISK TO '/opt/oracle/xchange/backup/cf_%F';
4>   RESTORE CONTROLFILE FROM '/opt/oracle/xchange/backup/cf_c-1515727551-20260911-00';
5>   ALTER DATABASE MOUNT;
6>   RELEASE CHANNEL c1;
7> }
using target database control file instead of recovery catalog
allocated channel: c1
channel c1: SID=162 device type=DISK

executing command: SET CONTROLFILE AUTOBACKUP FORMAT

Starting restore at 11-SEP-26

channel c1: restoring control file
channel c1: restore complete, elapsed time: 00:00:01
output file name=/opt/oracle/oradata/FREE/control01.ctl
output file name=/opt/oracle/oradata/FREE/control02.ctl
Finished restore at 11-SEP-26

Statement processed

released channel: c1


RMAN> EXIT


Recovery Manager complete.

Recovery Manager: Release 23.26.3.0.0 - Production on Fri Sep 11 08:14:39 2026
Version 23.26.3.0.0

Copyright (c) 1982, 2026, Oracle and/or its affiliates.  All rights reserved.

connected to target database: FREE (DBID=1515727551, not open)

RMAN> 

RMAN> CONFIGURE CONTROLFILE AUTOBACKUP FORMAT FOR DEVICE TYPE DISK TO '/opt/oracle/oradata/cf_target_%F';
using target database control file instead of recovery catalog
old RMAN configuration parameters:
CONFIGURE CONTROLFILE AUTOBACKUP FORMAT FOR DEVICE TYPE DISK TO '/opt/oracle/xchange/backup/cf_%F';
new RMAN configuration parameters:
CONFIGURE CONTROLFILE AUTOBACKUP FORMAT FOR DEVICE TYPE DISK TO '/opt/oracle/oradata/cf_target_%F';
new RMAN configuration parameters are successfully stored


RMAN> EXIT


Recovery Manager complete.
2026-09-11 08:14:39 INFO  opening the target keystore with the stored keystore password

    CON_ID STATUS	  WALLET_TYPE
---------- -------------- ----------------
	 1 OPEN 	  PASSWORD
2026-09-11 08:14:39 INFO  cataloging the backup pieces

Recovery Manager: Release 23.26.3.0.0 - Production on Fri Sep 11 08:14:40 2026
Version 23.26.3.0.0

Copyright (c) 1982, 2026, Oracle and/or its affiliates.  All rights reserved.

connected to target database: FREE (DBID=1515727551, not open)

RMAN> 

RMAN> RUN {
2>   ALLOCATE CHANNEL c1 DEVICE TYPE DISK;
3>   # No CATALOG: both containers see the exchange directory at the same path, so
4>   # the restored control file already knows the source pieces. Cataloging would
5>   # also pick up a previous clone's control file autobackup and its incarnation,
6>   # which makes recovery fail with ORA-19912.
7>   RELEASE CHANNEL c1;
8> }
using target database control file instead of recovery catalog
allocated channel: c1
channel c1: SID=4 device type=DISK

released channel: c1


RMAN> EXIT


Recovery Manager complete.
2026-09-11 08:14:40 INFO  restoring with: RESTORE DATABASE;
2026-09-11 08:14:40 INFO  recovery will stop before archived log sequence 6

Recovery Manager: Release 23.26.3.0.0 - Production on Fri Sep 11 08:14:41 2026
Version 23.26.3.0.0

Copyright (c) 1982, 2026, Oracle and/or its affiliates.  All rights reserved.

connected to target database: FREE (DBID=1515727551, not open)

RMAN> 

RMAN> RUN {
2>   ALLOCATE CHANNEL c1 DEVICE TYPE DISK;
3>   SET UNTIL SEQUENCE 6 THREAD 1;
4>   RESTORE DATABASE;
5>   RECOVER DATABASE;
6>   RELEASE CHANNEL c1;
7> }
using target database control file instead of recovery catalog
allocated channel: c1
channel c1: SID=38 device type=DISK

executing command: SET until clause (SEQUENCE)

Starting restore at 11-SEP-26

channel c1: starting datafile backup set restore
channel c1: specifying datafile(s) to restore from backup set
channel c1: restoring datafile 00001 to /opt/oracle/oradata/FREE/system01.dbf
channel c1: restoring datafile 00003 to /opt/oracle/oradata/FREE/sysaux01.dbf
channel c1: restoring datafile 00007 to /opt/oracle/oradata/FREE/users01.dbf
channel c1: restoring datafile 00011 to /opt/oracle/oradata/FREE/undotbs01.dbf
channel c1: reading from backup piece /opt/oracle/xchange/backup/021u6qj1_2_1_1
channel c1: piece handle=/opt/oracle/xchange/backup/021u6qj1_2_1_1 tag=TAG20260911T081217
channel c1: restored backup piece 1
channel c1: restore complete, elapsed time: 00:00:03
channel c1: starting datafile backup set restore
channel c1: specifying datafile(s) to restore from backup set
channel c1: restoring datafile 00016 to /opt/oracle/oradata/FREE/5B2FECF6497C1018E063020013AC1150/datafile/o1_mf_system_ob76rlm9_.dbf
channel c1: restoring datafile 00017 to /opt/oracle/oradata/FREE/5B2FECF6497C1018E063020013AC1150/datafile/o1_mf_sysaux_ob76rlmc_.dbf
channel c1: restoring datafile 00018 to /opt/oracle/oradata/FREE/5B2FECF6497C1018E063020013AC1150/datafile/o1_mf_undotbs1_ob76rlmc_.dbf
channel c1: restoring datafile 00019 to /opt/oracle/oradata/FREE/5B2FECF6497C1018E063020013AC1150/datafile/o1_mf_audit_da_ob76ro9y_.dbf
channel c1: restoring datafile 00020 to /opt/oracle/oradata/FREE/5B2FECF6497C1018E063020013AC1150/datafile/o1_mf_users_ob76s922_.dbf
channel c1: restoring datafile 00021 to /opt/oracle/oradata/FREE/5B2FECF6497C1018E063020013AC1150/datafile/o1_mf_canary_p_ob76xrkr_.dbf
channel c1: reading from backup piece /opt/oracle/xchange/backup/034u6qj4_3_1_1
channel c1: piece handle=/opt/oracle/xchange/backup/034u6qj4_3_1_1 tag=TAG20260911T081217
channel c1: restored backup piece 1
channel c1: restore complete, elapsed time: 00:00:03
channel c1: starting datafile backup set restore
channel c1: specifying datafile(s) to restore from backup set
channel c1: restoring datafile 00002 to /opt/oracle/oradata/FREE/pdbseed/system01.dbf
channel c1: restoring datafile 00004 to /opt/oracle/oradata/FREE/pdbseed/sysaux01.dbf
channel c1: restoring datafile 00009 to /opt/oracle/oradata/FREE/pdbseed/undotbs01.dbf
channel c1: reading from backup piece /opt/oracle/xchange/backup/045u6qj5_4_1_1
channel c1: piece handle=/opt/oracle/xchange/backup/045u6qj5_4_1_1 tag=TAG20260911T081217
channel c1: restored backup piece 1
channel c1: restore complete, elapsed time: 00:00:01
Finished restore at 11-SEP-26

Starting recover at 11-SEP-26
datafile 20 not processed because file is read-only
datafile 21 not processed because file is read-only

starting media recovery

channel c1: starting archived log restore to default destination
channel c1: restoring archived log
archived log thread=1 sequence=5
channel c1: reading from backup piece /opt/oracle/xchange/backup/056u6qj6_5_1_1
channel c1: piece handle=/opt/oracle/xchange/backup/056u6qj6_5_1_1 tag=TAG20260911T081222
channel c1: restored backup piece 1
channel c1: restore complete, elapsed time: 00:00:01
recovery status time_needed 2026-09-11 08:12:17
archived log file name=/opt/oracle/product/26ai/dbhomeFree/dbs/arch1_5_1243670912.dbf thread=1 sequence=5
media recovery complete, elapsed time: 00:00:00
Finished recover at 11-SEP-26

released channel: c1


RMAN> EXIT


Recovery Manager complete.
2026-09-11 08:14:50 INFO  opening the target with RESETLOGS

Database altered.


Pluggable database altered.


      DBID NAME      OPEN_MODE		  LOG_MODE
---------- --------- -------------------- ------------
1515727551 FREE      READ WRITE 	  ARCHIVELOG

2026-09-11 08:14:53 INFO  recreating the auto-login keystore on the target host

    CON_ID STATUS		WALLET_TYPE
---------- -------------------- ----------------
	 1 OPEN 		PASSWORD
	 2 CLOSED		UNKNOWN
	 4 OPEN 		PASSWORD
2026-09-11 08:14:53 INFO  target keystore open via local auto-login
2026-09-11 08:14:53 INFO  Done.

========================================================================
== Collect evidence set 'variant_a'
========================================================================
2026-09-11 08:14:53 INFO  collecting evidence set 'variant_a' from odbencdev
2026-09-11 08:14:53 INFO  Starting tde_evidence.sh 0.1.0
2026-09-11 08:14:53 INFO  evidence set 'variant_a' -> /Users/stefan.oehrli/Repos/own/oehrlis/oracle-free-labs/data/xchange/evidence/variant_a
2026-09-11 08:14:53 INFO  collecting key chain evidence from odbencdev (CDB$ROOT)

Session altered.

========================================================================
== TDE key chain evidence snapshot =====================================
========================================================================
== Identity of this database ===========================================

CONTAINER	     DB_NAME	  DB_UNIQUE_NAME	 DBID CREATED	LOG_MODE     OPEN_MODE
-------------------- ------------ ---------------- ---------- --------- ------------ --------------------
CDB$ROOT	     FREE	  FREE		   1515727551 11-SEP-26 ARCHIVELOG   READ WRITE

1 row selected.

== Keystore state from v$encryption_wallet =============================

WRL_TYPE WRL_PARAMETER								STATUS		   WALLET_TYPE	   KEYSTORE CON_ID
-------- ---------------------------------------------------------------------- ------------------ --------------- -------- ------
FILE	 /opt/oracle/dbconfig/FREE/wallet/tde/					OPEN		   PASSWORD	   NONE 	 1
FILE										CLOSED		   UNKNOWN	   UNITED	 2
FILE										OPEN		   PASSWORD	   UNITED	 4

3 rows selected.

== Master encryption keys from v$encryption_keys =======================

KEY_ID							 KEY_USE    KEYSTORE_TYPE  ORIGIN     BACKED_UP CREATION_TIME	       ACTIVATION_TIME
-------------------------------------------------------- ---------- -------------- ---------- --------- ---------------------- ----------------------
CREATOR_PDBNAME
--------------------------------------------------------------------------------------------------------------------------------
ACTIVATING_PDBNAME														 CON_ID
-------------------------------------------------------------------------------------------------------------------------------- ------
AQ7FWTcnsUu3pclAqq/hhXAAAAAAAAAAAAAAAAAAAAAAAAAAAAAA	 TDE IN PDB SOFTWARE KEYST LOCAL      YES	11.09.2026 06:09:41    11.09.2026 06:09:41
								    ORE
CDB$ROOT
CDB$ROOT															      1

AUSOiatlvkmSlZ5shmpLSQcAAAAAAAAAAAAAAAAAAAAAAAAAAAAA	 TDE IN PDB SOFTWARE KEYST LOCAL      NO	11.09.2026 06:09:44    11.09.2026 06:09:44
								    ORE
ODBENCPROD
ODBENCPROD															      4


2 rows selected.

== Tablespace key chain from v$encrypted_tablespaces ===================

TS_NAME 		    TS# ENCRYPTI ENC MASTERKEYID_HEX			KEY_VERSION STATUS	       ENCRYPTEDKEY_HEX 						  BLOCKS_ENCRYPTED BLOCKS_DECRYPTED CON_ID
-------------------- ---------- -------- --- ---------------------------------- ----------- ------------------ ------------------------------------------------------------------ ---------------- ---------------- ------
USERS			      6 AES256	 YES 448E89AB65BE4992959E6C866A4B4907		  1 NORMAL	       7C410458C6D61BBDAFBE556CD21EEE9BD71CA73898BFEC48EFFADDBD0E112BC6 		 0		  1	 4

1 row selected.

== Full v$encrypted_tablespaces row (version specific columns) =========

       TS# ENCRYPTI ENC ENCRYPTEDKEY							 MASTERKEYID			  BLOCKS_ENCRYPTED BLOCKS_DECRYPTED KEY_VERSION STATUS		   CIPHERMODE	 CON_ID
---------- -------- --- ---------------------------------------------------------------- -------------------------------- ---------------- ---------------- ----------- ------------------ ------------- ------
	 6 AES256   YES 7C410458C6D61BBDAFBE556CD21EEE9BD71CA73898BFEC48EFFADDBD0E112BC6 448E89AB65BE4992959E6C866A4B4907		 0		  1	      1 NORMAL		   XTS		      4

1 row selected.

== Implicit database key for SYSTEM / UNDO / TEMP ======================

ENCRYPTI ENCRYPTEDKEY											  MASTERKEYID			   MAS CIPHERMODE    CON_ID
-------- ------------------------------------------------------------------------------------------------ -------------------------------- --- ------------- ------
AES256	 81F7D08AB56A93F523D0ACB637C596CD9A705599B83317711A979673B0E2B39E00000000000000000000000000000000 0EC5593727B14BB7A5C940AAAFE18570 YES XTS		  1
NONE	 000000000000000000000000000000000000000000000000000000000000000000000000000000000000000000000000 00000000000000000000000000000000 NO  CFB		  2
AES256	 1ED5109A6BD3E2A194C242DB7CF60AE375BB92101258E6B2E81EAECB714E1FC700000000000000000000000000000000 448E89AB65BE4992959E6C866A4B4907 YES XTS		  4

3 rows selected.

== Datafiles of encrypted tablespaces ==================================

no rows selected

2026-09-11 08:14:53 INFO  collecting key chain evidence from odbencdev (PDB ODBENCPROD)

Session altered.


Session altered.

========================================================================
== TDE key chain evidence snapshot =====================================
========================================================================
== Identity of this database ===========================================

CONTAINER	     DB_NAME	  DB_UNIQUE_NAME	 DBID CREATED	LOG_MODE     OPEN_MODE
-------------------- ------------ ---------------- ---------- --------- ------------ --------------------
ODBENCPROD	     FREE	  FREE		   1515727551 11-SEP-26 ARCHIVELOG   READ WRITE

1 row selected.

== Keystore state from v$encryption_wallet =============================

WRL_TYPE WRL_PARAMETER								STATUS		   WALLET_TYPE	   KEYSTORE CON_ID
-------- ---------------------------------------------------------------------- ------------------ --------------- -------- ------
FILE										OPEN		   PASSWORD	   UNITED	 4

1 row selected.

== Master encryption keys from v$encryption_keys =======================

KEY_ID							 KEY_USE    KEYSTORE_TYPE  ORIGIN     BACKED_UP CREATION_TIME	       ACTIVATION_TIME
-------------------------------------------------------- ---------- -------------- ---------- --------- ---------------------- ----------------------
CREATOR_PDBNAME
--------------------------------------------------------------------------------------------------------------------------------
ACTIVATING_PDBNAME														 CON_ID
-------------------------------------------------------------------------------------------------------------------------------- ------
AUSOiatlvkmSlZ5shmpLSQcAAAAAAAAAAAAAAAAAAAAAAAAAAAAA	 TDE IN PDB SOFTWARE KEYST LOCAL      NO	11.09.2026 06:09:44    11.09.2026 06:09:44
								    ORE
ODBENCPROD
ODBENCPROD															      4


1 row selected.

== Tablespace key chain from v$encrypted_tablespaces ===================

TS_NAME 		    TS# ENCRYPTI ENC MASTERKEYID_HEX			KEY_VERSION STATUS	       ENCRYPTEDKEY_HEX 						  BLOCKS_ENCRYPTED BLOCKS_DECRYPTED CON_ID
-------------------- ---------- -------- --- ---------------------------------- ----------- ------------------ ------------------------------------------------------------------ ---------------- ---------------- ------
USERS			      6 AES256	 YES 448E89AB65BE4992959E6C866A4B4907		  1 NORMAL	       7C410458C6D61BBDAFBE556CD21EEE9BD71CA73898BFEC48EFFADDBD0E112BC6 		 0		  1	 4

1 row selected.

== Full v$encrypted_tablespaces row (version specific columns) =========

       TS# ENCRYPTI ENC ENCRYPTEDKEY							 MASTERKEYID			  BLOCKS_ENCRYPTED BLOCKS_DECRYPTED KEY_VERSION STATUS		   CIPHERMODE	 CON_ID
---------- -------- --- ---------------------------------------------------------------- -------------------------------- ---------------- ---------------- ----------- ------------------ ------------- ------
	 6 AES256   YES 7C410458C6D61BBDAFBE556CD21EEE9BD71CA73898BFEC48EFFADDBD0E112BC6 448E89AB65BE4992959E6C866A4B4907		 0		  1	      1 NORMAL		   XTS		      4

1 row selected.

== Implicit database key for SYSTEM / UNDO / TEMP ======================

ENCRYPTI ENCRYPTEDKEY											  MASTERKEYID			   MAS CIPHERMODE    CON_ID
-------- ------------------------------------------------------------------------------------------------ -------------------------------- --- ------------- ------
AES256	 1ED5109A6BD3E2A194C242DB7CF60AE375BB92101258E6B2E81EAECB714E1FC700000000000000000000000000000000 448E89AB65BE4992959E6C866A4B4907 YES XTS		  4

1 row selected.

== Datafiles of encrypted tablespaces ==================================

TS_NAME 	     RELATIVE_FNO FILE_NAME								     BLOCKS BLOCK_SIZE	    BYTES
-------------------- ------------ ---------------------------------------------------------------------- ---------- ---------- ----------
USERS			     1024 /opt/oracle/oradata/FREE/5B2FECF6497C1018E063020013AC1150/datafile/o1_       2560	  8192	 20971520
				  mf_users_ob76s922_.dbf


1 row selected.

2026-09-11 08:14:54 INFO  listing datafiles of tablespace USERS in PDB ODBENCPROD
2026-09-11 08:14:54 INFO  found 1 datafile(s)
2026-09-11 08:14:54 INFO  fingerprinting o1_mf_users_ob76s922_.dbf (block size 8192)
wrote /Users/stefan.oehrli/Repos/own/oehrlis/oracle-free-labs/data/xchange/evidence/variant_a/o1_mf_users_ob76s922_.dbf.fp
2026-09-11 08:14:54 INFO  scanning o1_mf_users_ob76s922_.dbf for the clear-text marker
no hits - needle not present as plaintext in this datafile
2026-09-11 08:14:55 INFO  manifest written to /Users/stefan.oehrli/Repos/own/oehrlis/oracle-free-labs/data/xchange/evidence/variant_a/manifest.txt
2026-09-11 08:14:55 INFO  Done.

========================================================================
== Compare 'variant_a' vs 'baseline'
========================================================================
2026-09-11 08:14:55 INFO  comparing evidence sets 'baseline' vs 'variant_a'
2026-09-11 08:14:55 INFO  Starting tde_evidence.sh 0.1.0

== Block-level ciphertext comparison ==
A: baseline/o1_mf_users_ob76s922_.dbf.fp
B: variant_a/o1_mf_users_ob76s922_.dbf.fp
block_size A/B: 8192/8192
blocks compared: 2561
identical: 1271
differing: 1290
first differing blocks: [0, 1, 771, 772, 773, 774, 775, 788, 789, 790, 791, 796, 797, 798, 799, 812, 813, 814, 815, 828]
... and 1270 more
verdict: MIXED - 1290 of 2561 blocks changed; inspect which ranges differ before drawing a conclusion
2026-09-11 08:14:55 INFO  compared 1 datafile(s)
2026-09-11 08:14:55 INFO  Done.
canary blocks:   identical 313 differing 0 total 313
2026-09-11 08:14:56 INFO  clone DBID: 1515727551 (source: 1515727551)

Key summary for variant_a (clone):
  MASTERKEYID : 448E89AB65BE4992959E6C866A4B4907
  Wrapped TEK : 7C410458C6D61BBDAFBE556CD21EEE9BD71CA73898BFEC48EFFADDBD0E112BC6

Key summary for baseline  (source):
  MASTERKEYID : 448E89AB65BE4992959E6C866A4B4907
  Wrapped TEK : 7C410458C6D61BBDAFBE556CD21EEE9BD71CA73898BFEC48EFFADDBD0E112BC6

TEK comparison: IDENTICAL
MASTERKEYID:    IDENTICAL

------------------------------------------------------------------------
VERDICT: PASS - TEK IDENTICAL and canary ciphertext IDENTICAL (identical 313 differing 0 total 313) - pure re-wrap, no new TEK (expected for variant A)
------------------------------------------------------------------------
2026-09-11 08:14:56 INFO  Done.

========================================================================
  STEP 30: Variant B2: AS ENCRYPTED USING KEY without prod MEK
  Script: /Users/stefan.oehrli/Repos/own/oehrlis/oracle-free-labs/scripts/tde-verify/tests/30_variant_b2.sh
  Time:   2026-09-11 08:14:57
========================================================================
2026-09-11 08:14:57 INFO  Starting 30_variant_b2.sh 0.1.0

========================================================================
== Step 30: Variant B2 - AS ENCRYPTED without prod MEK
========================================================================

========================================================================
== Reset odbencdev
========================================================================
2026-09-11 08:14:57 INFO  resetting service 'odbencdev' ...
 Container odbencdev Stopping 
 Container odbencdev Stopped 
 Container odbencdev Removing 
 Container odbencdev Removed 
 Network oracle-free-labs_default Removing 
 Network oracle-free-labs_default Resource is still in use 
2026-09-11 08:15:00 INFO  removing /Users/stefan.oehrli/Repos/own/oehrlis/oracle-free-labs/data/odbencdev
2026-09-11 08:15:00 INFO  restored tracked files under data/odbencdev
2026-09-11 08:15:00 INFO  service 'odbencdev' reset complete
2026-09-11 08:15:00 INFO  starting service 'odbencdev' ...
 Container odbencdev Creating 
 Container odbencdev Created 
 Container odbencdev Starting 
 Container odbencdev Started 
2026-09-11 08:15:00 INFO  waiting for odbencdev to be ready (timeout 600s) ...
2026-09-11 08:17:04 INFO  odbencdev is ready

========================================================================
== Create dev-own MEK (no prod MEK)
========================================================================
2026-09-11 08:17:04 INFO  dev key ID: Aa6EWpRcxkjWsehA...

========================================================================
== Attempt RESTORE AS ENCRYPTED USING KEY (expected to fail)
========================================================================
2026-09-11 08:17:05 INFO  DBID: 1515727551, dev key: Aa6EWpRcxkjWsehA...
2026-09-11 08:17:05 INFO  Starting tde_clone.sh 0.1.0
2026-09-11 08:17:05 INFO  variant b2: target keystore holds only its own MEK, source MEK absent
2026-09-11 08:17:05 INFO  shutting the target down and starting it NOMOUNT
Database closed.
Database dismounted.
ORACLE instance shut down.
ORACLE instance started.

Total System Global Area 1603392144 bytes
Fixed Size		    5026448 bytes
Variable Size		  419430400 bytes
Database Buffers	 1174405120 bytes
Redo Buffers		    4530176 bytes
2026-09-11 08:17:07 INFO  moving stale online redo logs to /opt/oracle/xchange/stale_redo_odbencdev
moved /opt/oracle/oradata/FREE/redo01.log
moved /opt/oracle/oradata/FREE/redo02.log
moved /opt/oracle/oradata/FREE/redo03.log
2026-09-11 08:17:08 INFO  restoring the source control file and mounting
2026-09-11 08:17:08 INFO  control file autobackup: cf_c-1515727551-20260911-00

Recovery Manager: Release 23.26.3.0.0 - Production on Fri Sep 11 08:17:08 2026
Version 23.26.3.0.0

Copyright (c) 1982, 2026, Oracle and/or its affiliates.  All rights reserved.

connected to target database: FREE (not mounted)

RMAN> 

RMAN> SET DBID 1515727551;
executing command: SET DBID


RMAN> RUN {
2>   ALLOCATE CHANNEL c1 DEVICE TYPE DISK;
3>   SET CONTROLFILE AUTOBACKUP FORMAT FOR DEVICE TYPE DISK TO '/opt/oracle/xchange/backup/cf_%F';
4>   RESTORE CONTROLFILE FROM '/opt/oracle/xchange/backup/cf_c-1515727551-20260911-00';
5>   ALTER DATABASE MOUNT;
6>   RELEASE CHANNEL c1;
7> }
using target database control file instead of recovery catalog
allocated channel: c1
channel c1: SID=4 device type=DISK

executing command: SET CONTROLFILE AUTOBACKUP FORMAT

Starting restore at 11-SEP-26

channel c1: restoring control file
channel c1: restore complete, elapsed time: 00:00:01
output file name=/opt/oracle/oradata/FREE/control01.ctl
output file name=/opt/oracle/oradata/FREE/control02.ctl
Finished restore at 11-SEP-26

Statement processed

released channel: c1


RMAN> EXIT


Recovery Manager complete.

Recovery Manager: Release 23.26.3.0.0 - Production on Fri Sep 11 08:17:10 2026
Version 23.26.3.0.0

Copyright (c) 1982, 2026, Oracle and/or its affiliates.  All rights reserved.

connected to target database: FREE (DBID=1515727551, not open)

RMAN> 

RMAN> CONFIGURE CONTROLFILE AUTOBACKUP FORMAT FOR DEVICE TYPE DISK TO '/opt/oracle/oradata/cf_target_%F';
using target database control file instead of recovery catalog
old RMAN configuration parameters:
CONFIGURE CONTROLFILE AUTOBACKUP FORMAT FOR DEVICE TYPE DISK TO '/opt/oracle/xchange/backup/cf_%F';
new RMAN configuration parameters:
CONFIGURE CONTROLFILE AUTOBACKUP FORMAT FOR DEVICE TYPE DISK TO '/opt/oracle/oradata/cf_target_%F';
new RMAN configuration parameters are successfully stored


RMAN> EXIT


Recovery Manager complete.
2026-09-11 08:17:11 INFO  opening the target keystore with the stored keystore password

    CON_ID STATUS	  WALLET_TYPE
---------- -------------- ----------------
	 1 OPEN 	  PASSWORD
2026-09-11 08:17:11 INFO  cataloging the backup pieces

Recovery Manager: Release 23.26.3.0.0 - Production on Fri Sep 11 08:17:11 2026
Version 23.26.3.0.0

Copyright (c) 1982, 2026, Oracle and/or its affiliates.  All rights reserved.

connected to target database: FREE (DBID=1515727551, not open)

RMAN> 

RMAN> RUN {
2>   ALLOCATE CHANNEL c1 DEVICE TYPE DISK;
3>   # No CATALOG: both containers see the exchange directory at the same path, so
4>   # the restored control file already knows the source pieces. Cataloging would
5>   # also pick up a previous clone's control file autobackup and its incarnation,
6>   # which makes recovery fail with ORA-19912.
7>   RELEASE CHANNEL c1;
8> }
using target database control file instead of recovery catalog
allocated channel: c1
channel c1: SID=162 device type=DISK

released channel: c1


RMAN> EXIT


Recovery Manager complete.
2026-09-11 08:17:12 INFO  restoring with: RESTORE DATABASE AS ENCRYPTED USING KEY 'Aa6EWpRcxkjWsehAAfYHFMoAAAAAAAAAAAAAAAAAAAAAAAAAAAAA';
2026-09-11 08:17:12 INFO  recovery will stop before archived log sequence 6

Recovery Manager: Release 23.26.3.0.0 - Production on Fri Sep 11 08:17:12 2026
Version 23.26.3.0.0

Copyright (c) 1982, 2026, Oracle and/or its affiliates.  All rights reserved.

connected to target database: FREE (DBID=1515727551, not open)

RMAN> 

RMAN> RUN {
2>   ALLOCATE CHANNEL c1 DEVICE TYPE DISK;
3>   SET UNTIL SEQUENCE 6 THREAD 1;
4>   RESTORE DATABASE AS ENCRYPTED USING KEY 'Aa6EWpRcxkjWsehAAfYHFMoAAAAAAAAAAAAAAAAAAAAAAAAAAAAA';
5>   RECOVER DATABASE;
6>   RELEASE CHANNEL c1;
7> }
using target database control file instead of recovery catalog
allocated channel: c1
channel c1: SID=197 device type=DISK

executing command: SET until clause (SEQUENCE)

Starting restore at 11-SEP-26

channel c1: starting datafile backup set restore
channel c1: specifying datafile(s) to restore from backup set
channel c1: restoring datafile 00001 to /opt/oracle/oradata/FREE/system01.dbf
channel c1: restoring datafile 00003 to /opt/oracle/oradata/FREE/sysaux01.dbf
channel c1: restoring datafile 00007 to /opt/oracle/oradata/FREE/users01.dbf
channel c1: restoring datafile 00011 to /opt/oracle/oradata/FREE/undotbs01.dbf
channel c1: reading from backup piece /opt/oracle/xchange/backup/021u6qj1_2_1_1
RMAN Command Id : 2026-09-11T08:17:12
RMAN Command Id : 2026-09-11T08:17:12
released channel: c1
RMAN-00571: ===========================================================
RMAN-00569: =============== ERROR MESSAGE STACK FOLLOWS ===============
RMAN-00571: ===========================================================
RMAN-03002: failure of restore command at 09/11/2026 08:17:14
ORA-19870: error while restoring backup piece /opt/oracle/xchange/backup/021u6qj1_2_1_1
ORA-28374: typed master key not found in wallet
RMAN Client Diagnostic Trace file : /opt/oracle/diag/clients/user_oracle/RMAN_2145370381_116/trace/ora_rman_5277_0.trc
RMAN Server Diagnostic Trace file : /opt/oracle/diag/rdbms/free/FREE/trace/FREE_ora_5294.trc
RMAN Server Diagnostic Trace file : /opt/oracle/diag/rdbms/free/FREE/trace/FREE_ora_5288.trc


RMAN> EXIT


Recovery Manager complete.

========================================================================
== Result
========================================================================

------------------------------------------------------------------------
VERDICT: PASS - RMAN failed as expected (exit 1): ORA-19870/ORA-28374 without prod MEK
------------------------------------------------------------------------
2026-09-11 08:17:15 INFO  Done.

========================================================================
  STEP 35: Variant B1: AS ENCRYPTED USING KEY with prod MEK
  Script: /Users/stefan.oehrli/Repos/own/oehrlis/oracle-free-labs/scripts/tde-verify/tests/35_variant_b1.sh
  Time:   2026-09-11 08:17:15
========================================================================
2026-09-11 08:17:15 INFO  Starting 35_variant_b1.sh 0.1.0

========================================================================
== Step 35: Variant B1 - AS ENCRYPTED with prod MEK + new dev MEK
========================================================================

========================================================================
== Reset odbencdev
========================================================================
2026-09-11 08:17:16 INFO  resetting service 'odbencdev' ...
 Container odbencdev Stopping 
 Container odbencdev Stopped 
 Container odbencdev Removing 
 Container odbencdev Removed 
 Network oracle-free-labs_default Removing 
 Network oracle-free-labs_default Resource is still in use 
2026-09-11 08:17:17 INFO  removing /Users/stefan.oehrli/Repos/own/oehrlis/oracle-free-labs/data/odbencdev
2026-09-11 08:17:17 INFO  restored tracked files under data/odbencdev
2026-09-11 08:17:17 INFO  service 'odbencdev' reset complete
2026-09-11 08:17:17 INFO  starting service 'odbencdev' ...
 Container odbencdev Creating 
 Container odbencdev Created 
 Container odbencdev Starting 
 Container odbencdev Started 
2026-09-11 08:17:18 INFO  waiting for odbencdev to be ready (timeout 600s) ...
2026-09-11 08:19:22 INFO  odbencdev is ready

========================================================================
== Attempt RESTORE AS ENCRYPTED USING KEY (prod MEK present)
========================================================================
2026-09-11 08:19:22 INFO  DBID: 1515727551
2026-09-11 08:19:22 INFO  Starting tde_clone.sh 0.1.0
2026-09-11 08:19:22 ERROR --key is required for variant b1

========================================================================
== Result
========================================================================

------------------------------------------------------------------------
VERDICT: PASS - RMAN failed as expected (exit 1): ORA-00600 on encrypted source datafile
------------------------------------------------------------------------
2026-09-11 08:19:22 INFO  Done.

========================================================================
  STEP 40: Variant C: DUPLICATE ... AS ENCRYPTED
  Script: /Users/stefan.oehrli/Repos/own/oehrlis/oracle-free-labs/scripts/tde-verify/tests/40_variant_c.sh
  Time:   2026-09-11 08:19:22
========================================================================
2026-09-11 08:19:22 INFO  Starting 40_variant_c.sh 0.1.0

========================================================================
== Step 40: Variant C - DUPLICATE ... AS ENCRYPTED
========================================================================

========================================================================
== Reset odbencdev (required for DUPLICATE)
========================================================================
2026-09-11 08:19:22 INFO  resetting service 'odbencdev' ...
 Container odbencdev Stopping 
 Container odbencdev Stopped 
 Container odbencdev Removing 
 Container odbencdev Removed 
 Network oracle-free-labs_default Removing 
 Network oracle-free-labs_default Resource is still in use 
2026-09-11 08:19:25 INFO  removing /Users/stefan.oehrli/Repos/own/oehrlis/oracle-free-labs/data/odbencdev
2026-09-11 08:19:25 INFO  restored tracked files under data/odbencdev
2026-09-11 08:19:25 INFO  service 'odbencdev' reset complete
2026-09-11 08:19:25 INFO  starting service 'odbencdev' ...
 Container odbencdev Creating 
 Container odbencdev Created 
 Container odbencdev Starting 
 Container odbencdev Started 
2026-09-11 08:19:26 INFO  waiting for odbencdev to be ready (timeout 600s) ...
2026-09-11 08:21:19 INFO  odbencdev is ready

========================================================================
== DUPLICATE DATABASE ... AS ENCRYPTED
========================================================================
2026-09-11 08:21:19 INFO  DBID: 1515727551
2026-09-11 08:21:19 INFO  Starting tde_clone.sh 0.1.0
2026-09-11 08:21:19 INFO  variant c: staging the source keystore on the auxiliary
2026-09-11 08:21:20 INFO  recreating the auto-login keystore on the target host

    CON_ID STATUS		WALLET_TYPE
---------- -------------------- ----------------
	 1 OPEN 		LOCAL_AUTOLOGIN
	 2 OPEN 		LOCAL_AUTOLOGIN
	 3 OPEN_NO_MASTER_KEY	LOCAL_AUTOLOGIN
2026-09-11 08:21:20 INFO  target keystore open via local auto-login
2026-09-11 08:21:20 INFO  shutting the auxiliary down and starting it NOMOUNT
Database closed.
Database dismounted.
ORACLE instance shut down.
ORACLE instance started.

Total System Global Area 1603392144 bytes
Fixed Size		    5026448 bytes
Variable Size		  419430400 bytes
Database Buffers	 1174405120 bytes
Redo Buffers		    4530176 bytes

STATUS
------------
STARTED

2026-09-11 08:21:23 INFO  moving stale online redo logs to /opt/oracle/xchange/stale_redo_odbencdev
moved /opt/oracle/oradata/FREE/redo01.log
moved /opt/oracle/oradata/FREE/redo02.log
moved /opt/oracle/oradata/FREE/redo03.log
2026-09-11 08:21:24 INFO  DUPLICATE DATABASE ... BACKUP LOCATION ... AS ENCRYPTED

Recovery Manager: Release 23.26.3.0.0 - Production on Fri Sep 11 08:21:24 2026
Version 23.26.3.0.0

Copyright (c) 1982, 2026, Oracle and/or its affiliates.  All rights reserved.

RMAN> 

RMAN> connect auxiliary *
connected to auxiliary database: FREE (not mounted)

RMAN> DUPLICATE DATABASE TO FREE
2>   BACKUP LOCATION '/opt/oracle/xchange/backup'
3>   NOFILENAMECHECK
4>   AS ENCRYPTED;
Starting Duplicate Db at 11-SEP-26
Starting Search Files at 11-SEP-26
Finished Search Files at 11-SEP-26
searching for database ID
found backup of database ID 1515727551

contents of Memory Script:
{
   sql clone "alter system set  db_name = 
 ''FREE'' comment=
 ''Modified by RMAN duplicate'' scope=spfile";
   sql clone "alter system set  db_unique_name = 
 ''FREE'' comment=
 ''Modified by RMAN duplicate'' scope=spfile";
   shutdown clone immediate;
   startup clone force nomount
   restore clone primary controlfile from  '/opt/oracle/xchange/backup/cf_c-1515727551-20260911-00';
   alter clone database mount;
}
executing Memory Script

sql statement: alter system set  db_name =  ''FREE'' comment= ''Modified by RMAN duplicate'' scope=spfile

sql statement: alter system set  db_unique_name =  ''FREE'' comment= ''Modified by RMAN duplicate'' scope=spfile

Oracle instance shut down

Oracle instance started

Total System Global Area    1603392144 bytes

Fixed Size                     5026448 bytes
Variable Size                419430400 bytes
Database Buffers            1174405120 bytes
Redo Buffers                   4530176 bytes

Starting restore at 11-SEP-26
allocated channel: ORA_AUX_DISK_1
channel ORA_AUX_DISK_1: SID=39 device type=DISK

channel ORA_AUX_DISK_1: restoring control file
channel ORA_AUX_DISK_1: restore complete, elapsed time: 00:00:01
output file name=/opt/oracle/oradata/FREE/control01.ctl
output file name=/opt/oracle/oradata/FREE/control02.ctl
Finished restore at 11-SEP-26

database mounted
released channel: ORA_AUX_DISK_1
Starting Search Files at 11-SEP-26
Finished Search Files at 11-SEP-26
allocated channel: ORA_AUX_DISK_1
channel ORA_AUX_DISK_1: SID=39 device type=DISK
RMAN-05158: WARNING: auxiliary (logfile) file name /opt/oracle/oradata/FREE/redo01.log conflicts with a file used by the target database
RMAN-05158: WARNING: auxiliary (logfile) file name /opt/oracle/oradata/FREE/redo02.log conflicts with a file used by the target database
RMAN-05158: WARNING: auxiliary (logfile) file name /opt/oracle/oradata/FREE/redo03.log conflicts with a file used by the target database
RMAN-05158: WARNING: auxiliary (datafile) file name /opt/oracle/oradata/FREE/system01.dbf conflicts with a file used by the target database
RMAN-05158: WARNING: auxiliary (datafile) file name /opt/oracle/oradata/FREE/pdbseed/system01.dbf conflicts with a file used by the target database
RMAN-05158: WARNING: auxiliary (datafile) file name /opt/oracle/oradata/FREE/sysaux01.dbf conflicts with a file used by the target database
RMAN-05158: WARNING: auxiliary (datafile) file name /opt/oracle/oradata/FREE/pdbseed/sysaux01.dbf conflicts with a file used by the target database
RMAN-05158: WARNING: auxiliary (datafile) file name /opt/oracle/oradata/FREE/users01.dbf conflicts with a file used by the target database
RMAN-05158: WARNING: auxiliary (datafile) file name /opt/oracle/oradata/FREE/pdbseed/undotbs01.dbf conflicts with a file used by the target database
RMAN-05158: WARNING: auxiliary (datafile) file name /opt/oracle/oradata/FREE/undotbs01.dbf conflicts with a file used by the target database
RMAN-05158: WARNING: auxiliary (datafile) file name /opt/oracle/oradata/FREE/5B2FECF6497C1018E063020013AC1150/datafile/o1_mf_system_ob76rlm9_.dbf conflicts with a file used by the target database
RMAN-05158: WARNING: auxiliary (datafile) file name /opt/oracle/oradata/FREE/5B2FECF6497C1018E063020013AC1150/datafile/o1_mf_sysaux_ob76rlmc_.dbf conflicts with a file used by the target database
RMAN-05158: WARNING: auxiliary (datafile) file name /opt/oracle/oradata/FREE/5B2FECF6497C1018E063020013AC1150/datafile/o1_mf_undotbs1_ob76rlmc_.dbf conflicts with a file used by the target database
RMAN-05158: WARNING: auxiliary (datafile) file name /opt/oracle/oradata/FREE/5B2FECF6497C1018E063020013AC1150/datafile/o1_mf_audit_da_ob76ro9y_.dbf conflicts with a file used by the target database
RMAN-05158: WARNING: auxiliary (datafile) file name /opt/oracle/oradata/FREE/5B2FECF6497C1018E063020013AC1150/datafile/o1_mf_users_ob76s922_.dbf conflicts with a file used by the target database
RMAN-05158: WARNING: auxiliary (datafile) file name /opt/oracle/oradata/FREE/5B2FECF6497C1018E063020013AC1150/datafile/o1_mf_canary_p_ob76xrkr_.dbf conflicts with a file used by the target database
RMAN-05158: WARNING: auxiliary (tempfile) file name /opt/oracle/oradata/FREE/temp01.dbf conflicts with a file used by the target database
RMAN-05158: WARNING: auxiliary (tempfile) file name /opt/oracle/oradata/FREE/pdbseed/temp01.dbf conflicts with a file used by the target database
RMAN-05158: WARNING: auxiliary (tempfile) file name /opt/oracle/oradata/FREE/5B2FECF6497C1018E063020013AC1150/datafile/o1_mf_temp_ob76rlmd_.dbf conflicts with a file used by the target database

contents of Memory Script:
{
   set until scn  3971833;
   set newname for datafile  1 to 
 "/opt/oracle/oradata/FREE/system01.dbf";
   set newname for datafile  2 to 
 "/opt/oracle/oradata/FREE/pdbseed/system01.dbf";
   set newname for datafile  3 to 
 "/opt/oracle/oradata/FREE/sysaux01.dbf";
   set newname for datafile  4 to 
 "/opt/oracle/oradata/FREE/pdbseed/sysaux01.dbf";
   set newname for datafile  7 to 
 "/opt/oracle/oradata/FREE/users01.dbf";
   set newname for datafile  9 to 
 "/opt/oracle/oradata/FREE/pdbseed/undotbs01.dbf";
   set newname for datafile  11 to 
 "/opt/oracle/oradata/FREE/undotbs01.dbf";
   set newname for datafile  16 to 
 "/opt/oracle/oradata/FREE/5B2FECF6497C1018E063020013AC1150/datafile/o1_mf_system_ob76rlm9_.dbf";
   set newname for datafile  17 to 
 "/opt/oracle/oradata/FREE/5B2FECF6497C1018E063020013AC1150/datafile/o1_mf_sysaux_ob76rlmc_.dbf";
   set newname for datafile  18 to 
 "/opt/oracle/oradata/FREE/5B2FECF6497C1018E063020013AC1150/datafile/o1_mf_undotbs1_ob76rlmc_.dbf";
   set newname for datafile  19 to 
 "/opt/oracle/oradata/FREE/5B2FECF6497C1018E063020013AC1150/datafile/o1_mf_audit_da_ob76ro9y_.dbf";
   set newname for datafile  20 to 
 "/opt/oracle/oradata/FREE/5B2FECF6497C1018E063020013AC1150/datafile/o1_mf_users_ob76s922_.dbf";
   set newname for datafile  21 to 
 "/opt/oracle/oradata/FREE/5B2FECF6497C1018E063020013AC1150/datafile/o1_mf_canary_p_ob76xrkr_.dbf";
   restore
   as encrypted 
   clone database
   ;
}
executing Memory Script

executing command: SET until clause (SCN)

executing command: SET NEWNAME

executing command: SET NEWNAME

executing command: SET NEWNAME

executing command: SET NEWNAME

executing command: SET NEWNAME

executing command: SET NEWNAME

executing command: SET NEWNAME

executing command: SET NEWNAME

executing command: SET NEWNAME

executing command: SET NEWNAME

executing command: SET NEWNAME

executing command: SET NEWNAME

executing command: SET NEWNAME

Starting restore at 11-SEP-26
using channel ORA_AUX_DISK_1

channel ORA_AUX_DISK_1: starting datafile backup set restore
channel ORA_AUX_DISK_1: specifying datafile(s) to restore from backup set
channel ORA_AUX_DISK_1: restoring datafile 00001 to /opt/oracle/oradata/FREE/system01.dbf
channel ORA_AUX_DISK_1: restoring datafile 00003 to /opt/oracle/oradata/FREE/sysaux01.dbf
channel ORA_AUX_DISK_1: restoring datafile 00007 to /opt/oracle/oradata/FREE/users01.dbf
channel ORA_AUX_DISK_1: restoring datafile 00011 to /opt/oracle/oradata/FREE/undotbs01.dbf
channel ORA_AUX_DISK_1: reading from backup piece /opt/oracle/xchange/backup/021u6qj1_2_1_1
channel ORA_AUX_DISK_1: piece handle=/opt/oracle/xchange/backup/021u6qj1_2_1_1 tag=TAG20260911T081217
channel ORA_AUX_DISK_1: restored backup piece 1
channel ORA_AUX_DISK_1: restore complete, elapsed time: 00:00:03
channel ORA_AUX_DISK_1: starting datafile backup set restore
channel ORA_AUX_DISK_1: specifying datafile(s) to restore from backup set
channel ORA_AUX_DISK_1: restoring datafile 00002 to /opt/oracle/oradata/FREE/pdbseed/system01.dbf
channel ORA_AUX_DISK_1: restoring datafile 00004 to /opt/oracle/oradata/FREE/pdbseed/sysaux01.dbf
channel ORA_AUX_DISK_1: restoring datafile 00009 to /opt/oracle/oradata/FREE/pdbseed/undotbs01.dbf
channel ORA_AUX_DISK_1: reading from backup piece /opt/oracle/xchange/backup/045u6qj5_4_1_1
channel ORA_AUX_DISK_1: piece handle=/opt/oracle/xchange/backup/045u6qj5_4_1_1 tag=TAG20260911T081217
channel ORA_AUX_DISK_1: restored backup piece 1
channel ORA_AUX_DISK_1: restore complete, elapsed time: 00:00:01
channel ORA_AUX_DISK_1: starting datafile backup set restore
channel ORA_AUX_DISK_1: specifying datafile(s) to restore from backup set
channel ORA_AUX_DISK_1: restoring datafile 00016 to /opt/oracle/oradata/FREE/5B2FECF6497C1018E063020013AC1150/datafile/o1_mf_system_ob76rlm9_.dbf
channel ORA_AUX_DISK_1: restoring datafile 00017 to /opt/oracle/oradata/FREE/5B2FECF6497C1018E063020013AC1150/datafile/o1_mf_sysaux_ob76rlmc_.dbf
channel ORA_AUX_DISK_1: restoring datafile 00018 to /opt/oracle/oradata/FREE/5B2FECF6497C1018E063020013AC1150/datafile/o1_mf_undotbs1_ob76rlmc_.dbf
channel ORA_AUX_DISK_1: restoring datafile 00019 to /opt/oracle/oradata/FREE/5B2FECF6497C1018E063020013AC1150/datafile/o1_mf_audit_da_ob76ro9y_.dbf
channel ORA_AUX_DISK_1: restoring datafile 00020 to /opt/oracle/oradata/FREE/5B2FECF6497C1018E063020013AC1150/datafile/o1_mf_users_ob76s922_.dbf
channel ORA_AUX_DISK_1: restoring datafile 00021 to /opt/oracle/oradata/FREE/5B2FECF6497C1018E063020013AC1150/datafile/o1_mf_canary_p_ob76xrkr_.dbf
channel ORA_AUX_DISK_1: reading from backup piece /opt/oracle/xchange/backup/034u6qj4_3_1_1
channel ORA_AUX_DISK_1: piece handle=/opt/oracle/xchange/backup/034u6qj4_3_1_1 tag=TAG20260911T081217
channel ORA_AUX_DISK_1: restored backup piece 1
channel ORA_AUX_DISK_1: restore complete, elapsed time: 00:00:03
Finished restore at 11-SEP-26

contents of Memory Script:
{
   switch clone datafile all;
}
executing Memory Script

datafile 1 switched to datafile copy
input datafile copy RECID=1 STAMP=1243671694 file name=/opt/oracle/oradata/FREE/system01.dbf
datafile 2 switched to datafile copy
input datafile copy RECID=2 STAMP=1243671694 file name=/opt/oracle/oradata/FREE/pdbseed/system01.dbf
datafile 3 switched to datafile copy
input datafile copy RECID=3 STAMP=1243671694 file name=/opt/oracle/oradata/FREE/sysaux01.dbf
datafile 4 switched to datafile copy
input datafile copy RECID=4 STAMP=1243671694 file name=/opt/oracle/oradata/FREE/pdbseed/sysaux01.dbf
datafile 7 switched to datafile copy
input datafile copy RECID=5 STAMP=1243671694 file name=/opt/oracle/oradata/FREE/users01.dbf
datafile 9 switched to datafile copy
input datafile copy RECID=6 STAMP=1243671694 file name=/opt/oracle/oradata/FREE/pdbseed/undotbs01.dbf
datafile 11 switched to datafile copy
input datafile copy RECID=7 STAMP=1243671694 file name=/opt/oracle/oradata/FREE/undotbs01.dbf
datafile 16 switched to datafile copy
input datafile copy RECID=8 STAMP=1243671694 file name=/opt/oracle/oradata/FREE/5B2FECF6497C1018E063020013AC1150/datafile/o1_mf_system_ob76rlm9_.dbf
datafile 17 switched to datafile copy
input datafile copy RECID=9 STAMP=1243671694 file name=/opt/oracle/oradata/FREE/5B2FECF6497C1018E063020013AC1150/datafile/o1_mf_sysaux_ob76rlmc_.dbf
datafile 18 switched to datafile copy
input datafile copy RECID=10 STAMP=1243671694 file name=/opt/oracle/oradata/FREE/5B2FECF6497C1018E063020013AC1150/datafile/o1_mf_undotbs1_ob76rlmc_.dbf
datafile 19 switched to datafile copy
input datafile copy RECID=11 STAMP=1243671695 file name=/opt/oracle/oradata/FREE/5B2FECF6497C1018E063020013AC1150/datafile/o1_mf_audit_da_ob76ro9y_.dbf
datafile 20 switched to datafile copy
input datafile copy RECID=12 STAMP=1243671695 file name=/opt/oracle/oradata/FREE/5B2FECF6497C1018E063020013AC1150/datafile/o1_mf_users_ob76s922_.dbf
datafile 21 switched to datafile copy
input datafile copy RECID=13 STAMP=1243671695 file name=/opt/oracle/oradata/FREE/5B2FECF6497C1018E063020013AC1150/datafile/o1_mf_canary_p_ob76xrkr_.dbf

contents of Memory Script:
{
   set until scn  3971833;
   recover
   clone database
    delete archivelog
   ;
}
executing Memory Script

executing command: SET until clause (SCN)

Starting recover at 11-SEP-26
using channel ORA_AUX_DISK_1
datafile 20 not processed because file is read-only
datafile 21 not processed because file is read-only

starting media recovery

channel ORA_AUX_DISK_1: starting archived log restore to default destination
channel ORA_AUX_DISK_1: restoring archived log
archived log thread=1 sequence=5
channel ORA_AUX_DISK_1: reading from backup piece /opt/oracle/xchange/backup/056u6qj6_5_1_1
channel ORA_AUX_DISK_1: piece handle=/opt/oracle/xchange/backup/056u6qj6_5_1_1 tag=TAG20260911T081222
channel ORA_AUX_DISK_1: restored backup piece 1
channel ORA_AUX_DISK_1: restore complete, elapsed time: 00:00:01
recovery status time_needed 2026-09-11 08:12:17
archived log file name=/opt/oracle/product/26ai/dbhomeFree/dbs/arch1_5_1243670912.dbf thread=1 sequence=5
channel ORA_AUX_DISK_1: deleting archived log(s)
archived log file name=/opt/oracle/product/26ai/dbhomeFree/dbs/arch1_5_1243670912.dbf RECID=1 STAMP=1243671695
media recovery complete, elapsed time: 00:00:00
Finished recover at 11-SEP-26
Oracle instance started

Total System Global Area    1603392144 bytes

Fixed Size                     5026448 bytes
Variable Size                419430400 bytes
Database Buffers            1174405120 bytes
Redo Buffers                   4530176 bytes

contents of Memory Script:
{
   sql clone "alter system set  db_name = 
 ''FREE'' comment=
 ''Reset to original value by RMAN'' scope=spfile";
   sql clone "alter system reset  db_unique_name scope=spfile";
}
executing Memory Script

sql statement: alter system set  db_name =  ''FREE'' comment= ''Reset to original value by RMAN'' scope=spfile

sql statement: alter system reset  db_unique_name scope=spfile
Oracle instance started

Total System Global Area    1603392144 bytes

Fixed Size                     5026448 bytes
Variable Size                419430400 bytes
Database Buffers            1174405120 bytes
Redo Buffers                   4530176 bytes
sql statement: CREATE CONTROLFILE REUSE SET DATABASE "FREE" RESETLOGS ARCHIVELOG 
  MAXLOGFILES     16
  MAXLOGMEMBERS      3
  MAXDATAFILES     1024
  MAXINSTANCES     8
  MAXLOGHISTORY      292
 LOGFILE
  GROUP     1 ( '/opt/oracle/oradata/FREE/redo01.log' ) SIZE 200 M  REUSE,
  GROUP     2 ( '/opt/oracle/oradata/FREE/redo02.log' ) SIZE 200 M  REUSE,
  GROUP     3 ( '/opt/oracle/oradata/FREE/redo03.log' ) SIZE 200 M  REUSE
 DATAFILE
  '/opt/oracle/oradata/FREE/system01.dbf',
  '/opt/oracle/oradata/FREE/pdbseed/system01.dbf',
  '/opt/oracle/oradata/FREE/5B2FECF6497C1018E063020013AC1150/datafile/o1_mf_system_ob76rlm9_.dbf'
 CHARACTER SET AL32UTF8


contents of Memory Script:
{
   set newname for tempfile  1 to 
 "/opt/oracle/oradata/FREE/temp01.dbf";
   set newname for tempfile  2 to 
 "/opt/oracle/oradata/FREE/pdbseed/temp01.dbf";
   set newname for tempfile  5 to 
 "/opt/oracle/oradata/FREE/5B2FECF6497C1018E063020013AC1150/datafile/o1_mf_temp_ob76rlmd_.dbf";
   switch clone tempfile all;
   catalog clone datafilecopy  "/opt/oracle/oradata/FREE/sysaux01.dbf", 
 "/opt/oracle/oradata/FREE/pdbseed/sysaux01.dbf", 
 "/opt/oracle/oradata/FREE/users01.dbf", 
 "/opt/oracle/oradata/FREE/pdbseed/undotbs01.dbf", 
 "/opt/oracle/oradata/FREE/undotbs01.dbf", 
 "/opt/oracle/oradata/FREE/5B2FECF6497C1018E063020013AC1150/datafile/o1_mf_sysaux_ob76rlmc_.dbf", 
 "/opt/oracle/oradata/FREE/5B2FECF6497C1018E063020013AC1150/datafile/o1_mf_undotbs1_ob76rlmc_.dbf", 
 "/opt/oracle/oradata/FREE/5B2FECF6497C1018E063020013AC1150/datafile/o1_mf_audit_da_ob76ro9y_.dbf";
   switch clone datafile all;
}
executing Memory Script

executing command: SET NEWNAME

executing command: SET NEWNAME

executing command: SET NEWNAME

renamed tempfile 1 to /opt/oracle/oradata/FREE/temp01.dbf in control file
renamed tempfile 2 to /opt/oracle/oradata/FREE/pdbseed/temp01.dbf in control file
renamed tempfile 5 to /opt/oracle/oradata/FREE/5B2FECF6497C1018E063020013AC1150/datafile/o1_mf_temp_ob76rlmd_.dbf in control file

cataloged datafile copy
datafile copy file name=/opt/oracle/oradata/FREE/sysaux01.dbf RECID=1 STAMP=1243671699
cataloged datafile copy
datafile copy file name=/opt/oracle/oradata/FREE/pdbseed/sysaux01.dbf RECID=2 STAMP=1243671699
cataloged datafile copy
datafile copy file name=/opt/oracle/oradata/FREE/users01.dbf RECID=3 STAMP=1243671699
cataloged datafile copy
datafile copy file name=/opt/oracle/oradata/FREE/pdbseed/undotbs01.dbf RECID=4 STAMP=1243671699
cataloged datafile copy
datafile copy file name=/opt/oracle/oradata/FREE/undotbs01.dbf RECID=5 STAMP=1243671699
cataloged datafile copy
datafile copy file name=/opt/oracle/oradata/FREE/5B2FECF6497C1018E063020013AC1150/datafile/o1_mf_sysaux_ob76rlmc_.dbf RECID=6 STAMP=1243671699
cataloged datafile copy
datafile copy file name=/opt/oracle/oradata/FREE/5B2FECF6497C1018E063020013AC1150/datafile/o1_mf_undotbs1_ob76rlmc_.dbf RECID=7 STAMP=1243671699
cataloged datafile copy
datafile copy file name=/opt/oracle/oradata/FREE/5B2FECF6497C1018E063020013AC1150/datafile/o1_mf_audit_da_ob76ro9y_.dbf RECID=8 STAMP=1243671699

datafile 3 switched to datafile copy
input datafile copy RECID=1 STAMP=1243671699 file name=/opt/oracle/oradata/FREE/sysaux01.dbf
datafile 4 switched to datafile copy
input datafile copy RECID=2 STAMP=1243671699 file name=/opt/oracle/oradata/FREE/pdbseed/sysaux01.dbf
datafile 7 switched to datafile copy
input datafile copy RECID=3 STAMP=1243671699 file name=/opt/oracle/oradata/FREE/users01.dbf
datafile 9 switched to datafile copy
input datafile copy RECID=4 STAMP=1243671699 file name=/opt/oracle/oradata/FREE/pdbseed/undotbs01.dbf
datafile 11 switched to datafile copy
input datafile copy RECID=5 STAMP=1243671699 file name=/opt/oracle/oradata/FREE/undotbs01.dbf
datafile 17 switched to datafile copy
input datafile copy RECID=6 STAMP=1243671699 file name=/opt/oracle/oradata/FREE/5B2FECF6497C1018E063020013AC1150/datafile/o1_mf_sysaux_ob76rlmc_.dbf
datafile 18 switched to datafile copy
input datafile copy RECID=7 STAMP=1243671699 file name=/opt/oracle/oradata/FREE/5B2FECF6497C1018E063020013AC1150/datafile/o1_mf_undotbs1_ob76rlmc_.dbf
datafile 19 switched to datafile copy
input datafile copy RECID=8 STAMP=1243671699 file name=/opt/oracle/oradata/FREE/5B2FECF6497C1018E063020013AC1150/datafile/o1_mf_audit_da_ob76ro9y_.dbf
Reenabling controlfile options for auxiliary database
Executing: alter database force logging
Executing: alter system set tde_configuration='KEYSTORE_CONFIGURATION=FILE'

contents of Memory Script:
{
   Alter clone database open resetlogs;
}
executing Memory Script

database opened

contents of Memory Script:
{
   sql clone "alter pluggable database all open";
}
executing Memory Script

sql statement: alter pluggable database all open

contents of Memory Script:
{
   catalog clone datafilecopy  "/opt/oracle/oradata/FREE/5B2FECF6497C1018E063020013AC1150/datafile/o1_mf_users_ob76s922_.dbf", 
 "/opt/oracle/oradata/FREE/5B2FECF6497C1018E063020013AC1150/datafile/o1_mf_canary_p_ob76xrkr_.dbf";
   switch clone datafile  20 to datafilecopy 
 "/opt/oracle/oradata/FREE/5B2FECF6497C1018E063020013AC1150/datafile/o1_mf_users_ob76s922_.dbf";
   switch clone datafile  21 to datafilecopy 
 "/opt/oracle/oradata/FREE/5B2FECF6497C1018E063020013AC1150/datafile/o1_mf_canary_p_ob76xrkr_.dbf";
   #online the readonly tablespace
   sql clone 'ODBENCPROD' "alter tablespace 
 USERS online";
   #read write the online tablespace
   sql clone 'ODBENCPROD' "alter tablespace 
 USERS read write";
   #readonly the read write tablespace
   sql clone 'ODBENCPROD' "alter tablespace 
 USERS read only";
   #online the readonly tablespace
   sql clone 'ODBENCPROD' "alter tablespace 
 CANARY_PLAIN online";
   #read write the online tablespace
   sql clone 'ODBENCPROD' "alter tablespace 
 CANARY_PLAIN read write";
   #readonly the read write tablespace
   sql clone 'ODBENCPROD' "alter tablespace 
 CANARY_PLAIN read only";
}
executing Memory Script

cataloged datafile copy
datafile copy file name=/opt/oracle/oradata/FREE/5B2FECF6497C1018E063020013AC1150/datafile/o1_mf_users_ob76s922_.dbf RECID=9 STAMP=1243671702
cataloged datafile copy
datafile copy file name=/opt/oracle/oradata/FREE/5B2FECF6497C1018E063020013AC1150/datafile/o1_mf_canary_p_ob76xrkr_.dbf RECID=10 STAMP=1243671702

datafile 20 switched to datafile copy
input datafile copy RECID=9 STAMP=1243671702 file name=/opt/oracle/oradata/FREE/5B2FECF6497C1018E063020013AC1150/datafile/o1_mf_users_ob76s922_.dbf

datafile 21 switched to datafile copy
input datafile copy RECID=10 STAMP=1243671702 file name=/opt/oracle/oradata/FREE/5B2FECF6497C1018E063020013AC1150/datafile/o1_mf_canary_p_ob76xrkr_.dbf

sql statement: alter tablespace  USERS online

sql statement: alter tablespace  USERS read write

sql statement: alter tablespace  USERS read only

sql statement: alter tablespace  CANARY_PLAIN online

sql statement: alter tablespace  CANARY_PLAIN read write

sql statement: alter tablespace  CANARY_PLAIN read only
Finished Duplicate Db at 11-SEP-26


RMAN> EXIT


Recovery Manager complete.
2026-09-11 08:21:42 INFO  opening the pluggable databases

Pluggable database altered.


      DBID NAME      OPEN_MODE
---------- --------- --------------------
1515728338 FREE      READ WRITE


NAME
--------------------------------------------------------------------------------
OPEN_MODE
----------
PDB$SEED
READ ONLY

ODBENCPROD
READ WRITE


2026-09-11 08:21:42 INFO  Done.

========================================================================
== Collect evidence set 'variant_c'
========================================================================
2026-09-11 08:21:43 INFO  collecting evidence set 'variant_c' from odbencdev
2026-09-11 08:21:43 INFO  Starting tde_evidence.sh 0.1.0
2026-09-11 08:21:43 INFO  evidence set 'variant_c' -> /Users/stefan.oehrli/Repos/own/oehrlis/oracle-free-labs/data/xchange/evidence/variant_c
2026-09-11 08:21:43 INFO  collecting key chain evidence from odbencdev (CDB$ROOT)

Session altered.

========================================================================
== TDE key chain evidence snapshot =====================================
========================================================================
== Identity of this database ===========================================

CONTAINER	     DB_NAME	  DB_UNIQUE_NAME	 DBID CREATED	LOG_MODE     OPEN_MODE
-------------------- ------------ ---------------- ---------- --------- ------------ --------------------
CDB$ROOT	     FREE	  FREE		   1515728338 11-SEP-26 ARCHIVELOG   READ WRITE

1 row selected.

== Keystore state from v$encryption_wallet =============================

WRL_TYPE WRL_PARAMETER								STATUS		   WALLET_TYPE	   KEYSTORE CON_ID
-------- ---------------------------------------------------------------------- ------------------ --------------- -------- ------
FILE	 /opt/oracle/dbconfig/FREE/wallet/tde/					OPEN		   LOCAL_AUTOLOGIN NONE 	 1
FILE										OPEN		   LOCAL_AUTOLOGIN UNITED	 2
FILE										OPEN		   LOCAL_AUTOLOGIN UNITED	 4

3 rows selected.

== Master encryption keys from v$encryption_keys =======================

KEY_ID							 KEY_USE    KEYSTORE_TYPE  ORIGIN     BACKED_UP CREATION_TIME	       ACTIVATION_TIME
-------------------------------------------------------- ---------- -------------- ---------- --------- ---------------------- ----------------------
CREATOR_PDBNAME
--------------------------------------------------------------------------------------------------------------------------------
ACTIVATING_PDBNAME														 CON_ID
-------------------------------------------------------------------------------------------------------------------------------- ------
AQ7FWTcnsUu3pclAqq/hhXAAAAAAAAAAAAAAAAAAAAAAAAAAAAAA	 TDE IN PDB SOFTWARE KEYST LOCAL      YES	11.09.2026 06:09:41    11.09.2026 06:09:41
								    ORE
CDB$ROOT
CDB$ROOT															      1

AUSOiatlvkmSlZ5shmpLSQcAAAAAAAAAAAAAAAAAAAAAAAAAAAAA	 TDE IN PDB SOFTWARE KEYST LOCAL      NO	11.09.2026 06:09:44    11.09.2026 06:09:44
								    ORE
ODBENCPROD
ODBENCPROD															      4


2 rows selected.

== Tablespace key chain from v$encrypted_tablespaces ===================

TS_NAME 		    TS# ENCRYPTI ENC MASTERKEYID_HEX			KEY_VERSION STATUS	       ENCRYPTEDKEY_HEX 						  BLOCKS_ENCRYPTED BLOCKS_DECRYPTED CON_ID
-------------------- ---------- -------- --- ---------------------------------- ----------- ------------------ ------------------------------------------------------------------ ---------------- ---------------- ------
AUDIT_DATA		      5 AES256	 YES 448E89AB65BE4992959E6C866A4B4907		  0 NORMAL	       1ED5109A6BD3E2A194C242DB7CF60AE375BB92101258E6B2E81EAECB714E1FC7 		 0		  5	 4
CANARY_PLAIN		      7 AES256	 YES 448E89AB65BE4992959E6C866A4B4907		  0 NORMAL	       1ED5109A6BD3E2A194C242DB7CF60AE375BB92101258E6B2E81EAECB714E1FC7 		 0		  3	 4
SYSAUX			      1 AES256	 YES 0EC5593727B14BB7A5C940AAAFE18570		  0 NORMAL	       81F7D08AB56A93F523D0ACB637C596CD9A705599B83317711A979673B0E2B39E 	       303	       1793	 1
SYSAUX			      1 AES256	 YES 448E89AB65BE4992959E6C866A4B4907		  0 NORMAL	       1ED5109A6BD3E2A194C242DB7CF60AE375BB92101258E6B2E81EAECB714E1FC7 		 0		263	 4
SYSTEM			      0 AES256	 YES 448E89AB65BE4992959E6C866A4B4907		  0 NORMAL	       1ED5109A6BD3E2A194C242DB7CF60AE375BB92101258E6B2E81EAECB714E1FC7 		 0	       3702	 4
SYSTEM			      0 AES256	 YES 0EC5593727B14BB7A5C940AAAFE18570		  0 NORMAL	       81F7D08AB56A93F523D0ACB637C596CD9A705599B83317711A979673B0E2B39E 		 0	       6021	 1
UNDOTBS1		      2 AES256	 YES 448E89AB65BE4992959E6C866A4B4907		  0 NORMAL	       1ED5109A6BD3E2A194C242DB7CF60AE375BB92101258E6B2E81EAECB714E1FC7 		 8		 41	 4
UNDOTBS1		      2 AES256	 YES 0EC5593727B14BB7A5C940AAAFE18570		  0 NORMAL	       81F7D08AB56A93F523D0ACB637C596CD9A705599B83317711A979673B0E2B39E 		 0		 22	 1
USERS			      6 AES256	 YES 448E89AB65BE4992959E6C866A4B4907		  0 NORMAL	       7C410458C6D61BBDAFBE556CD21EEE9BD71CA73898BFEC48EFFADDBD0E112BC6 		 0		  1	 4
USERS			      4 AES256	 YES 0EC5593727B14BB7A5C940AAAFE18570		  0 NORMAL	       81F7D08AB56A93F523D0ACB637C596CD9A705599B83317711A979673B0E2B39E 		 0		  2	 1

10 rows selected.

== Full v$encrypted_tablespaces row (version specific columns) =========

       TS# ENCRYPTI ENC ENCRYPTEDKEY							 MASTERKEYID			  BLOCKS_ENCRYPTED BLOCKS_DECRYPTED KEY_VERSION STATUS		   CIPHERMODE	 CON_ID
---------- -------- --- ---------------------------------------------------------------- -------------------------------- ---------------- ---------------- ----------- ------------------ ------------- ------
	 0 AES256   YES 81F7D08AB56A93F523D0ACB637C596CD9A705599B83317711A979673B0E2B39E 0EC5593727B14BB7A5C940AAAFE18570		 0	       6045	      0 NORMAL		   XTS		      1
	 1 AES256   YES 81F7D08AB56A93F523D0ACB637C596CD9A705599B83317711A979673B0E2B39E 0EC5593727B14BB7A5C940AAAFE18570	       303	       1802	      0 NORMAL		   XTS		      1
	 4 AES256   YES 81F7D08AB56A93F523D0ACB637C596CD9A705599B83317711A979673B0E2B39E 0EC5593727B14BB7A5C940AAAFE18570		 0		  2	      0 NORMAL		   XTS		      1
	 2 AES256   YES 81F7D08AB56A93F523D0ACB637C596CD9A705599B83317711A979673B0E2B39E 0EC5593727B14BB7A5C940AAAFE18570		 0		 22	      0 NORMAL		   XTS		      1
	 0 AES256   YES 1ED5109A6BD3E2A194C242DB7CF60AE375BB92101258E6B2E81EAECB714E1FC7 448E89AB65BE4992959E6C866A4B4907		 0	       3705	      0 NORMAL		   XTS		      4
	 1 AES256   YES 1ED5109A6BD3E2A194C242DB7CF60AE375BB92101258E6B2E81EAECB714E1FC7 448E89AB65BE4992959E6C866A4B4907		 0		263	      0 NORMAL		   XTS		      4
	 2 AES256   YES 1ED5109A6BD3E2A194C242DB7CF60AE375BB92101258E6B2E81EAECB714E1FC7 448E89AB65BE4992959E6C866A4B4907		 8		 41	      0 NORMAL		   XTS		      4
	 5 AES256   YES 1ED5109A6BD3E2A194C242DB7CF60AE375BB92101258E6B2E81EAECB714E1FC7 448E89AB65BE4992959E6C866A4B4907		 0		  5	      0 NORMAL		   XTS		      4
	 6 AES256   YES 7C410458C6D61BBDAFBE556CD21EEE9BD71CA73898BFEC48EFFADDBD0E112BC6 448E89AB65BE4992959E6C866A4B4907		 0		  1	      0 NORMAL		   XTS		      4
	 7 AES256   YES 1ED5109A6BD3E2A194C242DB7CF60AE375BB92101258E6B2E81EAECB714E1FC7 448E89AB65BE4992959E6C866A4B4907		 0		  3	      0 NORMAL		   XTS		      4

10 rows selected.

== Implicit database key for SYSTEM / UNDO / TEMP ======================

ENCRYPTI ENCRYPTEDKEY											  MASTERKEYID			   MAS CIPHERMODE    CON_ID
-------- ------------------------------------------------------------------------------------------------ -------------------------------- --- ------------- ------
AES256	 81F7D08AB56A93F523D0ACB637C596CD9A705599B83317711A979673B0E2B39E00000000000000000000000000000000 0EC5593727B14BB7A5C940AAAFE18570 YES XTS		  1
NONE	 000000000000000000000000000000000000000000000000000000000000000000000000000000000000000000000000 00000000000000000000000000000000 NO  CFB		  2
AES256	 1ED5109A6BD3E2A194C242DB7CF60AE375BB92101258E6B2E81EAECB714E1FC700000000000000000000000000000000 448E89AB65BE4992959E6C866A4B4907 YES XTS		  4

3 rows selected.

== Datafiles of encrypted tablespaces ==================================

TS_NAME 	     RELATIVE_FNO FILE_NAME								     BLOCKS BLOCK_SIZE	    BYTES
-------------------- ------------ ---------------------------------------------------------------------- ---------- ---------- ----------
SYSAUX			     1024 /opt/oracle/oradata/FREE/sysaux01.dbf 				      87040	  8192	713031680
SYSTEM			     1024 /opt/oracle/oradata/FREE/system01.dbf 				     139520	  8192 1142947840
UNDOTBS1		     1024 /opt/oracle/oradata/FREE/undotbs01.dbf				       5120	  8192	 41943040
USERS			     1024 /opt/oracle/oradata/FREE/users01.dbf						896	  8192	  7340032

4 rows selected.

2026-09-11 08:21:43 INFO  collecting key chain evidence from odbencdev (PDB ODBENCPROD)

Session altered.


Session altered.

========================================================================
== TDE key chain evidence snapshot =====================================
========================================================================
== Identity of this database ===========================================

CONTAINER	     DB_NAME	  DB_UNIQUE_NAME	 DBID CREATED	LOG_MODE     OPEN_MODE
-------------------- ------------ ---------------- ---------- --------- ------------ --------------------
ODBENCPROD	     FREE	  FREE		   1515728338 11-SEP-26 ARCHIVELOG   READ WRITE

1 row selected.

== Keystore state from v$encryption_wallet =============================

WRL_TYPE WRL_PARAMETER								STATUS		   WALLET_TYPE	   KEYSTORE CON_ID
-------- ---------------------------------------------------------------------- ------------------ --------------- -------- ------
FILE										OPEN		   LOCAL_AUTOLOGIN UNITED	 4

1 row selected.

== Master encryption keys from v$encryption_keys =======================

KEY_ID							 KEY_USE    KEYSTORE_TYPE  ORIGIN     BACKED_UP CREATION_TIME	       ACTIVATION_TIME
-------------------------------------------------------- ---------- -------------- ---------- --------- ---------------------- ----------------------
CREATOR_PDBNAME
--------------------------------------------------------------------------------------------------------------------------------
ACTIVATING_PDBNAME														 CON_ID
-------------------------------------------------------------------------------------------------------------------------------- ------
AUSOiatlvkmSlZ5shmpLSQcAAAAAAAAAAAAAAAAAAAAAAAAAAAAA	 TDE IN PDB SOFTWARE KEYST LOCAL      NO	11.09.2026 06:09:44    11.09.2026 06:09:44
								    ORE
ODBENCPROD
ODBENCPROD															      4


1 row selected.

== Tablespace key chain from v$encrypted_tablespaces ===================

TS_NAME 		    TS# ENCRYPTI ENC MASTERKEYID_HEX			KEY_VERSION STATUS	       ENCRYPTEDKEY_HEX 						  BLOCKS_ENCRYPTED BLOCKS_DECRYPTED CON_ID
-------------------- ---------- -------- --- ---------------------------------- ----------- ------------------ ------------------------------------------------------------------ ---------------- ---------------- ------
AUDIT_DATA		      5 AES256	 YES 448E89AB65BE4992959E6C866A4B4907		  0 NORMAL	       1ED5109A6BD3E2A194C242DB7CF60AE375BB92101258E6B2E81EAECB714E1FC7 		 0		  5	 4
CANARY_PLAIN		      7 AES256	 YES 448E89AB65BE4992959E6C866A4B4907		  0 NORMAL	       1ED5109A6BD3E2A194C242DB7CF60AE375BB92101258E6B2E81EAECB714E1FC7 		 0		  3	 4
SYSAUX			      1 AES256	 YES 448E89AB65BE4992959E6C866A4B4907		  0 NORMAL	       1ED5109A6BD3E2A194C242DB7CF60AE375BB92101258E6B2E81EAECB714E1FC7 		 0		406	 4
SYSTEM			      0 AES256	 YES 448E89AB65BE4992959E6C866A4B4907		  0 NORMAL	       1ED5109A6BD3E2A194C242DB7CF60AE375BB92101258E6B2E81EAECB714E1FC7 		 0	       5019	 4
UNDOTBS1		      2 AES256	 YES 448E89AB65BE4992959E6C866A4B4907		  0 NORMAL	       1ED5109A6BD3E2A194C242DB7CF60AE375BB92101258E6B2E81EAECB714E1FC7 		 8		 41	 4
USERS			      6 AES256	 YES 448E89AB65BE4992959E6C866A4B4907		  0 NORMAL	       7C410458C6D61BBDAFBE556CD21EEE9BD71CA73898BFEC48EFFADDBD0E112BC6 		 0		  1	 4

6 rows selected.

== Full v$encrypted_tablespaces row (version specific columns) =========

       TS# ENCRYPTI ENC ENCRYPTEDKEY							 MASTERKEYID			  BLOCKS_ENCRYPTED BLOCKS_DECRYPTED KEY_VERSION STATUS		   CIPHERMODE	 CON_ID
---------- -------- --- ---------------------------------------------------------------- -------------------------------- ---------------- ---------------- ----------- ------------------ ------------- ------
	 0 AES256   YES 1ED5109A6BD3E2A194C242DB7CF60AE375BB92101258E6B2E81EAECB714E1FC7 448E89AB65BE4992959E6C866A4B4907		 0	       5019	      0 NORMAL		   XTS		      4
	 1 AES256   YES 1ED5109A6BD3E2A194C242DB7CF60AE375BB92101258E6B2E81EAECB714E1FC7 448E89AB65BE4992959E6C866A4B4907		 0		407	      0 NORMAL		   XTS		      4
	 2 AES256   YES 1ED5109A6BD3E2A194C242DB7CF60AE375BB92101258E6B2E81EAECB714E1FC7 448E89AB65BE4992959E6C866A4B4907		 8		 41	      0 NORMAL		   XTS		      4
	 5 AES256   YES 1ED5109A6BD3E2A194C242DB7CF60AE375BB92101258E6B2E81EAECB714E1FC7 448E89AB65BE4992959E6C866A4B4907		 0		  5	      0 NORMAL		   XTS		      4
	 6 AES256   YES 7C410458C6D61BBDAFBE556CD21EEE9BD71CA73898BFEC48EFFADDBD0E112BC6 448E89AB65BE4992959E6C866A4B4907		 0		  1	      0 NORMAL		   XTS		      4
	 7 AES256   YES 1ED5109A6BD3E2A194C242DB7CF60AE375BB92101258E6B2E81EAECB714E1FC7 448E89AB65BE4992959E6C866A4B4907		 0		  3	      0 NORMAL		   XTS		      4

6 rows selected.

== Implicit database key for SYSTEM / UNDO / TEMP ======================

ENCRYPTI ENCRYPTEDKEY											  MASTERKEYID			   MAS CIPHERMODE    CON_ID
-------- ------------------------------------------------------------------------------------------------ -------------------------------- --- ------------- ------
AES256	 1ED5109A6BD3E2A194C242DB7CF60AE375BB92101258E6B2E81EAECB714E1FC700000000000000000000000000000000 448E89AB65BE4992959E6C866A4B4907 YES XTS		  4

1 row selected.

== Datafiles of encrypted tablespaces ==================================

TS_NAME 	     RELATIVE_FNO FILE_NAME								     BLOCKS BLOCK_SIZE	    BYTES
-------------------- ------------ ---------------------------------------------------------------------- ---------- ---------- ----------
AUDIT_DATA		     1024 /opt/oracle/oradata/FREE/5B2FECF6497C1018E063020013AC1150/datafile/o1_       2560	  8192	 20971520
				  mf_audit_da_ob76ro9y_.dbf

CANARY_PLAIN		     1024 /opt/oracle/oradata/FREE/5B2FECF6497C1018E063020013AC1150/datafile/o1_       2560	  8192	 20971520
				  mf_canary_p_ob76xrkr_.dbf

SYSAUX			     1024 /opt/oracle/oradata/FREE/5B2FECF6497C1018E063020013AC1150/datafile/o1_      51200	  8192	419430400
				  mf_sysaux_ob76rlmc_.dbf

SYSTEM			     1024 /opt/oracle/oradata/FREE/5B2FECF6497C1018E063020013AC1150/datafile/o1_      38400	  8192	314572800
				  mf_system_ob76rlm9_.dbf

UNDOTBS1		     1024 /opt/oracle/oradata/FREE/5B2FECF6497C1018E063020013AC1150/datafile/o1_      12800	  8192	104857600
				  mf_undotbs1_ob76rlmc_.dbf

USERS			     1024 /opt/oracle/oradata/FREE/5B2FECF6497C1018E063020013AC1150/datafile/o1_       2560	  8192	 20971520
				  mf_users_ob76s922_.dbf


6 rows selected.

2026-09-11 08:21:43 INFO  listing datafiles of tablespace USERS in PDB ODBENCPROD
2026-09-11 08:21:43 INFO  found 1 datafile(s)
2026-09-11 08:21:43 INFO  fingerprinting o1_mf_users_ob76s922_.dbf (block size 8192)
wrote /Users/stefan.oehrli/Repos/own/oehrlis/oracle-free-labs/data/xchange/evidence/variant_c/o1_mf_users_ob76s922_.dbf.fp
2026-09-11 08:21:43 INFO  scanning o1_mf_users_ob76s922_.dbf for the clear-text marker
no hits - needle not present as plaintext in this datafile
2026-09-11 08:21:44 INFO  manifest written to /Users/stefan.oehrli/Repos/own/oehrlis/oracle-free-labs/data/xchange/evidence/variant_c/manifest.txt
2026-09-11 08:21:44 INFO  Done.

========================================================================
== Compare 'variant_c' vs 'baseline'
========================================================================
2026-09-11 08:21:44 INFO  comparing evidence sets 'baseline' vs 'variant_c'
2026-09-11 08:21:44 INFO  Starting tde_evidence.sh 0.1.0

== Block-level ciphertext comparison ==
A: baseline/o1_mf_users_ob76s922_.dbf.fp
B: variant_c/o1_mf_users_ob76s922_.dbf.fp
block_size A/B: 8192/8192
blocks compared: 2561
identical: 1272
differing: 1289
first differing blocks: [1, 771, 772, 773, 774, 775, 788, 789, 790, 791, 796, 797, 798, 799, 812, 813, 814, 815, 828, 829]
... and 1269 more
verdict: MIXED - 1289 of 2561 blocks changed; inspect which ranges differ before drawing a conclusion
2026-09-11 08:21:44 INFO  compared 1 datafile(s)
2026-09-11 08:21:44 INFO  Done.
canary blocks:   identical 313 differing 0 total 313
2026-09-11 08:21:45 INFO  clone DBID: 1515728338 (source: 1515727551)

Key summary for variant_c (clone):
  MASTERKEYID : 448E89AB65BE4992959E6C866A4B4907
  Wrapped TEK : 7C410458C6D61BBDAFBE556CD21EEE9BD71CA73898BFEC48EFFADDBD0E112BC6

Key summary for baseline  (source):
  MASTERKEYID : 448E89AB65BE4992959E6C866A4B4907
  Wrapped TEK : 7C410458C6D61BBDAFBE556CD21EEE9BD71CA73898BFEC48EFFADDBD0E112BC6

TEK comparison: IDENTICAL

------------------------------------------------------------------------
VERDICT: PASS - TEK IDENTICAL and canary ciphertext IDENTICAL (identical 313 differing 0 total 313) - DUPLICATE preserved the existing TEK, no new TEK for encrypted source
------------------------------------------------------------------------
2026-09-11 08:21:45 INFO  Done.

========================================================================
  STEP 50: Variant D: RESTORE AS DECRYPTED + SET KEY + OFFLINE ENCRYPT
  Script: /Users/stefan.oehrli/Repos/own/oehrlis/oracle-free-labs/scripts/tde-verify/tests/50_variant_d.sh
  Time:   2026-09-11 08:21:45
========================================================================
2026-09-11 08:21:45 INFO  Starting 50_variant_d.sh 0.1.1

========================================================================
== Step 50: Variant D - RESTORE AS DECRYPTED + SET KEY + OFFLINE ENCRYPT
========================================================================
2026-09-11 08:21:46 INFO  control file autobackup: cf_c-1515727551-20260911-00

========================================================================
== Reset odbencdev
========================================================================
2026-09-11 08:21:46 INFO  resetting service 'odbencdev' ...
 Container odbencdev Stopping 
 Container odbencdev Stopped 
 Container odbencdev Removing 
 Container odbencdev Removed 
 Network oracle-free-labs_default Removing 
 Network oracle-free-labs_default Resource is still in use 
2026-09-11 08:21:48 INFO  removing /Users/stefan.oehrli/Repos/own/oehrlis/oracle-free-labs/data/odbencdev
2026-09-11 08:21:48 INFO  restored tracked files under data/odbencdev
2026-09-11 08:21:48 INFO  service 'odbencdev' reset complete
2026-09-11 08:21:48 INFO  starting service 'odbencdev' ...
 Container odbencdev Creating 
 Container odbencdev Created 
 Container odbencdev Starting 
 Container odbencdev Started 
2026-09-11 08:21:49 INFO  waiting for odbencdev to be ready (timeout 600s) ...
2026-09-11 08:23:52 INFO  odbencdev is ready

========================================================================
== RESTORE FORCE AS DECRYPTED (variant a base + decrypted clause)
========================================================================
2026-09-11 08:23:52 INFO  DBID: 1515727551
Database closed.
Database dismounted.
ORACLE instance shut down.
ORACLE instance started.

Total System Global Area 1603392144 bytes
Fixed Size		    5026448 bytes
Variable Size		  419430400 bytes
Database Buffers	 1174405120 bytes
Redo Buffers		    4530176 bytes
moved /opt/oracle/oradata/FREE/redo01.log
moved /opt/oracle/oradata/FREE/redo02.log
moved /opt/oracle/oradata/FREE/redo03.log

Recovery Manager: Release 23.26.3.0.0 - Production on Fri Sep 11 08:23:55 2026
Version 23.26.3.0.0

Copyright (c) 1982, 2026, Oracle and/or its affiliates.  All rights reserved.

connected to target database: FREE (not mounted)

RMAN> 

RMAN> SET DBID 1515727551;
executing command: SET DBID


RMAN> RUN {
2>   ALLOCATE CHANNEL c1 DEVICE TYPE DISK;
3>   SET CONTROLFILE AUTOBACKUP FORMAT FOR DEVICE TYPE DISK TO '/opt/oracle/xchange/backup/cf_%F';
4>   RESTORE CONTROLFILE FROM '/opt/oracle/xchange/backup/cf_c-1515727551-20260911-00';
5>   ALTER DATABASE MOUNT;
6>   RELEASE CHANNEL c1;
7> }
using target database control file instead of recovery catalog
allocated channel: c1
channel c1: SID=162 device type=DISK

executing command: SET CONTROLFILE AUTOBACKUP FORMAT

Starting restore at 11-SEP-26

channel c1: restoring control file
channel c1: restore complete, elapsed time: 00:00:01
output file name=/opt/oracle/oradata/FREE/control01.ctl
output file name=/opt/oracle/oradata/FREE/control02.ctl
Finished restore at 11-SEP-26

Statement processed

released channel: c1


RMAN> # CONFIGURE is a standalone command and is not allowed inside RUN.
2> # The restored control file carries the SOURCE autobackup path, so every
3> # autobackup this target triggers would land next to the source pieces under the
4> # same DBID. Redirect right after the mount, before recovery writes one.
5> CONFIGURE CONTROLFILE AUTOBACKUP FORMAT FOR DEVICE TYPE DISK TO '/opt/oracle/oradata/cf_target_%F';
old RMAN configuration parameters:
CONFIGURE CONTROLFILE AUTOBACKUP FORMAT FOR DEVICE TYPE DISK TO '/opt/oracle/xchange/backup/cf_%F';
new RMAN configuration parameters:
CONFIGURE CONTROLFILE AUTOBACKUP FORMAT FOR DEVICE TYPE DISK TO '/opt/oracle/oradata/cf_target_%F';
new RMAN configuration parameters are successfully stored


RMAN> SHOW CONTROLFILE AUTOBACKUP FORMAT;
RMAN configuration parameters for database with db_unique_name FREE are:
CONFIGURE CONTROLFILE AUTOBACKUP FORMAT FOR DEVICE TYPE DISK TO '/opt/oracle/oradata/cf_target_%F';


RMAN> EXIT


Recovery Manager complete.

keystore altered.


    CON_ID STATUS			  WALLET_TYPE
---------- ------------------------------ --------------------
	 1 OPEN 			  PASSWORD


Recovery Manager: Release 23.26.3.0.0 - Production on Fri Sep 11 08:23:58 2026
Version 23.26.3.0.0

Copyright (c) 1982, 2026, Oracle and/or its affiliates.  All rights reserved.

connected to target database: FREE (DBID=1515727551, not open)

RMAN> 

RMAN> RUN {
2>   ALLOCATE CHANNEL c1 DEVICE TYPE DISK;
3>   # No CATALOG here on purpose. Both containers mount the exchange directory at
4>   # the same path, so the restored control file already knows every source
5>   # piece. Cataloging the directory would also register any control file
6>   # autobackup a previous clone left there, and with it that clone incarnation.
7>   # Recovery then fails with ORA-19912, cannot recover to target incarnation.
8>   SET UNTIL SEQUENCE 6 THREAD 1;
9>   RESTORE DATABASE FORCE AS DECRYPTED;
10>   RECOVER DATABASE;
11>   RELEASE CHANNEL c1;
12> }
using target database control file instead of recovery catalog
allocated channel: c1
channel c1: SID=4 device type=DISK

executing command: SET until clause (SEQUENCE)

Starting restore at 11-SEP-26

channel c1: starting datafile backup set restore
channel c1: specifying datafile(s) to restore from backup set
channel c1: restoring datafile 00001 to /opt/oracle/oradata/FREE/system01.dbf
channel c1: restoring datafile 00003 to /opt/oracle/oradata/FREE/sysaux01.dbf
channel c1: restoring datafile 00007 to /opt/oracle/oradata/FREE/users01.dbf
channel c1: restoring datafile 00011 to /opt/oracle/oradata/FREE/undotbs01.dbf
channel c1: reading from backup piece /opt/oracle/xchange/backup/021u6qj1_2_1_1
channel c1: piece handle=/opt/oracle/xchange/backup/021u6qj1_2_1_1 tag=TAG20260911T081217
channel c1: restored backup piece 1
channel c1: restore complete, elapsed time: 00:00:03
channel c1: starting datafile backup set restore
channel c1: specifying datafile(s) to restore from backup set
channel c1: restoring datafile 00016 to /opt/oracle/oradata/FREE/5B2FECF6497C1018E063020013AC1150/datafile/o1_mf_system_ob76rlm9_.dbf
channel c1: restoring datafile 00017 to /opt/oracle/oradata/FREE/5B2FECF6497C1018E063020013AC1150/datafile/o1_mf_sysaux_ob76rlmc_.dbf
channel c1: restoring datafile 00018 to /opt/oracle/oradata/FREE/5B2FECF6497C1018E063020013AC1150/datafile/o1_mf_undotbs1_ob76rlmc_.dbf
channel c1: restoring datafile 00019 to /opt/oracle/oradata/FREE/5B2FECF6497C1018E063020013AC1150/datafile/o1_mf_audit_da_ob76ro9y_.dbf
channel c1: restoring datafile 00020 to /opt/oracle/oradata/FREE/5B2FECF6497C1018E063020013AC1150/datafile/o1_mf_users_ob76s922_.dbf
channel c1: restoring datafile 00021 to /opt/oracle/oradata/FREE/5B2FECF6497C1018E063020013AC1150/datafile/o1_mf_canary_p_ob76xrkr_.dbf
channel c1: reading from backup piece /opt/oracle/xchange/backup/034u6qj4_3_1_1
channel c1: piece handle=/opt/oracle/xchange/backup/034u6qj4_3_1_1 tag=TAG20260911T081217
channel c1: restored backup piece 1
channel c1: restore complete, elapsed time: 00:00:03
channel c1: starting datafile backup set restore
channel c1: specifying datafile(s) to restore from backup set
channel c1: restoring datafile 00002 to /opt/oracle/oradata/FREE/pdbseed/system01.dbf
channel c1: restoring datafile 00004 to /opt/oracle/oradata/FREE/pdbseed/sysaux01.dbf
channel c1: restoring datafile 00009 to /opt/oracle/oradata/FREE/pdbseed/undotbs01.dbf
channel c1: reading from backup piece /opt/oracle/xchange/backup/045u6qj5_4_1_1
channel c1: piece handle=/opt/oracle/xchange/backup/045u6qj5_4_1_1 tag=TAG20260911T081217
channel c1: restored backup piece 1
channel c1: restore complete, elapsed time: 00:00:01
Finished restore at 11-SEP-26

Starting recover at 11-SEP-26
datafile 20 not processed because file is read-only
datafile 21 not processed because file is read-only

starting media recovery

channel c1: starting archived log restore to default destination
channel c1: restoring archived log
archived log thread=1 sequence=5
channel c1: reading from backup piece /opt/oracle/xchange/backup/056u6qj6_5_1_1
channel c1: piece handle=/opt/oracle/xchange/backup/056u6qj6_5_1_1 tag=TAG20260911T081222
channel c1: restored backup piece 1
channel c1: restore complete, elapsed time: 00:00:01
recovery status time_needed 2026-09-11 08:12:17
archived log file name=/opt/oracle/product/26ai/dbhomeFree/dbs/arch1_5_1243670912.dbf thread=1 sequence=5
media recovery complete, elapsed time: 00:00:00
Finished recover at 11-SEP-26

released channel: c1


RMAN> EXIT


Recovery Manager complete.

Database altered.


      DBID NAME      OPEN_MODE		  LOG_MODE
---------- --------- -------------------- ------------
1515727551 FREE      READ WRITE 	  ARCHIVELOG

========================================================================
== Reopen the keystore after RESETLOGS
========================================================================
2026-09-11 08:24:10 INFO  recreating the auto-login keystore in odbencdev

    CON_ID STATUS		WALLET_TYPE
---------- -------------------- ----------------
	 1 OPEN 		PASSWORD
	 2 CLOSED		UNKNOWN
	 4 OPEN 		PASSWORD
2026-09-11 08:24:10 INFO  keystore in odbencdev open via local auto-login

========================================================================
== Open ODBENCPROD if it came back MOUNTED
========================================================================
ALTER PLUGGABLE DATABASE ODBENCPROD OPEN
*
ERROR at line 1:
ORA-65019: pluggable database ODBENCPROD already open
Help: https://docs.oracle.com/error-help/db/ora-65019/



NAME
--------------------------------------------------------------------------------
OPEN_MODE
----------
ODBENCPROD
READ WRITE

========================================================================
== Verify USERS is fully decrypted
========================================================================

Session altered.


TABLESPACE_NAME 	       ENC
------------------------------ ---
USERS			       NO


ENC_TS_COUNT
------------
	   0

========================================================================
== SET KEY to dev-own MEK (CDB$ROOT and ODBENCPROD separately)
========================================================================

KEY_ID						       ORIGIN					     CON_ID
------------------------------------------------------ ----------------------------------------- ----------
AQ7FWTcnsUu3pclAqq/hhXAAAAAAAAAAAAAAAAAAAAAAAAAAAAAA   LOCAL						  1
AR0/Lb36zEKYkALqUSn2FbAAAAAAAAAAAAAAAAAAAAAAAAAAAAAA   LOCAL						  1
AUSOiatlvkmSlZ5shmpLSQcAAAAAAAAAAAAAAAAAAAAAAAAAAAAA   LOCAL						  4
AblRVE1c/EYqrLRWKLlIy60AAAAAAAAAAAAAAAAAAAAAAAAAAAAA   LOCAL						  4

========================================================================
== ALTER TABLESPACE USERS ENCRYPTION OFFLINE ENCRYPT
========================================================================

Session altered.


Tablespace altered.


Tablespace altered.


Tablespace altered.


Tablespace altered.


System altered.


TABLESPACE_NAME 	       STATUS	 ENC
------------------------------ --------- ---
USERS			       ONLINE	 YES

========================================================================
== Collect evidence set 'variant_d'
========================================================================
2026-09-11 08:24:20 INFO  collecting evidence set 'variant_d' from odbencdev
2026-09-11 08:24:20 INFO  Starting tde_evidence.sh 0.1.0
2026-09-11 08:24:20 INFO  evidence set 'variant_d' -> /Users/stefan.oehrli/Repos/own/oehrlis/oracle-free-labs/data/xchange/evidence/variant_d
2026-09-11 08:24:20 INFO  collecting key chain evidence from odbencdev (CDB$ROOT)

Session altered.

========================================================================
== TDE key chain evidence snapshot =====================================
========================================================================
== Identity of this database ===========================================

CONTAINER	     DB_NAME	  DB_UNIQUE_NAME	 DBID CREATED	LOG_MODE     OPEN_MODE
-------------------- ------------ ---------------- ---------- --------- ------------ --------------------
CDB$ROOT	     FREE	  FREE		   1515727551 11-SEP-26 ARCHIVELOG   READ WRITE

1 row selected.

== Keystore state from v$encryption_wallet =============================

WRL_TYPE WRL_PARAMETER								STATUS		   WALLET_TYPE	   KEYSTORE CON_ID
-------- ---------------------------------------------------------------------- ------------------ --------------- -------- ------
FILE	 /opt/oracle/dbconfig/FREE/wallet/tde/					OPEN		   PASSWORD	   NONE 	 1
FILE										CLOSED		   UNKNOWN	   UNITED	 2
FILE										OPEN		   PASSWORD	   UNITED	 4

3 rows selected.

== Master encryption keys from v$encryption_keys =======================

KEY_ID							 KEY_USE    KEYSTORE_TYPE  ORIGIN     BACKED_UP CREATION_TIME	       ACTIVATION_TIME
-------------------------------------------------------- ---------- -------------- ---------- --------- ---------------------- ----------------------
CREATOR_PDBNAME
--------------------------------------------------------------------------------------------------------------------------------
ACTIVATING_PDBNAME														 CON_ID
-------------------------------------------------------------------------------------------------------------------------------- ------
AQ7FWTcnsUu3pclAqq/hhXAAAAAAAAAAAAAAAAAAAAAAAAAAAAAA	 TDE IN PDB SOFTWARE KEYST LOCAL      YES	11.09.2026 06:09:41    11.09.2026 06:09:41
								    ORE
CDB$ROOT
CDB$ROOT															      1

AUSOiatlvkmSlZ5shmpLSQcAAAAAAAAAAAAAAAAAAAAAAAAAAAAA	 TDE IN PDB SOFTWARE KEYST LOCAL      YES	11.09.2026 06:09:44    11.09.2026 06:09:44
								    ORE
ODBENCPROD
ODBENCPROD															      4

AR0/Lb36zEKYkALqUSn2FbAAAAAAAAAAAAAAAAAAAAAAAAAAAAAA	 TDE IN PDB SOFTWARE KEYST LOCAL      YES	11.09.2026 06:24:11    11.09.2026 06:24:11
								    ORE
CDB$ROOT
CDB$ROOT															      1

AblRVE1c/EYqrLRWKLlIy60AAAAAAAAAAAAAAAAAAAAAAAAAAAAA	 TDE IN PDB SOFTWARE KEYST LOCAL      NO	11.09.2026 06:24:11    11.09.2026 06:24:11
								    ORE
ODBENCPROD
ODBENCPROD															      4


4 rows selected.

== Tablespace key chain from v$encrypted_tablespaces ===================

TS_NAME 		    TS# ENCRYPTI ENC MASTERKEYID_HEX			KEY_VERSION STATUS	       ENCRYPTEDKEY_HEX 						  BLOCKS_ENCRYPTED BLOCKS_DECRYPTED CON_ID
-------------------- ---------- -------- --- ---------------------------------- ----------- ------------------ ------------------------------------------------------------------ ---------------- ---------------- ------
USERS			      6 AES256	 YES B951544D5CFC462AACB45628B948CBAD		  3 NORMAL	       E5DA70D44292035C9E6224BA33811034382D052417D970C8097F46F0089F2775 		 0		  1	 4

1 row selected.

== Full v$encrypted_tablespaces row (version specific columns) =========

       TS# ENCRYPTI ENC ENCRYPTEDKEY							 MASTERKEYID			  BLOCKS_ENCRYPTED BLOCKS_DECRYPTED KEY_VERSION STATUS		   CIPHERMODE	 CON_ID
---------- -------- --- ---------------------------------------------------------------- -------------------------------- ---------------- ---------------- ----------- ------------------ ------------- ------
	 6 AES256   YES E5DA70D44292035C9E6224BA33811034382D052417D970C8097F46F0089F2775 B951544D5CFC462AACB45628B948CBAD		 0		  1	      3 NORMAL		   XTS		      4

1 row selected.

== Implicit database key for SYSTEM / UNDO / TEMP ======================

ENCRYPTI ENCRYPTEDKEY											  MASTERKEYID			   MAS CIPHERMODE    CON_ID
-------- ------------------------------------------------------------------------------------------------ -------------------------------- --- ------------- ------
AES256	 63AD00811597DB0F922D9274579C59C55A295368BA6072879C350F3AB37C71E600000000000000000000000000000000 1D3F2DBDFACC42989002EA5129F615B0 YES XTS		  1
NONE	 000000000000000000000000000000000000000000000000000000000000000000000000000000000000000000000000 00000000000000000000000000000000 NO  CFB		  2
AES256	 0188D2B96748E08FE87F5A70BAE863B8BAC89DC284F2319F0705DB459369D32F00000000000000000000000000000000 B951544D5CFC462AACB45628B948CBAD YES XTS		  4

3 rows selected.

== Datafiles of encrypted tablespaces ==================================

no rows selected

2026-09-11 08:24:20 INFO  collecting key chain evidence from odbencdev (PDB ODBENCPROD)

Session altered.


Session altered.

========================================================================
== TDE key chain evidence snapshot =====================================
========================================================================
== Identity of this database ===========================================

CONTAINER	     DB_NAME	  DB_UNIQUE_NAME	 DBID CREATED	LOG_MODE     OPEN_MODE
-------------------- ------------ ---------------- ---------- --------- ------------ --------------------
ODBENCPROD	     FREE	  FREE		   1515727551 11-SEP-26 ARCHIVELOG   READ WRITE

1 row selected.

== Keystore state from v$encryption_wallet =============================

WRL_TYPE WRL_PARAMETER								STATUS		   WALLET_TYPE	   KEYSTORE CON_ID
-------- ---------------------------------------------------------------------- ------------------ --------------- -------- ------
FILE										OPEN		   PASSWORD	   UNITED	 4

1 row selected.

== Master encryption keys from v$encryption_keys =======================

KEY_ID							 KEY_USE    KEYSTORE_TYPE  ORIGIN     BACKED_UP CREATION_TIME	       ACTIVATION_TIME
-------------------------------------------------------- ---------- -------------- ---------- --------- ---------------------- ----------------------
CREATOR_PDBNAME
--------------------------------------------------------------------------------------------------------------------------------
ACTIVATING_PDBNAME														 CON_ID
-------------------------------------------------------------------------------------------------------------------------------- ------
AUSOiatlvkmSlZ5shmpLSQcAAAAAAAAAAAAAAAAAAAAAAAAAAAAA	 TDE IN PDB SOFTWARE KEYST LOCAL      YES	11.09.2026 06:09:44    11.09.2026 06:09:44
								    ORE
ODBENCPROD
ODBENCPROD															      4

AblRVE1c/EYqrLRWKLlIy60AAAAAAAAAAAAAAAAAAAAAAAAAAAAA	 TDE IN PDB SOFTWARE KEYST LOCAL      NO	11.09.2026 06:24:11    11.09.2026 06:24:11
								    ORE
ODBENCPROD
ODBENCPROD															      4


2 rows selected.

== Tablespace key chain from v$encrypted_tablespaces ===================

TS_NAME 		    TS# ENCRYPTI ENC MASTERKEYID_HEX			KEY_VERSION STATUS	       ENCRYPTEDKEY_HEX 						  BLOCKS_ENCRYPTED BLOCKS_DECRYPTED CON_ID
-------------------- ---------- -------- --- ---------------------------------- ----------- ------------------ ------------------------------------------------------------------ ---------------- ---------------- ------
USERS			      6 AES256	 YES B951544D5CFC462AACB45628B948CBAD		  3 NORMAL	       E5DA70D44292035C9E6224BA33811034382D052417D970C8097F46F0089F2775 		 0		  1	 4

1 row selected.

== Full v$encrypted_tablespaces row (version specific columns) =========

       TS# ENCRYPTI ENC ENCRYPTEDKEY							 MASTERKEYID			  BLOCKS_ENCRYPTED BLOCKS_DECRYPTED KEY_VERSION STATUS		   CIPHERMODE	 CON_ID
---------- -------- --- ---------------------------------------------------------------- -------------------------------- ---------------- ---------------- ----------- ------------------ ------------- ------
	 6 AES256   YES E5DA70D44292035C9E6224BA33811034382D052417D970C8097F46F0089F2775 B951544D5CFC462AACB45628B948CBAD		 0		  1	      3 NORMAL		   XTS		      4

1 row selected.

== Implicit database key for SYSTEM / UNDO / TEMP ======================

ENCRYPTI ENCRYPTEDKEY											  MASTERKEYID			   MAS CIPHERMODE    CON_ID
-------- ------------------------------------------------------------------------------------------------ -------------------------------- --- ------------- ------
AES256	 0188D2B96748E08FE87F5A70BAE863B8BAC89DC284F2319F0705DB459369D32F00000000000000000000000000000000 B951544D5CFC462AACB45628B948CBAD YES XTS		  4

1 row selected.

== Datafiles of encrypted tablespaces ==================================

TS_NAME 	     RELATIVE_FNO FILE_NAME								     BLOCKS BLOCK_SIZE	    BYTES
-------------------- ------------ ---------------------------------------------------------------------- ---------- ---------- ----------
USERS			     1024 /opt/oracle/oradata/FREE/5B2FECF6497C1018E063020013AC1150/datafile/o1_       2560	  8192	 20971520
				  mf_users_ob76s922_.dbf


1 row selected.

2026-09-11 08:24:21 INFO  listing datafiles of tablespace USERS in PDB ODBENCPROD
2026-09-11 08:24:21 INFO  found 1 datafile(s)
2026-09-11 08:24:21 INFO  fingerprinting o1_mf_users_ob76s922_.dbf (block size 8192)
wrote /Users/stefan.oehrli/Repos/own/oehrlis/oracle-free-labs/data/xchange/evidence/variant_d/o1_mf_users_ob76s922_.dbf.fp
2026-09-11 08:24:21 INFO  scanning o1_mf_users_ob76s922_.dbf for the clear-text marker
no hits - needle not present as plaintext in this datafile
2026-09-11 08:24:22 INFO  manifest written to /Users/stefan.oehrli/Repos/own/oehrlis/oracle-free-labs/data/xchange/evidence/variant_d/manifest.txt
2026-09-11 08:24:22 INFO  Done.

========================================================================
== Compare 'variant_d' vs 'baseline'
========================================================================
2026-09-11 08:24:22 INFO  comparing evidence sets 'baseline' vs 'variant_d'
2026-09-11 08:24:22 INFO  Starting tde_evidence.sh 0.1.0

== Block-level ciphertext comparison ==
A: baseline/o1_mf_users_ob76s922_.dbf.fp
B: variant_d/o1_mf_users_ob76s922_.dbf.fp
block_size A/B: 8192/8192
blocks compared: 2561
identical: 1406
differing: 1155
first differing blocks: [0, 1, 1408, 1409, 1410, 1411, 1412, 1413, 1414, 1415, 1416, 1417, 1418, 1419, 1420, 1421, 1422, 1423, 1424, 1425]
... and 1135 more
verdict: MIXED - 1155 of 2561 blocks changed; inspect which ranges differ before drawing a conclusion
2026-09-11 08:24:22 INFO  compared 1 datafile(s)
2026-09-11 08:24:22 INFO  Done.
canary blocks:   identical 313 differing 0 total 313

Key summary for variant_d (clone):
  MASTERKEYID : B951544D5CFC462AACB45628B948CBAD
  Wrapped TEK : E5DA70D44292035C9E6224BA33811034382D052417D970C8097F46F0089F2775

Key summary for baseline  (source):
  MASTERKEYID : 448E89AB65BE4992959E6C866A4B4907
  Wrapped TEK : 7C410458C6D61BBDAFBE556CD21EEE9BD71CA73898BFEC48EFFADDBD0E112BC6

Wrapped TEK:     DIFFERENT (expected - re-wrapped under the new dev MEK)
MASTERKEYID:     DIFFERENT (expected - a new dev MEK was set)
Note:            the wrapped TEK is not evidence either way - it
                 changes on a pure re-wrap as well. The verdict is
                 taken from the canary ciphertext above.

------------------------------------------------------------------------
VERDICT: PASS - canary ciphertext IDENTICAL (identical 313 differing 0 total 313) - the OFFLINE DECRYPT/ENCRYPT cycle reproduces the source ciphertext, so the tablespace key material is unchanged; the differing wrapped TEK is the re-wrap under the new dev MEK
------------------------------------------------------------------------
2026-09-11 08:24:24 INFO  Done.

========================================================================
  STEP 60: Variant F: chain-breaking path (new TEK)
  Script: /Users/stefan.oehrli/Repos/own/oehrlis/oracle-free-labs/scripts/tde-verify/tests/60_variant_f.sh
  Time:   2026-09-11 08:24:24
========================================================================
2026-09-11 08:24:24 INFO  Starting 60_variant_f.sh 0.1.0

========================================================================
== Step 60: Variant F - chain-breaking path (new TEK)
========================================================================

========================================================================
== Reset odbencdev
========================================================================
2026-09-11 08:24:24 INFO  resetting service 'odbencdev' ...
 Container odbencdev Stopping 
 Container odbencdev Stopped 
 Container odbencdev Removing 
 Container odbencdev Removed 
 Network oracle-free-labs_default Removing 
 Network oracle-free-labs_default Resource is still in use 
2026-09-11 08:24:27 INFO  removing /Users/stefan.oehrli/Repos/own/oehrlis/oracle-free-labs/data/odbencdev
2026-09-11 08:24:27 INFO  restored tracked files under data/odbencdev
2026-09-11 08:24:27 INFO  service 'odbencdev' reset complete
2026-09-11 08:24:27 INFO  starting service 'odbencdev' ...
 Container odbencdev Creating 
 Container odbencdev Created 
 Container odbencdev Starting 
 Container odbencdev Started 
2026-09-11 08:24:28 INFO  waiting for odbencdev to be ready (timeout 600s) ...
2026-09-11 08:26:32 INFO  odbencdev is ready

========================================================================
== Phase 1: Variant A base (RESTORE with prod keystore)
========================================================================
2026-09-11 08:26:32 INFO  Starting tde_clone.sh 0.1.0
2026-09-11 08:26:32 INFO  variant a: replacing the target keystore with the source keystore
2026-09-11 08:26:32 INFO  backing the target keystore up to /opt/oracle/xchange/wallet_dev_pristine
2026-09-11 08:26:32 INFO  backup verified, keystore file present and non-empty
2026-09-11 08:26:32 INFO  staging the source keystore into /opt/oracle/dbconfig/FREE/wallet
2026-09-11 08:26:32 INFO  shutting the target down and starting it NOMOUNT
Database closed.
Database dismounted.
ORACLE instance shut down.
ORACLE instance started.

Total System Global Area 1603392144 bytes
Fixed Size		    5026448 bytes
Variable Size		  419430400 bytes
Database Buffers	 1174405120 bytes
Redo Buffers		    4530176 bytes
2026-09-11 08:26:35 INFO  moving stale online redo logs to /opt/oracle/xchange/stale_redo_odbencdev
moved /opt/oracle/oradata/FREE/redo01.log
moved /opt/oracle/oradata/FREE/redo02.log
moved /opt/oracle/oradata/FREE/redo03.log
2026-09-11 08:26:36 INFO  restoring the source control file and mounting
2026-09-11 08:26:36 INFO  control file autobackup: cf_c-1515727551-20260911-00

Recovery Manager: Release 23.26.3.0.0 - Production on Fri Sep 11 08:26:36 2026
Version 23.26.3.0.0

Copyright (c) 1982, 2026, Oracle and/or its affiliates.  All rights reserved.

connected to target database: FREE (not mounted)

RMAN> 

RMAN> SET DBID 1515727551;
executing command: SET DBID


RMAN> RUN {
2>   ALLOCATE CHANNEL c1 DEVICE TYPE DISK;
3>   SET CONTROLFILE AUTOBACKUP FORMAT FOR DEVICE TYPE DISK TO '/opt/oracle/xchange/backup/cf_%F';
4>   RESTORE CONTROLFILE FROM '/opt/oracle/xchange/backup/cf_c-1515727551-20260911-00';
5>   ALTER DATABASE MOUNT;
6>   RELEASE CHANNEL c1;
7> }
using target database control file instead of recovery catalog
allocated channel: c1
channel c1: SID=162 device type=DISK

executing command: SET CONTROLFILE AUTOBACKUP FORMAT

Starting restore at 11-SEP-26

channel c1: restoring control file
channel c1: restore complete, elapsed time: 00:00:01
output file name=/opt/oracle/oradata/FREE/control01.ctl
output file name=/opt/oracle/oradata/FREE/control02.ctl
Finished restore at 11-SEP-26

Statement processed

released channel: c1


RMAN> EXIT


Recovery Manager complete.

Recovery Manager: Release 23.26.3.0.0 - Production on Fri Sep 11 08:26:38 2026
Version 23.26.3.0.0

Copyright (c) 1982, 2026, Oracle and/or its affiliates.  All rights reserved.

connected to target database: FREE (DBID=1515727551, not open)

RMAN> 

RMAN> CONFIGURE CONTROLFILE AUTOBACKUP FORMAT FOR DEVICE TYPE DISK TO '/opt/oracle/oradata/cf_target_%F';
using target database control file instead of recovery catalog
old RMAN configuration parameters:
CONFIGURE CONTROLFILE AUTOBACKUP FORMAT FOR DEVICE TYPE DISK TO '/opt/oracle/xchange/backup/cf_%F';
new RMAN configuration parameters:
CONFIGURE CONTROLFILE AUTOBACKUP FORMAT FOR DEVICE TYPE DISK TO '/opt/oracle/oradata/cf_target_%F';
new RMAN configuration parameters are successfully stored


RMAN> EXIT


Recovery Manager complete.
2026-09-11 08:26:39 INFO  opening the target keystore with the stored keystore password

    CON_ID STATUS	  WALLET_TYPE
---------- -------------- ----------------
	 1 OPEN 	  PASSWORD
2026-09-11 08:26:39 INFO  cataloging the backup pieces

Recovery Manager: Release 23.26.3.0.0 - Production on Fri Sep 11 08:26:39 2026
Version 23.26.3.0.0

Copyright (c) 1982, 2026, Oracle and/or its affiliates.  All rights reserved.

connected to target database: FREE (DBID=1515727551, not open)

RMAN> 

RMAN> RUN {
2>   ALLOCATE CHANNEL c1 DEVICE TYPE DISK;
3>   # No CATALOG: both containers see the exchange directory at the same path, so
4>   # the restored control file already knows the source pieces. Cataloging would
5>   # also pick up a previous clone's control file autobackup and its incarnation,
6>   # which makes recovery fail with ORA-19912.
7>   RELEASE CHANNEL c1;
8> }
using target database control file instead of recovery catalog
allocated channel: c1
channel c1: SID=4 device type=DISK

released channel: c1


RMAN> EXIT


Recovery Manager complete.
2026-09-11 08:26:40 INFO  restoring with: RESTORE DATABASE;
2026-09-11 08:26:40 INFO  recovery will stop before archived log sequence 6

Recovery Manager: Release 23.26.3.0.0 - Production on Fri Sep 11 08:26:40 2026
Version 23.26.3.0.0

Copyright (c) 1982, 2026, Oracle and/or its affiliates.  All rights reserved.

connected to target database: FREE (DBID=1515727551, not open)

RMAN> 

RMAN> RUN {
2>   ALLOCATE CHANNEL c1 DEVICE TYPE DISK;
3>   SET UNTIL SEQUENCE 6 THREAD 1;
4>   RESTORE DATABASE;
5>   RECOVER DATABASE;
6>   RELEASE CHANNEL c1;
7> }
using target database control file instead of recovery catalog
allocated channel: c1
channel c1: SID=38 device type=DISK

executing command: SET until clause (SEQUENCE)

Starting restore at 11-SEP-26

channel c1: starting datafile backup set restore
channel c1: specifying datafile(s) to restore from backup set
channel c1: restoring datafile 00001 to /opt/oracle/oradata/FREE/system01.dbf
channel c1: restoring datafile 00003 to /opt/oracle/oradata/FREE/sysaux01.dbf
channel c1: restoring datafile 00007 to /opt/oracle/oradata/FREE/users01.dbf
channel c1: restoring datafile 00011 to /opt/oracle/oradata/FREE/undotbs01.dbf
channel c1: reading from backup piece /opt/oracle/xchange/backup/021u6qj1_2_1_1
channel c1: piece handle=/opt/oracle/xchange/backup/021u6qj1_2_1_1 tag=TAG20260911T081217
channel c1: restored backup piece 1
channel c1: restore complete, elapsed time: 00:00:03
channel c1: starting datafile backup set restore
channel c1: specifying datafile(s) to restore from backup set
channel c1: restoring datafile 00016 to /opt/oracle/oradata/FREE/5B2FECF6497C1018E063020013AC1150/datafile/o1_mf_system_ob76rlm9_.dbf
channel c1: restoring datafile 00017 to /opt/oracle/oradata/FREE/5B2FECF6497C1018E063020013AC1150/datafile/o1_mf_sysaux_ob76rlmc_.dbf
channel c1: restoring datafile 00018 to /opt/oracle/oradata/FREE/5B2FECF6497C1018E063020013AC1150/datafile/o1_mf_undotbs1_ob76rlmc_.dbf
channel c1: restoring datafile 00019 to /opt/oracle/oradata/FREE/5B2FECF6497C1018E063020013AC1150/datafile/o1_mf_audit_da_ob76ro9y_.dbf
channel c1: restoring datafile 00020 to /opt/oracle/oradata/FREE/5B2FECF6497C1018E063020013AC1150/datafile/o1_mf_users_ob76s922_.dbf
channel c1: restoring datafile 00021 to /opt/oracle/oradata/FREE/5B2FECF6497C1018E063020013AC1150/datafile/o1_mf_canary_p_ob76xrkr_.dbf
channel c1: reading from backup piece /opt/oracle/xchange/backup/034u6qj4_3_1_1
channel c1: piece handle=/opt/oracle/xchange/backup/034u6qj4_3_1_1 tag=TAG20260911T081217
channel c1: restored backup piece 1
channel c1: restore complete, elapsed time: 00:00:03
channel c1: starting datafile backup set restore
channel c1: specifying datafile(s) to restore from backup set
channel c1: restoring datafile 00002 to /opt/oracle/oradata/FREE/pdbseed/system01.dbf
channel c1: restoring datafile 00004 to /opt/oracle/oradata/FREE/pdbseed/sysaux01.dbf
channel c1: restoring datafile 00009 to /opt/oracle/oradata/FREE/pdbseed/undotbs01.dbf
channel c1: reading from backup piece /opt/oracle/xchange/backup/045u6qj5_4_1_1
channel c1: piece handle=/opt/oracle/xchange/backup/045u6qj5_4_1_1 tag=TAG20260911T081217
channel c1: restored backup piece 1
channel c1: restore complete, elapsed time: 00:00:01
Finished restore at 11-SEP-26

Starting recover at 11-SEP-26
datafile 20 not processed because file is read-only
datafile 21 not processed because file is read-only

starting media recovery

channel c1: starting archived log restore to default destination
channel c1: restoring archived log
archived log thread=1 sequence=5
channel c1: reading from backup piece /opt/oracle/xchange/backup/056u6qj6_5_1_1
channel c1: piece handle=/opt/oracle/xchange/backup/056u6qj6_5_1_1 tag=TAG20260911T081222
channel c1: restored backup piece 1
channel c1: restore complete, elapsed time: 00:00:01
recovery status time_needed 2026-09-11 08:12:17
archived log file name=/opt/oracle/product/26ai/dbhomeFree/dbs/arch1_5_1243670912.dbf thread=1 sequence=5
media recovery complete, elapsed time: 00:00:00
Finished recover at 11-SEP-26

released channel: c1


RMAN> EXIT


Recovery Manager complete.
2026-09-11 08:26:50 INFO  opening the target with RESETLOGS

Database altered.


Pluggable database altered.


      DBID NAME      OPEN_MODE		  LOG_MODE
---------- --------- -------------------- ------------
1515727551 FREE      READ WRITE 	  ARCHIVELOG

2026-09-11 08:26:52 INFO  recreating the auto-login keystore on the target host

    CON_ID STATUS		WALLET_TYPE
---------- -------------------- ----------------
	 1 OPEN 		PASSWORD
	 2 CLOSED		UNKNOWN
	 4 OPEN 		PASSWORD
2026-09-11 08:26:53 INFO  target keystore open via local auto-login
2026-09-11 08:26:53 INFO  Done.

========================================================================
== Phase 2: OFFLINE DECRYPT USERS
========================================================================

Session altered.


Tablespace altered.


Tablespace altered.


Tablespace altered.


Tablespace altered.


System altered.


ENC_TS_REMAINING
----------------
	       0
2026-09-11 08:27:01 INFO  Gate OK: V$ENCRYPTED_TABLESPACES = 0 rows, all tablespaces decrypted

========================================================================
== Phase 2b: swap the PDB undo tablespace to drop encrypted undo
========================================================================

Session altered.


Tablespace created.


System altered.
2026-09-11 08:27:02 INFO  old undo tablespace dropped on attempt 1

Session altered.


TABLESPACE_NAME 	       STATUS	 CONTENTS
------------------------------ --------- ---------------------
UNDOTBS_CLEAN		       ONLINE	 UNDO

1 row selected.

========================================================================
== Phase 3: Remove prod keystore, create fresh dev keystore
========================================================================
prod keystore moved to /opt/oracle/xchange/wallet_prod_used_f
fresh empty keystore directory: /opt/oracle/dbconfig/FREE/wallet/tde

========================================================================
== Restart instance to drop the auto-login keystore from memory
========================================================================
Database closed.
Database dismounted.
ORACLE instance shut down.
ORACLE instance started.

Total System Global Area 1603392144 bytes
Fixed Size		    5026448 bytes
Variable Size		  436207616 bytes
Database Buffers	 1157627904 bytes
Redo Buffers		    4530176 bytes
Database mounted.
Database opened.

Pluggable database altered.


    CON_ID STATUS			  WALLET_TYPE
---------- ------------------------------ --------------------
	 1 NOT_AVAILABLE		  UNKNOWN
	 2 NOT_AVAILABLE		  UNKNOWN
	 4 NOT_AVAILABLE		  UNKNOWN


keystore altered.


keystore altered.


no rows selected


========================================================================
== Phase 4+5: In PDB - _db_discard_lost_masterkey + SET KEY
========================================================================

Session altered.


System altered.


keystore altered.


    CON_ID
----------
KEY_ID
------------------------------------------------------------------------------
KEYSTORE_TYPE	  ORIGIN
----------------- -----------------------------------------
	 4
AaE/PChdCUGrh8ozas65hOkAAAAAAAAAAAAAAAAAAAAAAAAAAAAA
SOFTWARE KEYSTORE LOCAL



PROD_KEYS_REMAINING
-------------------
		  0


========================================================================
== Phase 6: OFFLINE ENCRYPT USERS
========================================================================

Session altered.


Tablespace altered.


Tablespace altered.


Tablespace altered.


System altered.


TABLESPACE_NAME 	       STATUS	 ENC
------------------------------ --------- ---
USERS			       ONLINE	 YES


RAWTOHEX(MASTERKEYID)
--------------------------------
RAWTOHEX(ENCRYPTEDKEY)						 KEY_VERSION
---------------------------------------------------------------- -----------
A13F3C285D0941AB87CA336ACEB984E9
B3B88E7A376465A3A8C34E0662AF215B9810840BC53C5ED2B077BBD917FAA7AB	   3

========================================================================
== Collect evidence set 'variant_f'
========================================================================
2026-09-11 08:27:15 INFO  collecting evidence set 'variant_f' from odbencdev
2026-09-11 08:27:15 INFO  Starting tde_evidence.sh 0.1.0
2026-09-11 08:27:15 INFO  evidence set 'variant_f' -> /Users/stefan.oehrli/Repos/own/oehrlis/oracle-free-labs/data/xchange/evidence/variant_f
2026-09-11 08:27:15 INFO  collecting key chain evidence from odbencdev (CDB$ROOT)

Session altered.

========================================================================
== TDE key chain evidence snapshot =====================================
========================================================================
== Identity of this database ===========================================

CONTAINER	     DB_NAME	  DB_UNIQUE_NAME	 DBID CREATED	LOG_MODE     OPEN_MODE
-------------------- ------------ ---------------- ---------- --------- ------------ --------------------
CDB$ROOT	     FREE	  FREE		   1515727551 11-SEP-26 ARCHIVELOG   READ WRITE

1 row selected.

== Keystore state from v$encryption_wallet =============================

WRL_TYPE WRL_PARAMETER								STATUS		   WALLET_TYPE	   KEYSTORE CON_ID
-------- ---------------------------------------------------------------------- ------------------ --------------- -------- ------
FILE	 /opt/oracle/dbconfig/FREE/wallet/tde/					OPEN		   PASSWORD	   NONE 	 1
FILE										OPEN		   PASSWORD	   UNITED	 2
FILE										OPEN		   PASSWORD	   UNITED	 4

3 rows selected.

== Master encryption keys from v$encryption_keys =======================

KEY_ID							 KEY_USE    KEYSTORE_TYPE  ORIGIN     BACKED_UP CREATION_TIME	       ACTIVATION_TIME
-------------------------------------------------------- ---------- -------------- ---------- --------- ---------------------- ----------------------
CREATOR_PDBNAME
--------------------------------------------------------------------------------------------------------------------------------
ACTIVATING_PDBNAME														 CON_ID
-------------------------------------------------------------------------------------------------------------------------------- ------
AaE/PChdCUGrh8ozas65hOkAAAAAAAAAAAAAAAAAAAAAAAAAAAAA	 TDE IN PDB SOFTWARE KEYST LOCAL      NO	11.09.2026 06:27:06    11.09.2026 06:27:06
								    ORE
ODBENCPROD
ODBENCPROD															      4


1 row selected.

== Tablespace key chain from v$encrypted_tablespaces ===================

TS_NAME 		    TS# ENCRYPTI ENC MASTERKEYID_HEX			KEY_VERSION STATUS	       ENCRYPTEDKEY_HEX 						  BLOCKS_ENCRYPTED BLOCKS_DECRYPTED CON_ID
-------------------- ---------- -------- --- ---------------------------------- ----------- ------------------ ------------------------------------------------------------------ ---------------- ---------------- ------
USERS			      6 AES256	 YES A13F3C285D0941AB87CA336ACEB984E9		  3 NORMAL	       B3B88E7A376465A3A8C34E0662AF215B9810840BC53C5ED2B077BBD917FAA7AB 		 0		  1	 4

1 row selected.

== Full v$encrypted_tablespaces row (version specific columns) =========

       TS# ENCRYPTI ENC ENCRYPTEDKEY							 MASTERKEYID			  BLOCKS_ENCRYPTED BLOCKS_DECRYPTED KEY_VERSION STATUS		   CIPHERMODE	 CON_ID
---------- -------- --- ---------------------------------------------------------------- -------------------------------- ---------------- ---------------- ----------- ------------------ ------------- ------
	 6 AES256   YES B3B88E7A376465A3A8C34E0662AF215B9810840BC53C5ED2B077BBD917FAA7AB A13F3C285D0941AB87CA336ACEB984E9		 0		  1	      3 NORMAL		   XTS		      4

1 row selected.

== Implicit database key for SYSTEM / UNDO / TEMP ======================

ENCRYPTI ENCRYPTEDKEY											  MASTERKEYID			   MAS CIPHERMODE    CON_ID
-------- ------------------------------------------------------------------------------------------------ -------------------------------- --- ------------- ------
AES256	 81F7D08AB56A93F523D0ACB637C596CD9A705599B83317711A979673B0E2B39E00000000000000000000000000000000 0EC5593727B14BB7A5C940AAAFE18570 YES XTS		  1
NONE	 000000000000000000000000000000000000000000000000000000000000000000000000000000000000000000000000 00000000000000000000000000000000 NO  CFB		  2
AES256	 B3B88E7A376465A3A8C34E0662AF215B9810840BC53C5ED2B077BBD917FAA7AB00000000000000000000000000000000 A13F3C285D0941AB87CA336ACEB984E9 YES XTS		  4

3 rows selected.

== Datafiles of encrypted tablespaces ==================================

no rows selected

2026-09-11 08:27:15 INFO  collecting key chain evidence from odbencdev (PDB ODBENCPROD)

Session altered.


Session altered.

========================================================================
== TDE key chain evidence snapshot =====================================
========================================================================
== Identity of this database ===========================================

CONTAINER	     DB_NAME	  DB_UNIQUE_NAME	 DBID CREATED	LOG_MODE     OPEN_MODE
-------------------- ------------ ---------------- ---------- --------- ------------ --------------------
ODBENCPROD	     FREE	  FREE		   1515727551 11-SEP-26 ARCHIVELOG   READ WRITE

1 row selected.

== Keystore state from v$encryption_wallet =============================

WRL_TYPE WRL_PARAMETER								STATUS		   WALLET_TYPE	   KEYSTORE CON_ID
-------- ---------------------------------------------------------------------- ------------------ --------------- -------- ------
FILE										OPEN		   PASSWORD	   UNITED	 4

1 row selected.

== Master encryption keys from v$encryption_keys =======================

KEY_ID							 KEY_USE    KEYSTORE_TYPE  ORIGIN     BACKED_UP CREATION_TIME	       ACTIVATION_TIME
-------------------------------------------------------- ---------- -------------- ---------- --------- ---------------------- ----------------------
CREATOR_PDBNAME
--------------------------------------------------------------------------------------------------------------------------------
ACTIVATING_PDBNAME														 CON_ID
-------------------------------------------------------------------------------------------------------------------------------- ------
AaE/PChdCUGrh8ozas65hOkAAAAAAAAAAAAAAAAAAAAAAAAAAAAA	 TDE IN PDB SOFTWARE KEYST LOCAL      NO	11.09.2026 06:27:06    11.09.2026 06:27:06
								    ORE
ODBENCPROD
ODBENCPROD															      4


1 row selected.

== Tablespace key chain from v$encrypted_tablespaces ===================

TS_NAME 		    TS# ENCRYPTI ENC MASTERKEYID_HEX			KEY_VERSION STATUS	       ENCRYPTEDKEY_HEX 						  BLOCKS_ENCRYPTED BLOCKS_DECRYPTED CON_ID
-------------------- ---------- -------- --- ---------------------------------- ----------- ------------------ ------------------------------------------------------------------ ---------------- ---------------- ------
USERS			      6 AES256	 YES A13F3C285D0941AB87CA336ACEB984E9		  3 NORMAL	       B3B88E7A376465A3A8C34E0662AF215B9810840BC53C5ED2B077BBD917FAA7AB 		 0		  1	 4

1 row selected.

== Full v$encrypted_tablespaces row (version specific columns) =========

       TS# ENCRYPTI ENC ENCRYPTEDKEY							 MASTERKEYID			  BLOCKS_ENCRYPTED BLOCKS_DECRYPTED KEY_VERSION STATUS		   CIPHERMODE	 CON_ID
---------- -------- --- ---------------------------------------------------------------- -------------------------------- ---------------- ---------------- ----------- ------------------ ------------- ------
	 6 AES256   YES B3B88E7A376465A3A8C34E0662AF215B9810840BC53C5ED2B077BBD917FAA7AB A13F3C285D0941AB87CA336ACEB984E9		 0		  1	      3 NORMAL		   XTS		      4

1 row selected.

== Implicit database key for SYSTEM / UNDO / TEMP ======================

ENCRYPTI ENCRYPTEDKEY											  MASTERKEYID			   MAS CIPHERMODE    CON_ID
-------- ------------------------------------------------------------------------------------------------ -------------------------------- --- ------------- ------
AES256	 B3B88E7A376465A3A8C34E0662AF215B9810840BC53C5ED2B077BBD917FAA7AB00000000000000000000000000000000 A13F3C285D0941AB87CA336ACEB984E9 YES XTS		  4

1 row selected.

== Datafiles of encrypted tablespaces ==================================

TS_NAME 	     RELATIVE_FNO FILE_NAME								     BLOCKS BLOCK_SIZE	    BYTES
-------------------- ------------ ---------------------------------------------------------------------- ---------- ---------- ----------
USERS			     1024 /opt/oracle/oradata/FREE/5B2FECF6497C1018E063020013AC1150/datafile/o1_       2560	  8192	 20971520
				  mf_users_ob76s922_.dbf


1 row selected.

2026-09-11 08:27:15 INFO  listing datafiles of tablespace USERS in PDB ODBENCPROD
2026-09-11 08:27:16 INFO  found 1 datafile(s)
2026-09-11 08:27:16 INFO  fingerprinting o1_mf_users_ob76s922_.dbf (block size 8192)
wrote /Users/stefan.oehrli/Repos/own/oehrlis/oracle-free-labs/data/xchange/evidence/variant_f/o1_mf_users_ob76s922_.dbf.fp
2026-09-11 08:27:16 INFO  scanning o1_mf_users_ob76s922_.dbf for the clear-text marker
no hits - needle not present as plaintext in this datafile
2026-09-11 08:27:17 INFO  manifest written to /Users/stefan.oehrli/Repos/own/oehrlis/oracle-free-labs/data/xchange/evidence/variant_f/manifest.txt
2026-09-11 08:27:17 INFO  Done.

========================================================================
== Compare 'variant_f' vs 'baseline' (expect DIFFERENT)
========================================================================
2026-09-11 08:27:17 INFO  comparing evidence sets 'baseline' vs 'variant_f'
2026-09-11 08:27:17 INFO  Starting tde_evidence.sh 0.1.0

== Block-level ciphertext comparison ==
A: baseline/o1_mf_users_ob76s922_.dbf.fp
B: variant_f/o1_mf_users_ob76s922_.dbf.fp
block_size A/B: 8192/8192
blocks compared: 2561
identical: 0
differing: 2561
first differing blocks: [0, 1, 2, 3, 4, 5, 6, 7, 8, 9, 10, 11, 12, 13, 14, 15, 16, 17, 18, 19]
... and 2541 more
verdict: RE-ENCRYPT INDICATED - every comparable block changed
2026-09-11 08:27:17 INFO  compared 1 datafile(s)
2026-09-11 08:27:17 INFO  Done.
canary blocks:   identical 0 differing 313 total 313 (expect all differing)

Key summary for variant_f (clone):
  MASTERKEYID : A13F3C285D0941AB87CA336ACEB984E9
  Wrapped TEK : B3B88E7A376465A3A8C34E0662AF215B9810840BC53C5ED2B077BBD917FAA7AB

Key summary for baseline  (source):
  MASTERKEYID : 448E89AB65BE4992959E6C866A4B4907
  Wrapped TEK : 7C410458C6D61BBDAFBE556CD21EEE9BD71CA73898BFEC48EFFADDBD0E112BC6

TEK comparison: DIFFERENT (expected)

------------------------------------------------------------------------
VERDICT: PASS - TEK DIFFERS and the canary ciphertext changed with it (identical 0 differing 313 total 313) - new key material, chain broken. Same OFFLINE ENCRYPT as variant D, which reproduced the ciphertext: the difference is the renewed Database Key
------------------------------------------------------------------------
2026-09-11 08:27:19 INFO  Done.

========================================================================
  STEP 61: PDB testbed: create PDBCLONE with canary tables and c##clone user
  Script: /Users/stefan.oehrli/Repos/own/oehrlis/oracle-free-labs/scripts/tde-verify/tests/61_pdb_testbed.sh
  Time:   2026-09-11 08:27:19
========================================================================
2026-09-11 08:27:19 INFO  Starting 61_pdb_testbed.sh 0.1.0

========================================================================
== Step 61: PDB testbed - create PDBCLONE with canary tables
========================================================================
2026-09-11 08:27:20 INFO  db_create_file_dest set to /opt/oracle/oradata in odbencprod

========================================================================
== Drop PDBCLONE if exists (idempotency)
========================================================================
ALTER PLUGGABLE DATABASE PDBCLONE CLOSE IMMEDIATE
*
ERROR at line 1:
ORA-65011: Pluggable database PDBCLONE does not exist.
Help: https://docs.oracle.com/error-help/db/ora-65011/


DROP PLUGGABLE DATABASE PDBCLONE INCLUDING DATAFILES
*
ERROR at line 1:
ORA-65011: Pluggable database PDBCLONE does not exist.
Help: https://docs.oracle.com/error-help/db/ora-65011/



STATUS
--------------------------
PDBCLONE drop attempt done

========================================================================
== Create PDB PDBCLONE
========================================================================

Pluggable database created.


Pluggable database altered.


Pluggable database altered.


NAME
--------------------------------------------------------------------------------
OPEN_MODE
----------
PDBCLONE
READ WRITE



========================================================================
== Set master key for PDBCLONE
========================================================================

Session altered.


keystore altered.


    CON_ID
----------
KEY_ID
------------------------------------------------------------------------------
ORIGIN
-----------------------------------------
	 3
Ab7hl0VthUfwidWHKHZSZgkAAAAAAAAAAAAAAAAAAAAAAAAAAAAA
LOCAL



========================================================================
== Create tablespaces CLONE_ENC and CLONE_PLAIN in PDBCLONE
========================================================================

Session altered.

DROP TABLESPACE CLONE_ENC INCLUDING CONTENTS AND DATAFILES
*
ERROR at line 1:
ORA-00959: tablespace 'CLONE_ENC' does not exist
Help: https://docs.oracle.com/error-help/db/ora-00959/


DROP TABLESPACE CLONE_PLAIN INCLUDING CONTENTS AND DATAFILES
*
ERROR at line 1:
ORA-00959: tablespace 'CLONE_PLAIN' does not exist
Help: https://docs.oracle.com/error-help/db/ora-00959/



Tablespace created.


Tablespace created.


TABLESPACE_NAME 	       ENC
------------------------------ ---
CLONE_ENC		       YES
CLONE_PLAIN		       NO

========================================================================
== Create canary schema SCOTT in PDBCLONE
========================================================================

Session altered.


User created.


Grant succeeded.


User altered.


User altered.


USERNAME
--------------------------------------------------------------------------------
ACCOUNT_STATUS
--------------------------------
SCOTT
OPEN

========================================================================
== Create canary in CLONE_ENC (encrypted)
========================================================================

Session altered.

========================================================================
== Create canary table SCOTT.CANARY_CLONEENC in CLONE_ENC
========================================================================
no existing SCOTT.CANARY_CLONEENC to drop

PL/SQL procedure successfully completed.


Table created.


5000 rows created.


Commit complete.

== Row count and segment size ==========================================

CANARY_ROWS
-----------
       5000

1 row selected.


OWNER		     TABLE_NAME 	  TS_NAME		   BLOCKS      BYTES
-------------------- -------------------- -------------------- ---------- ----------
SCOTT		     CANARY_CLONEENC	  CLONE_ENC		      384    3145728

1 row selected.

== Physical block range of the canary rows =============================

RELATIVE_FNO  MIN_BLOCK  MAX_BLOCK DISTINCT_BLOCKS ROWS_TOTAL
------------ ---------- ---------- --------------- ----------
	   0	    779       1279	       313	 5000

1 row selected.

== Datafile holding the canary ==========================================

RELATIVE_FNO FILE_NAME								    BLOCK_SIZE	   BLOCKS      BYTES
------------ ---------------------------------------------------------------------- ---------- ---------- ----------
	1024 /opt/oracle/oradata/FREE/5B302D3B02D518DEE063020013AC5DD0/datafile/o1_	  8192	     6400   52428800
	     mf_clone_en_ob77tf6r_.dbf


1 row selected.

== Marker for the host side plain-text scan ============================

MARKER
----------------------------------------
OEHRLI-CANARY-2026-09-03

1 row selected.

========================================================================
== Create canary in CLONE_PLAIN (plain control)
========================================================================

Session altered.

========================================================================
== Create canary table SCOTT.CANARY_CLONEPLAIN in CLONE_PLAIN
========================================================================
no existing SCOTT.CANARY_CLONEPLAIN to drop

PL/SQL procedure successfully completed.


Table created.


5000 rows created.


Commit complete.

== Row count and segment size ==========================================

CANARY_ROWS
-----------
       5000

1 row selected.


OWNER		     TABLE_NAME 	  TS_NAME		   BLOCKS      BYTES
-------------------- -------------------- -------------------- ---------- ----------
SCOTT		     CANARY_CLONEPLAIN	  CLONE_PLAIN		      384    3145728

1 row selected.

== Physical block range of the canary rows =============================

RELATIVE_FNO  MIN_BLOCK  MAX_BLOCK DISTINCT_BLOCKS ROWS_TOTAL
------------ ---------- ---------- --------------- ----------
	   0	    779       1279	       313	 5000

1 row selected.

== Datafile holding the canary ==========================================

RELATIVE_FNO FILE_NAME								    BLOCK_SIZE	   BLOCKS      BYTES
------------ ---------------------------------------------------------------------- ---------- ---------- ----------
	1024 /opt/oracle/oradata/FREE/5B302D3B02D518DEE063020013AC5DD0/datafile/o1_	  8192	     6400   52428800
	     mf_clone_pl_ob77tfbt_.dbf


1 row selected.

== Marker for the host side plain-text scan ============================

MARKER
----------------------------------------
OEHRLI-CANARY-2026-09-03

1 row selected.

========================================================================
== Set CLONE_ENC and CLONE_PLAIN READ ONLY
========================================================================

Session altered.


Tablespace altered.


Tablespace altered.


TABLESPACE_NAME 	       STATUS
------------------------------ ---------
CLONE_ENC		       READ ONLY
CLONE_PLAIN		       READ ONLY

========================================================================
== Create common user c##clone
========================================================================
DROP USER c##clone CASCADE
          *
ERROR at line 1:
ORA-01918: user 'C##CLONE' does not exist
Help: https://docs.oracle.com/error-help/db/ora-01918/



User created.


Grant succeeded.


Grant succeeded.


USERNAME
--------------------------------------------------------------------------------
COM ACCOUNT_STATUS
--- --------------------------------
C##CLONE
YES OPEN



========================================================================
== Collect evidence set 'pdb_baseline'
========================================================================
2026-09-11 08:27:26 INFO  collecting evidence set 'pdb_baseline' from odbencprod
2026-09-11 08:27:26 INFO  Starting tde_evidence.sh 0.1.0
2026-09-11 08:27:26 INFO  evidence set 'pdb_baseline' -> /Users/stefan.oehrli/Repos/own/oehrlis/oracle-free-labs/data/xchange/evidence/pdb_baseline
2026-09-11 08:27:26 INFO  collecting key chain evidence from odbencprod (CDB$ROOT)

Session altered.

========================================================================
== TDE key chain evidence snapshot =====================================
========================================================================
== Identity of this database ===========================================

CONTAINER	     DB_NAME	  DB_UNIQUE_NAME	 DBID CREATED	LOG_MODE     OPEN_MODE
-------------------- ------------ ---------------- ---------- --------- ------------ --------------------
CDB$ROOT	     FREE	  FREE		   1515727551 11-SEP-26 ARCHIVELOG   READ WRITE

1 row selected.

== Keystore state from v$encryption_wallet =============================

WRL_TYPE WRL_PARAMETER								STATUS		   WALLET_TYPE	   KEYSTORE CON_ID
-------- ---------------------------------------------------------------------- ------------------ --------------- -------- ------
FILE	 /opt/oracle/dbconfig/FREE/wallet/tde/					OPEN		   LOCAL_AUTOLOGIN NONE 	 1
FILE										OPEN		   LOCAL_AUTOLOGIN UNITED	 2
FILE										OPEN		   LOCAL_AUTOLOGIN UNITED	 3
FILE										OPEN		   LOCAL_AUTOLOGIN UNITED	 4

4 rows selected.

== Master encryption keys from v$encryption_keys =======================

KEY_ID							 KEY_USE    KEYSTORE_TYPE  ORIGIN     BACKED_UP CREATION_TIME	       ACTIVATION_TIME
-------------------------------------------------------- ---------- -------------- ---------- --------- ---------------------- ----------------------
CREATOR_PDBNAME
--------------------------------------------------------------------------------------------------------------------------------
ACTIVATING_PDBNAME														 CON_ID
-------------------------------------------------------------------------------------------------------------------------------- ------
AQ7FWTcnsUu3pclAqq/hhXAAAAAAAAAAAAAAAAAAAAAAAAAAAAAA	 TDE IN PDB SOFTWARE KEYST LOCAL      YES	11.09.2026 06:09:41    11.09.2026 06:09:41
								    ORE
CDB$ROOT
CDB$ROOT															      1

AUSOiatlvkmSlZ5shmpLSQcAAAAAAAAAAAAAAAAAAAAAAAAAAAAA	 TDE IN PDB SOFTWARE KEYST LOCAL      YES	11.09.2026 06:09:44    11.09.2026 06:09:44
								    ORE
ODBENCPROD
ODBENCPROD															      4

Ab7hl0VthUfwidWHKHZSZgkAAAAAAAAAAAAAAAAAAAAAAAAAAAAA	 TDE IN PDB SOFTWARE KEYST LOCAL      NO	11.09.2026 06:27:24    11.09.2026 06:27:24
								    ORE
PDBCLONE
PDBCLONE															      3


3 rows selected.

== Tablespace key chain from v$encrypted_tablespaces ===================

TS_NAME 		    TS# ENCRYPTI ENC MASTERKEYID_HEX			KEY_VERSION STATUS	       ENCRYPTEDKEY_HEX 						  BLOCKS_ENCRYPTED BLOCKS_DECRYPTED CON_ID
-------------------- ---------- -------- --- ---------------------------------- ----------- ------------------ ------------------------------------------------------------------ ---------------- ---------------- ------
CLONE_ENC		      5 AES256	 YES BEE197456D8547F089D5872876526609		  0 NORMAL	       7EBC0EB57A3EA2B32D7AFB691DFAD56509048E004C281543D01A46709F331FF6 	      1141		  0	 3
USERS			      6 AES256	 YES 448E89AB65BE4992959E6C866A4B4907		  1 NORMAL	       7C410458C6D61BBDAFBE556CD21EEE9BD71CA73898BFEC48EFFADDBD0E112BC6 	       372		  3	 4

2 rows selected.

== Full v$encrypted_tablespaces row (version specific columns) =========

       TS# ENCRYPTI ENC ENCRYPTEDKEY							 MASTERKEYID			  BLOCKS_ENCRYPTED BLOCKS_DECRYPTED KEY_VERSION STATUS		   CIPHERMODE	 CON_ID
---------- -------- --- ---------------------------------------------------------------- -------------------------------- ---------------- ---------------- ----------- ------------------ ------------- ------
	 6 AES256   YES 7C410458C6D61BBDAFBE556CD21EEE9BD71CA73898BFEC48EFFADDBD0E112BC6 448E89AB65BE4992959E6C866A4B4907	       372		  3	      1 NORMAL		   XTS		      4
	 5 AES256   YES 7EBC0EB57A3EA2B32D7AFB691DFAD56509048E004C281543D01A46709F331FF6 BEE197456D8547F089D5872876526609	      1141		  0	      0 NORMAL		   XTS		      3

2 rows selected.

== Implicit database key for SYSTEM / UNDO / TEMP ======================

ENCRYPTI ENCRYPTEDKEY											  MASTERKEYID			   MAS CIPHERMODE    CON_ID
-------- ------------------------------------------------------------------------------------------------ -------------------------------- --- ------------- ------
AES256	 81F7D08AB56A93F523D0ACB637C596CD9A705599B83317711A979673B0E2B39E00000000000000000000000000000000 0EC5593727B14BB7A5C940AAAFE18570 YES XTS		  1
NONE	 000000000000000000000000000000000000000000000000000000000000000000000000000000000000000000000000 00000000000000000000000000000000 NO  CFB		  2
AES256	 F6F4119BF8D2FA150B5C20C7C90A6CB6A116807678EDC581B1088DE179EDEA5900000000000000000000000000000000 BEE197456D8547F089D5872876526609 YES XTS		  3
AES256	 1ED5109A6BD3E2A194C242DB7CF60AE375BB92101258E6B2E81EAECB714E1FC700000000000000000000000000000000 448E89AB65BE4992959E6C866A4B4907 YES XTS		  4

4 rows selected.

== Datafiles of encrypted tablespaces ==================================

no rows selected

2026-09-11 08:27:27 INFO  collecting key chain evidence from odbencprod (PDB PDBCLONE)

Session altered.


Session altered.

========================================================================
== TDE key chain evidence snapshot =====================================
========================================================================
== Identity of this database ===========================================

CONTAINER	     DB_NAME	  DB_UNIQUE_NAME	 DBID CREATED	LOG_MODE     OPEN_MODE
-------------------- ------------ ---------------- ---------- --------- ------------ --------------------
PDBCLONE	     FREE	  FREE		   1515727551 11-SEP-26 ARCHIVELOG   READ WRITE

1 row selected.

== Keystore state from v$encryption_wallet =============================

WRL_TYPE WRL_PARAMETER								STATUS		   WALLET_TYPE	   KEYSTORE CON_ID
-------- ---------------------------------------------------------------------- ------------------ --------------- -------- ------
FILE										OPEN		   LOCAL_AUTOLOGIN UNITED	 3

1 row selected.

== Master encryption keys from v$encryption_keys =======================

KEY_ID							 KEY_USE    KEYSTORE_TYPE  ORIGIN     BACKED_UP CREATION_TIME	       ACTIVATION_TIME
-------------------------------------------------------- ---------- -------------- ---------- --------- ---------------------- ----------------------
CREATOR_PDBNAME
--------------------------------------------------------------------------------------------------------------------------------
ACTIVATING_PDBNAME														 CON_ID
-------------------------------------------------------------------------------------------------------------------------------- ------
Ab7hl0VthUfwidWHKHZSZgkAAAAAAAAAAAAAAAAAAAAAAAAAAAAA	 TDE IN PDB SOFTWARE KEYST LOCAL      NO	11.09.2026 06:27:24    11.09.2026 06:27:24
								    ORE
PDBCLONE
PDBCLONE															      3


1 row selected.

== Tablespace key chain from v$encrypted_tablespaces ===================

TS_NAME 		    TS# ENCRYPTI ENC MASTERKEYID_HEX			KEY_VERSION STATUS	       ENCRYPTEDKEY_HEX 						  BLOCKS_ENCRYPTED BLOCKS_DECRYPTED CON_ID
-------------------- ---------- -------- --- ---------------------------------- ----------- ------------------ ------------------------------------------------------------------ ---------------- ---------------- ------
CLONE_ENC		      5 AES256	 YES BEE197456D8547F089D5872876526609		  0 NORMAL	       7EBC0EB57A3EA2B32D7AFB691DFAD56509048E004C281543D01A46709F331FF6 	      1141		  0	 3

1 row selected.

== Full v$encrypted_tablespaces row (version specific columns) =========

       TS# ENCRYPTI ENC ENCRYPTEDKEY							 MASTERKEYID			  BLOCKS_ENCRYPTED BLOCKS_DECRYPTED KEY_VERSION STATUS		   CIPHERMODE	 CON_ID
---------- -------- --- ---------------------------------------------------------------- -------------------------------- ---------------- ---------------- ----------- ------------------ ------------- ------
	 5 AES256   YES 7EBC0EB57A3EA2B32D7AFB691DFAD56509048E004C281543D01A46709F331FF6 BEE197456D8547F089D5872876526609	      1141		  0	      0 NORMAL		   XTS		      3

1 row selected.

== Implicit database key for SYSTEM / UNDO / TEMP ======================

ENCRYPTI ENCRYPTEDKEY											  MASTERKEYID			   MAS CIPHERMODE    CON_ID
-------- ------------------------------------------------------------------------------------------------ -------------------------------- --- ------------- ------
AES256	 F6F4119BF8D2FA150B5C20C7C90A6CB6A116807678EDC581B1088DE179EDEA5900000000000000000000000000000000 BEE197456D8547F089D5872876526609 YES XTS		  3

1 row selected.

== Datafiles of encrypted tablespaces ==================================

TS_NAME 	     RELATIVE_FNO FILE_NAME								     BLOCKS BLOCK_SIZE	    BYTES
-------------------- ------------ ---------------------------------------------------------------------- ---------- ---------- ----------
CLONE_ENC		     1024 /opt/oracle/oradata/FREE/5B302D3B02D518DEE063020013AC5DD0/datafile/o1_       6400	  8192	 52428800
				  mf_clone_en_ob77tf6r_.dbf


1 row selected.

2026-09-11 08:27:27 INFO  listing datafiles of tablespace CLONE_ENC in PDB PDBCLONE
2026-09-11 08:27:27 INFO  found 1 datafile(s)
2026-09-11 08:27:27 INFO  fingerprinting o1_mf_clone_en_ob77tf6r_.dbf (block size 8192)
wrote /Users/stefan.oehrli/Repos/own/oehrlis/oracle-free-labs/data/xchange/evidence/pdb_baseline/o1_mf_clone_en_ob77tf6r_.dbf.fp
2026-09-11 08:27:28 INFO  scanning o1_mf_clone_en_ob77tf6r_.dbf for the clear-text marker
no hits - needle not present as plaintext in this datafile
2026-09-11 08:27:28 INFO  manifest written to /Users/stefan.oehrli/Repos/own/oehrlis/oracle-free-labs/data/xchange/evidence/pdb_baseline/manifest.txt
2026-09-11 08:27:28 INFO  Done.

========================================================================
== Read key values from PDBCLONE/CLONE_ENC
========================================================================

Key summary for pdb_baseline (PDBCLONE/CLONE_ENC):
  MASTERKEYID : BEE197456D8547F089D5872876526609
  Wrapped TEK : 7EBC0EB57A3EA2B32D7AFB691DFAD56509048E004C281543D01A46709F331FF6
  Notes       : marker=OEHRLI-CANARY-2026-09-03

------------------------------------------------------------------------
VERDICT: PASS - PDB testbed ready: PDBCLONE with canary tables and c##clone
------------------------------------------------------------------------
2026-09-11 08:27:29 INFO  Done.

========================================================================
  STEP 62: PDB P1: local clone in same CDB (reference case)
  Script: /Users/stefan.oehrli/Repos/own/oehrlis/oracle-free-labs/scripts/tde-verify/tests/62_pdb_p1_local.sh
  Time:   2026-09-11 08:27:29
========================================================================
2026-09-11 08:27:29 INFO  Starting 62_pdb_p1_local.sh 0.1.0

========================================================================
== Step 62: PDB P1 - local clone in same CDB
========================================================================
2026-09-11 08:27:30 INFO  db_create_file_dest already /opt/oracle/oradata in odbencprod

========================================================================
== Clone PDBCLONE -> PDBCLONE_P1 (local)
========================================================================
ALTER PLUGGABLE DATABASE PDBCLONE_P1 CLOSE IMMEDIATE
*
ERROR at line 1:
ORA-65011: Pluggable database PDBCLONE_P1 does not exist.
Help: https://docs.oracle.com/error-help/db/ora-65011/


DROP PLUGGABLE DATABASE PDBCLONE_P1 INCLUDING DATAFILES
*
ERROR at line 1:
ORA-65011: Pluggable database PDBCLONE_P1 does not exist.
Help: https://docs.oracle.com/error-help/db/ora-65011/



Pluggable database created.


Pluggable database altered.


NAME
--------------------------------------------------------------------------------
OPEN_MODE
----------
PDBCLONE_P1
READ WRITE



========================================================================
== Query key chain in PDBCLONE_P1
========================================================================

Session altered.


KEY_ID									       KEY_USE	  KEYSTORE_TYPE     ORIGIN				      BACKED_UP
------------------------------------------------------------------------------ ---------- ----------------- ----------------------------------------- ---------
Ab7hl0VthUfwidWHKHZSZgkAAAAAAAAAAAAAAAAAAAAAAAAAAAAA			       TDE IN PDB SOFTWARE KEYSTORE LOCAL				      NO

1 row selected.


MASTERKEYID			 ENCRYPTEDKEY							  KEY_VERSION ENCRYPT
-------------------------------- ---------------------------------------------------------------- ----------- -------
BEE197456D8547F089D5872876526609 378916194479E62498DC2BFFFB690BCEE0CDD1C936188EAF91A085C895D406A3	    0 AES256

1 row selected.

========================================================================
== Collect evidence set 'pdb_p1_local'
========================================================================
2026-09-11 08:27:34 INFO  collecting evidence set 'pdb_p1_local' from odbencprod
2026-09-11 08:27:34 INFO  Starting tde_evidence.sh 0.1.0
2026-09-11 08:27:34 INFO  evidence set 'pdb_p1_local' -> /Users/stefan.oehrli/Repos/own/oehrlis/oracle-free-labs/data/xchange/evidence/pdb_p1_local
2026-09-11 08:27:34 INFO  collecting key chain evidence from odbencprod (CDB$ROOT)

Session altered.

========================================================================
== TDE key chain evidence snapshot =====================================
========================================================================
== Identity of this database ===========================================

CONTAINER	     DB_NAME	  DB_UNIQUE_NAME	 DBID CREATED	LOG_MODE     OPEN_MODE
-------------------- ------------ ---------------- ---------- --------- ------------ --------------------
CDB$ROOT	     FREE	  FREE		   1515727551 11-SEP-26 ARCHIVELOG   READ WRITE

1 row selected.

== Keystore state from v$encryption_wallet =============================

WRL_TYPE WRL_PARAMETER								STATUS		   WALLET_TYPE	   KEYSTORE CON_ID
-------- ---------------------------------------------------------------------- ------------------ --------------- -------- ------
FILE	 /opt/oracle/dbconfig/FREE/wallet/tde/					OPEN		   LOCAL_AUTOLOGIN NONE 	 1
FILE										OPEN		   LOCAL_AUTOLOGIN UNITED	 2
FILE										OPEN		   LOCAL_AUTOLOGIN UNITED	 3
FILE										OPEN		   LOCAL_AUTOLOGIN UNITED	 4
FILE										OPEN		   LOCAL_AUTOLOGIN UNITED	 5

5 rows selected.

== Master encryption keys from v$encryption_keys =======================

KEY_ID							 KEY_USE    KEYSTORE_TYPE  ORIGIN     BACKED_UP CREATION_TIME	       ACTIVATION_TIME
-------------------------------------------------------- ---------- -------------- ---------- --------- ---------------------- ----------------------
CREATOR_PDBNAME
--------------------------------------------------------------------------------------------------------------------------------
ACTIVATING_PDBNAME														 CON_ID
-------------------------------------------------------------------------------------------------------------------------------- ------
AQ7FWTcnsUu3pclAqq/hhXAAAAAAAAAAAAAAAAAAAAAAAAAAAAAA	 TDE IN PDB SOFTWARE KEYST LOCAL      YES	11.09.2026 06:09:41    11.09.2026 06:09:41
								    ORE
CDB$ROOT
CDB$ROOT															      1

AUSOiatlvkmSlZ5shmpLSQcAAAAAAAAAAAAAAAAAAAAAAAAAAAAA	 TDE IN PDB SOFTWARE KEYST LOCAL      YES	11.09.2026 06:09:44    11.09.2026 06:09:44
								    ORE
ODBENCPROD
ODBENCPROD															      4

Ab7hl0VthUfwidWHKHZSZgkAAAAAAAAAAAAAAAAAAAAAAAAAAAAA	 TDE IN PDB SOFTWARE KEYST LOCAL      NO	11.09.2026 06:27:24    11.09.2026 06:27:24
								    ORE
PDBCLONE
PDBCLONE															      3


3 rows selected.

== Tablespace key chain from v$encrypted_tablespaces ===================

TS_NAME 		    TS# ENCRYPTI ENC MASTERKEYID_HEX			KEY_VERSION STATUS	       ENCRYPTEDKEY_HEX 						  BLOCKS_ENCRYPTED BLOCKS_DECRYPTED CON_ID
-------------------- ---------- -------- --- ---------------------------------- ----------- ------------------ ------------------------------------------------------------------ ---------------- ---------------- ------
CLONE_ENC		      5 AES256	 YES BEE197456D8547F089D5872876526609		  0 NORMAL	       7EBC0EB57A3EA2B32D7AFB691DFAD56509048E004C281543D01A46709F331FF6 	      1141		  0	 3
CLONE_ENC		      5 AES256	 YES BEE197456D8547F089D5872876526609		  0 NORMAL	       378916194479E62498DC2BFFFB690BCEE0CDD1C936188EAF91A085C895D406A3 		 0		  0	 5
USERS			      6 AES256	 YES 448E89AB65BE4992959E6C866A4B4907		  1 NORMAL	       7C410458C6D61BBDAFBE556CD21EEE9BD71CA73898BFEC48EFFADDBD0E112BC6 	       372		  3	 4

3 rows selected.

== Full v$encrypted_tablespaces row (version specific columns) =========

       TS# ENCRYPTI ENC ENCRYPTEDKEY							 MASTERKEYID			  BLOCKS_ENCRYPTED BLOCKS_DECRYPTED KEY_VERSION STATUS		   CIPHERMODE	 CON_ID
---------- -------- --- ---------------------------------------------------------------- -------------------------------- ---------------- ---------------- ----------- ------------------ ------------- ------
	 6 AES256   YES 7C410458C6D61BBDAFBE556CD21EEE9BD71CA73898BFEC48EFFADDBD0E112BC6 448E89AB65BE4992959E6C866A4B4907	       372		  3	      1 NORMAL		   XTS		      4
	 5 AES256   YES 7EBC0EB57A3EA2B32D7AFB691DFAD56509048E004C281543D01A46709F331FF6 BEE197456D8547F089D5872876526609	      1141		  0	      0 NORMAL		   XTS		      3
	 5 AES256   YES 378916194479E62498DC2BFFFB690BCEE0CDD1C936188EAF91A085C895D406A3 BEE197456D8547F089D5872876526609		 0		  0	      0 NORMAL		   XTS		      5

3 rows selected.

== Implicit database key for SYSTEM / UNDO / TEMP ======================

ENCRYPTI ENCRYPTEDKEY											  MASTERKEYID			   MAS CIPHERMODE    CON_ID
-------- ------------------------------------------------------------------------------------------------ -------------------------------- --- ------------- ------
AES256	 81F7D08AB56A93F523D0ACB637C596CD9A705599B83317711A979673B0E2B39E00000000000000000000000000000000 0EC5593727B14BB7A5C940AAAFE18570 YES XTS		  1
NONE	 000000000000000000000000000000000000000000000000000000000000000000000000000000000000000000000000 00000000000000000000000000000000 NO  CFB		  2
AES256	 F6F4119BF8D2FA150B5C20C7C90A6CB6A116807678EDC581B1088DE179EDEA5900000000000000000000000000000000 BEE197456D8547F089D5872876526609 YES XTS		  3
AES256	 1ED5109A6BD3E2A194C242DB7CF60AE375BB92101258E6B2E81EAECB714E1FC700000000000000000000000000000000 448E89AB65BE4992959E6C866A4B4907 YES XTS		  4
AES256	 F6F4119BF8D2FA150B5C20C7C90A6CB6A116807678EDC581B1088DE179EDEA5900000000000000000000000000000000 BEE197456D8547F089D5872876526609 YES XTS		  5

5 rows selected.

== Datafiles of encrypted tablespaces ==================================

no rows selected

2026-09-11 08:27:34 INFO  collecting key chain evidence from odbencprod (PDB PDBCLONE_P1)

Session altered.


Session altered.

========================================================================
== TDE key chain evidence snapshot =====================================
========================================================================
== Identity of this database ===========================================

CONTAINER	     DB_NAME	  DB_UNIQUE_NAME	 DBID CREATED	LOG_MODE     OPEN_MODE
-------------------- ------------ ---------------- ---------- --------- ------------ --------------------
PDBCLONE_P1	     FREE	  FREE		   1515727551 11-SEP-26 ARCHIVELOG   READ WRITE

1 row selected.

== Keystore state from v$encryption_wallet =============================

WRL_TYPE WRL_PARAMETER								STATUS		   WALLET_TYPE	   KEYSTORE CON_ID
-------- ---------------------------------------------------------------------- ------------------ --------------- -------- ------
FILE										OPEN		   LOCAL_AUTOLOGIN UNITED	 5

1 row selected.

== Master encryption keys from v$encryption_keys =======================

KEY_ID							 KEY_USE    KEYSTORE_TYPE  ORIGIN     BACKED_UP CREATION_TIME	       ACTIVATION_TIME
-------------------------------------------------------- ---------- -------------- ---------- --------- ---------------------- ----------------------
CREATOR_PDBNAME
--------------------------------------------------------------------------------------------------------------------------------
ACTIVATING_PDBNAME														 CON_ID
-------------------------------------------------------------------------------------------------------------------------------- ------
Ab7hl0VthUfwidWHKHZSZgkAAAAAAAAAAAAAAAAAAAAAAAAAAAAA	 TDE IN PDB SOFTWARE KEYST LOCAL      NO	11.09.2026 06:27:24    11.09.2026 06:27:24
								    ORE

PDBCLONE_P1															      5


1 row selected.

== Tablespace key chain from v$encrypted_tablespaces ===================

TS_NAME 		    TS# ENCRYPTI ENC MASTERKEYID_HEX			KEY_VERSION STATUS	       ENCRYPTEDKEY_HEX 						  BLOCKS_ENCRYPTED BLOCKS_DECRYPTED CON_ID
-------------------- ---------- -------- --- ---------------------------------- ----------- ------------------ ------------------------------------------------------------------ ---------------- ---------------- ------
CLONE_ENC		      5 AES256	 YES BEE197456D8547F089D5872876526609		  0 NORMAL	       378916194479E62498DC2BFFFB690BCEE0CDD1C936188EAF91A085C895D406A3 		 0		  0	 5

1 row selected.

== Full v$encrypted_tablespaces row (version specific columns) =========

       TS# ENCRYPTI ENC ENCRYPTEDKEY							 MASTERKEYID			  BLOCKS_ENCRYPTED BLOCKS_DECRYPTED KEY_VERSION STATUS		   CIPHERMODE	 CON_ID
---------- -------- --- ---------------------------------------------------------------- -------------------------------- ---------------- ---------------- ----------- ------------------ ------------- ------
	 5 AES256   YES 378916194479E62498DC2BFFFB690BCEE0CDD1C936188EAF91A085C895D406A3 BEE197456D8547F089D5872876526609		 0		  0	      0 NORMAL		   XTS		      5

1 row selected.

== Implicit database key for SYSTEM / UNDO / TEMP ======================

ENCRYPTI ENCRYPTEDKEY											  MASTERKEYID			   MAS CIPHERMODE    CON_ID
-------- ------------------------------------------------------------------------------------------------ -------------------------------- --- ------------- ------
AES256	 F6F4119BF8D2FA150B5C20C7C90A6CB6A116807678EDC581B1088DE179EDEA5900000000000000000000000000000000 BEE197456D8547F089D5872876526609 YES XTS		  5

1 row selected.

== Datafiles of encrypted tablespaces ==================================

TS_NAME 	     RELATIVE_FNO FILE_NAME								     BLOCKS BLOCK_SIZE	    BYTES
-------------------- ------------ ---------------------------------------------------------------------- ---------- ---------- ----------
CLONE_ENC		     1024 /opt/oracle/oradata/FREE/5B302DCEDB051953E063020013AC1FE4/datafile/o1_       6400	  8192	 52428800
				  mf_clone_en_ob77tlnz_.dbf


1 row selected.

2026-09-11 08:27:35 INFO  listing datafiles of tablespace CLONE_ENC in PDB PDBCLONE_P1
2026-09-11 08:27:35 INFO  found 1 datafile(s)
2026-09-11 08:27:35 INFO  fingerprinting o1_mf_clone_en_ob77tlnz_.dbf (block size 8192)
wrote /Users/stefan.oehrli/Repos/own/oehrlis/oracle-free-labs/data/xchange/evidence/pdb_p1_local/o1_mf_clone_en_ob77tlnz_.dbf.fp
2026-09-11 08:27:35 INFO  scanning o1_mf_clone_en_ob77tlnz_.dbf for the clear-text marker
no hits - needle not present as plaintext in this datafile
2026-09-11 08:27:36 INFO  manifest written to /Users/stefan.oehrli/Repos/own/oehrlis/oracle-free-labs/data/xchange/evidence/pdb_p1_local/manifest.txt
2026-09-11 08:27:36 INFO  Done.

========================================================================
== Compare 'pdb_p1_local' vs 'pdb_baseline' (expect IDENTICAL)
========================================================================
2026-09-11 08:27:36 INFO  comparing evidence sets 'pdb_baseline' vs 'pdb_p1_local'
2026-09-11 08:27:36 INFO  Starting tde_evidence.sh 0.1.0
2026-09-11 08:27:36 WARN  datafile renamed between the two sets: o1_mf_clone_en_ob77tf6r_.dbf.fp vs o1_mf_clone_en_ob77tlnz_.dbf.fp
2026-09-11 08:27:36 WARN  pairing them anyway because each set holds exactly one datafile

== Block-level ciphertext comparison ==
A: pdb_baseline/o1_mf_clone_en_ob77tf6r_.dbf.fp
B: pdb_p1_local/o1_mf_clone_en_ob77tf6r_.dbf.fp
block_size A/B: 8192/8192
blocks compared: 6401
identical: 1
differing: 6400
first differing blocks: [1, 2, 3, 4, 5, 6, 7, 8, 9, 10, 11, 12, 13, 14, 15, 16, 17, 18, 19, 20]
... and 6380 more
verdict: MIXED - 6400 of 6401 blocks changed; inspect which ranges differ before drawing a conclusion
2026-09-11 08:27:36 INFO  compared 1 datafile(s)
2026-09-11 08:27:36 INFO  Done.
canary blocks:   identical 0 differing 313 total 313 (expect all differing - clone re-encrypts)

Key summary for pdb_p1_local (PDBCLONE_P1):
  MASTERKEYID : BEE197456D8547F089D5872876526609
  Wrapped TEK : 378916194479E62498DC2BFFFB690BCEE0CDD1C936188EAF91A085C895D406A3

Key summary for pdb_baseline  (PDBCLONE):
  MASTERKEYID : BEE197456D8547F089D5872876526609
  Wrapped TEK : 7EBC0EB57A3EA2B32D7AFB691DFAD56509048E004C281543D01A46709F331FF6

Wrapped TEK:    DIFFERENT
MASTERKEYID:    IDENTICAL - a re-wrap would have reproduced the same wrapped key

------------------------------------------------------------------------
VERDICT: PASS - P1 local clone: NEW tablespace key material. The MASTERKEYID is unchanged, so the differing wrapped key cannot be a re-wrap, and the ciphertext changed with it (identical 0 differing 313 total 313). A PDB clone re-encrypts - unlike every RMAN path measured
------------------------------------------------------------------------
2026-09-11 08:27:38 INFO  Done.

========================================================================
  STEP 63: PDB P2: unplug with key export, plug into dev CDB
  Script: /Users/stefan.oehrli/Repos/own/oehrlis/oracle-free-labs/scripts/tde-verify/tests/63_pdb_p2_archive.sh
  Time:   2026-09-11 08:27:38
========================================================================
2026-09-11 08:27:39 INFO  Starting 63_pdb_p2_archive.sh 0.1.0

========================================================================
== Step 63: PDB P2 - unplug with key export, plug into dev
========================================================================
2026-09-11 08:27:40 WARN  dev carries the same DBID as prod (1515727551) - it is a restore of the source
2026-09-11 08:27:40 WARN  resetting odbencdev: a restore of the source cannot stand in for a foreign CDB
2026-09-11 08:27:40 INFO  resetting service 'odbencdev' ...
 Container odbencdev Stopping 
 Container odbencdev Stopped 
 Container odbencdev Removing 
 Container odbencdev Removed 
 Network oracle-free-labs_default Removing 
 Network oracle-free-labs_default Resource is still in use 
2026-09-11 08:27:42 INFO  removing /Users/stefan.oehrli/Repos/own/oehrlis/oracle-free-labs/data/odbencdev
2026-09-11 08:27:43 INFO  restored tracked files under data/odbencdev
2026-09-11 08:27:43 INFO  service 'odbencdev' reset complete
2026-09-11 08:27:43 INFO  starting service 'odbencdev' ...
 Container odbencdev Creating 
 Container odbencdev Created 
 Container odbencdev Starting 
 Container odbencdev Started 
2026-09-11 08:27:43 INFO  waiting for odbencdev to be ready (timeout 600s) ...
2026-09-11 08:31:30 INFO  odbencdev is ready
2026-09-11 08:31:31 INFO  odbencdev health: healthy
2026-09-11 08:31:31 INFO  dev CDB rebuilt, DBID now 1515728868 (prod 1515727551)

========================================================================
== Remove a leftover PDB archive if present
========================================================================
no leftover archive at /opt/oracle/xchange/pdbclone_p2.pdb
2026-09-11 08:31:32 INFO  db_create_file_dest already /opt/oracle/oradata in odbencprod
2026-09-11 08:31:32 INFO  db_create_file_dest set to /opt/oracle/oradata in odbencdev

========================================================================
== Phase 1: UNPLUG PDBCLONE with key encryption
========================================================================

Pluggable database altered.


Pluggable database altered.


Pluggable database dropped.


STATUS
------------------------------
PDBCLONE unplugged and dropped

========================================================================
== Phase 2: Re-plug PDBCLONE back into prod
========================================================================

Pluggable database created.


Pluggable database altered.


Pluggable database altered.


NAME
--------------------------------------------------------------------------------
OPEN_MODE
----------
PDBCLONE
READ WRITE



========================================================================
== Phase 3: Prepare dev - drop PDBCLONE_P2 if exists
========================================================================
ALTER PLUGGABLE DATABASE PDBCLONE_P2 CLOSE IMMEDIATE
*
ERROR at line 1:
ORA-65011: Pluggable database PDBCLONE_P2 does not exist.
Help: https://docs.oracle.com/error-help/db/ora-65011/


DROP PLUGGABLE DATABASE PDBCLONE_P2 INCLUDING DATAFILES
*
ERROR at line 1:
ORA-65011: Pluggable database PDBCLONE_P2 does not exist.
Help: https://docs.oracle.com/error-help/db/ora-65011/



STATUS
----------------
dev cleanup done

========================================================================
== Phase 4: CREATE PDBCLONE_P2 in dev from archive
========================================================================

Pluggable database created.


Pluggable database altered.


NAME
--------------------------------------------------------------------------------
OPEN_MODE
----------
PDBCLONE_P2
READ WRITE



========================================================================
== Phase 5: Query key chain in PDBCLONE_P2
========================================================================

Session altered.


KEY_ID									       KEY_USE	  KEYSTORE_TYPE     ORIGIN				      BACKED_UP
------------------------------------------------------------------------------ ---------- ----------------- ----------------------------------------- ---------
Ab7hl0VthUfwidWHKHZSZgkAAAAAAAAAAAAAAAAAAAAAAAAAAAAA			       TDE IN PDB SOFTWARE KEYSTORE LOCAL				      NO

1 row selected.


MASTERKEYID			 ENCRYPTEDKEY							  KEY_VERSION ENCRYPT
-------------------------------- ---------------------------------------------------------------- ----------- -------
BEE197456D8547F089D5872876526609 7EBC0EB57A3EA2B32D7AFB691DFAD56509048E004C281543D01A46709F331FF6	    0 AES256

1 row selected.

========================================================================
== Collect evidence set 'pdb_p2_archive'
========================================================================
2026-09-11 08:31:50 INFO  collecting evidence set 'pdb_p2_archive' from odbencdev
2026-09-11 08:31:50 INFO  Starting tde_evidence.sh 0.1.0
2026-09-11 08:31:51 INFO  evidence set 'pdb_p2_archive' -> /Users/stefan.oehrli/Repos/own/oehrlis/oracle-free-labs/data/xchange/evidence/pdb_p2_archive
2026-09-11 08:31:51 INFO  collecting key chain evidence from odbencdev (CDB$ROOT)

Session altered.

========================================================================
== TDE key chain evidence snapshot =====================================
========================================================================
== Identity of this database ===========================================

CONTAINER	     DB_NAME	  DB_UNIQUE_NAME	 DBID CREATED	LOG_MODE     OPEN_MODE
-------------------- ------------ ---------------- ---------- --------- ------------ --------------------
CDB$ROOT	     FREE	  FREE		   1515728868 11-SEP-26 ARCHIVELOG   READ WRITE

1 row selected.

== Keystore state from v$encryption_wallet =============================

WRL_TYPE WRL_PARAMETER								STATUS		   WALLET_TYPE	   KEYSTORE CON_ID
-------- ---------------------------------------------------------------------- ------------------ --------------- -------- ------
FILE	 /opt/oracle/dbconfig/FREE/wallet/tde/					OPEN		   LOCAL_AUTOLOGIN NONE 	 1
FILE										OPEN		   LOCAL_AUTOLOGIN UNITED	 2
FILE										OPEN_NO_MASTER_KEY LOCAL_AUTOLOGIN UNITED	 3
FILE										OPEN		   LOCAL_AUTOLOGIN UNITED	 4

4 rows selected.

== Master encryption keys from v$encryption_keys =======================

KEY_ID							 KEY_USE    KEYSTORE_TYPE  ORIGIN     BACKED_UP CREATION_TIME	       ACTIVATION_TIME
-------------------------------------------------------- ---------- -------------- ---------- --------- ---------------------- ----------------------
CREATOR_PDBNAME
--------------------------------------------------------------------------------------------------------------------------------
ACTIVATING_PDBNAME														 CON_ID
-------------------------------------------------------------------------------------------------------------------------------- ------
Ab7hl0VthUfwidWHKHZSZgkAAAAAAAAAAAAAAAAAAAAAAAAAAAAA	 TDE IN PDB SOFTWARE KEYST LOCAL      NO	11.09.2026 06:27:24    11.09.2026 06:27:24
								    ORE
PDBCLONE_P2
PDBCLONE_P2															      4

AcbhIGva+EGksaFQRvnESUcAAAAAAAAAAAAAAAAAAAAAAAAAAAAA	 TDE IN PDB SOFTWARE KEYST LOCAL      NO	11.09.2026 06:31:19    11.09.2026 06:31:19
								    ORE
CDB$ROOT
CDB$ROOT															      1


2 rows selected.

== Tablespace key chain from v$encrypted_tablespaces ===================

TS_NAME 		    TS# ENCRYPTI ENC MASTERKEYID_HEX			KEY_VERSION STATUS	       ENCRYPTEDKEY_HEX 						  BLOCKS_ENCRYPTED BLOCKS_DECRYPTED CON_ID
-------------------- ---------- -------- --- ---------------------------------- ----------- ------------------ ------------------------------------------------------------------ ---------------- ---------------- ------
CLONE_ENC		      5 AES256	 YES BEE197456D8547F089D5872876526609		  0 NORMAL	       7EBC0EB57A3EA2B32D7AFB691DFAD56509048E004C281543D01A46709F331FF6 		 0		  0	 4

1 row selected.

== Full v$encrypted_tablespaces row (version specific columns) =========

       TS# ENCRYPTI ENC ENCRYPTEDKEY							 MASTERKEYID			  BLOCKS_ENCRYPTED BLOCKS_DECRYPTED KEY_VERSION STATUS		   CIPHERMODE	 CON_ID
---------- -------- --- ---------------------------------------------------------------- -------------------------------- ---------------- ---------------- ----------- ------------------ ------------- ------
	 5 AES256   YES 7EBC0EB57A3EA2B32D7AFB691DFAD56509048E004C281543D01A46709F331FF6 BEE197456D8547F089D5872876526609		 0		  0	      0 NORMAL		   XTS		      4

1 row selected.

== Implicit database key for SYSTEM / UNDO / TEMP ======================

ENCRYPTI ENCRYPTEDKEY											  MASTERKEYID			   MAS CIPHERMODE    CON_ID
-------- ------------------------------------------------------------------------------------------------ -------------------------------- --- ------------- ------
AES256	 D11356B65C311E1A9CCB0475DC9C3629A03C97BD5714AF84AFF8FB03C7C2117300000000000000000000000000000000 C6E1206BDAF841A4B1A15046F9C44947 YES XTS		  1
NONE	 000000000000000000000000000000000000000000000000000000000000000000000000000000000000000000000000 00000000000000000000000000000000 NO  CFB		  2
AES256	 FD89365351E66F21C0BD4BF743389D63655B0901B633CB02C8AA931B1129709D00000000000000000000000000000000 66A0A5C11CD24D26853C2EF59AEBA507 NO  XTS		  3
AES256	 F6F4119BF8D2FA150B5C20C7C90A6CB6A116807678EDC581B1088DE179EDEA5900000000000000000000000000000000 BEE197456D8547F089D5872876526609 YES XTS		  4

4 rows selected.

== Datafiles of encrypted tablespaces ==================================

no rows selected

2026-09-11 08:31:51 INFO  collecting key chain evidence from odbencdev (PDB PDBCLONE_P2)

Session altered.


Session altered.

========================================================================
== TDE key chain evidence snapshot =====================================
========================================================================
== Identity of this database ===========================================

CONTAINER	     DB_NAME	  DB_UNIQUE_NAME	 DBID CREATED	LOG_MODE     OPEN_MODE
-------------------- ------------ ---------------- ---------- --------- ------------ --------------------
PDBCLONE_P2	     FREE	  FREE		   1515728868 11-SEP-26 ARCHIVELOG   READ WRITE

1 row selected.

== Keystore state from v$encryption_wallet =============================

WRL_TYPE WRL_PARAMETER								STATUS		   WALLET_TYPE	   KEYSTORE CON_ID
-------- ---------------------------------------------------------------------- ------------------ --------------- -------- ------
FILE										OPEN		   LOCAL_AUTOLOGIN UNITED	 4

1 row selected.

== Master encryption keys from v$encryption_keys =======================

KEY_ID							 KEY_USE    KEYSTORE_TYPE  ORIGIN     BACKED_UP CREATION_TIME	       ACTIVATION_TIME
-------------------------------------------------------- ---------- -------------- ---------- --------- ---------------------- ----------------------
CREATOR_PDBNAME
--------------------------------------------------------------------------------------------------------------------------------
ACTIVATING_PDBNAME														 CON_ID
-------------------------------------------------------------------------------------------------------------------------------- ------
Ab7hl0VthUfwidWHKHZSZgkAAAAAAAAAAAAAAAAAAAAAAAAAAAAA	 TDE IN PDB SOFTWARE KEYST LOCAL      NO	11.09.2026 06:27:24    11.09.2026 06:27:24
								    ORE
PDBCLONE_P2
PDBCLONE_P2															      4


1 row selected.

== Tablespace key chain from v$encrypted_tablespaces ===================

TS_NAME 		    TS# ENCRYPTI ENC MASTERKEYID_HEX			KEY_VERSION STATUS	       ENCRYPTEDKEY_HEX 						  BLOCKS_ENCRYPTED BLOCKS_DECRYPTED CON_ID
-------------------- ---------- -------- --- ---------------------------------- ----------- ------------------ ------------------------------------------------------------------ ---------------- ---------------- ------
CLONE_ENC		      5 AES256	 YES BEE197456D8547F089D5872876526609		  0 NORMAL	       7EBC0EB57A3EA2B32D7AFB691DFAD56509048E004C281543D01A46709F331FF6 		 0		  0	 4

1 row selected.

== Full v$encrypted_tablespaces row (version specific columns) =========

       TS# ENCRYPTI ENC ENCRYPTEDKEY							 MASTERKEYID			  BLOCKS_ENCRYPTED BLOCKS_DECRYPTED KEY_VERSION STATUS		   CIPHERMODE	 CON_ID
---------- -------- --- ---------------------------------------------------------------- -------------------------------- ---------------- ---------------- ----------- ------------------ ------------- ------
	 5 AES256   YES 7EBC0EB57A3EA2B32D7AFB691DFAD56509048E004C281543D01A46709F331FF6 BEE197456D8547F089D5872876526609		 0		  0	      0 NORMAL		   XTS		      4

1 row selected.

== Implicit database key for SYSTEM / UNDO / TEMP ======================

ENCRYPTI ENCRYPTEDKEY											  MASTERKEYID			   MAS CIPHERMODE    CON_ID
-------- ------------------------------------------------------------------------------------------------ -------------------------------- --- ------------- ------
AES256	 F6F4119BF8D2FA150B5C20C7C90A6CB6A116807678EDC581B1088DE179EDEA5900000000000000000000000000000000 BEE197456D8547F089D5872876526609 YES XTS		  4

1 row selected.

== Datafiles of encrypted tablespaces ==================================

TS_NAME 	     RELATIVE_FNO FILE_NAME								     BLOCKS BLOCK_SIZE	    BYTES
-------------------- ------------ ---------------------------------------------------------------------- ---------- ---------- ----------
CLONE_ENC		     1024 /opt/oracle/oradata/FREE/5B302D3B02D518DEE063020013AC5DD0/datafile/o1_       6400	  8192	 52428800
				  mf_clone_en_ob782l62_.dbf


1 row selected.

2026-09-11 08:31:51 INFO  listing datafiles of tablespace CLONE_ENC in PDB PDBCLONE_P2
2026-09-11 08:31:51 INFO  found 1 datafile(s)
2026-09-11 08:31:51 INFO  fingerprinting o1_mf_clone_en_ob782l62_.dbf (block size 8192)
wrote /Users/stefan.oehrli/Repos/own/oehrlis/oracle-free-labs/data/xchange/evidence/pdb_p2_archive/o1_mf_clone_en_ob782l62_.dbf.fp
2026-09-11 08:31:52 INFO  scanning o1_mf_clone_en_ob782l62_.dbf for the clear-text marker
no hits - needle not present as plaintext in this datafile
2026-09-11 08:31:52 INFO  manifest written to /Users/stefan.oehrli/Repos/own/oehrlis/oracle-free-labs/data/xchange/evidence/pdb_p2_archive/manifest.txt
2026-09-11 08:31:52 INFO  Done.

========================================================================
== Compare 'pdb_p2_archive' vs 'pdb_baseline' (expect TEK identical)
========================================================================
2026-09-11 08:31:52 INFO  comparing evidence sets 'pdb_baseline' vs 'pdb_p2_archive'
2026-09-11 08:31:53 INFO  Starting tde_evidence.sh 0.1.0
2026-09-11 08:31:53 WARN  datafile renamed between the two sets: o1_mf_clone_en_ob77tf6r_.dbf.fp vs o1_mf_clone_en_ob782l62_.dbf.fp
2026-09-11 08:31:53 WARN  pairing them anyway because each set holds exactly one datafile

== Block-level ciphertext comparison ==
A: pdb_baseline/o1_mf_clone_en_ob77tf6r_.dbf.fp
B: pdb_p2_archive/o1_mf_clone_en_ob77tf6r_.dbf.fp
block_size A/B: 8192/8192
blocks compared: 6401
identical: 6400
differing: 1
first differing blocks: [1]
verdict: RE-WRAP INDICATED - only 1 block(s) changed; data blocks byte-identical, so the tablespace key is unchanged
2026-09-11 08:31:53 INFO  compared 1 datafile(s)
2026-09-11 08:31:53 INFO  Done.
canary blocks:   identical 313 differing 0 total 313 (expect all identical - the archive moves files unchanged)

Key summary for pdb_p2_archive (PDBCLONE_P2):
  MASTERKEYID : BEE197456D8547F089D5872876526609
  Wrapped TEK : 7EBC0EB57A3EA2B32D7AFB691DFAD56509048E004C281543D01A46709F331FF6
  Notes       : ORIGIN=LOCAL KEY_VERSION=0

Key summary for pdb_baseline   (PDBCLONE):
  MASTERKEYID : BEE197456D8547F089D5872876526609
  Wrapped TEK : 7EBC0EB57A3EA2B32D7AFB691DFAD56509048E004C281543D01A46709F331FF6

TEK comparison:  IDENTICAL (expected)
ORIGIN in clone: LOCAL (expect: IMPORTED)
KEY_VERSION:     0 (doc: may reset to 0 after foreign plug-in)

------------------------------------------------------------------------
VERDICT: PASS - P2: the archive transport preserved both the wrapped key and the ciphertext (identical 313 differing 0 total 313) into a foreign CDB, ORIGIN=LOCAL, KEY_VERSION=0. The opposite of the clone in P1/P4, which renews the key
------------------------------------------------------------------------
2026-09-11 08:31:56 INFO  Done.

========================================================================
  STEP 64: PDB P3: unplug without key export - negative test
  Script: /Users/stefan.oehrli/Repos/own/oehrlis/oracle-free-labs/scripts/tde-verify/tests/64_pdb_p3_nokeys.sh
  Time:   2026-09-11 08:31:56
========================================================================
2026-09-11 08:31:56 INFO  Starting 64_pdb_p3_nokeys.sh 0.1.0

========================================================================
== Step 64: PDB P3 - unplug without key export (negative test)
========================================================================

========================================================================
== Remove a leftover PDB archive if present
========================================================================
no leftover archive at /opt/oracle/xchange/pdbclone_p3.pdb
2026-09-11 08:31:57 INFO  db_create_file_dest already /opt/oracle/oradata in odbencprod
2026-09-11 08:31:57 INFO  db_create_file_dest already /opt/oracle/oradata in odbencdev

========================================================================
== Phase 1: UNPLUG PDBCLONE (no key export)
========================================================================

Pluggable database altered.

ALTER PLUGGABLE DATABASE PDBCLONE
*
ERROR at line 1:
ORA-46680: Pluggable database (PDB) master keys must be exported.
Help: https://docs.oracle.com/error-help/db/ora-46680/
2026-09-11 08:31:58 INFO  archive present after the keyless unplug attempt: no

========================================================================
== Reopen PDBCLONE - phase 1 closed it and nothing was unplugged
========================================================================

Pluggable database altered.


Pluggable database altered.


NAME
--------------------------------------------------------------------------------
OPEN_MODE
----------
PDBCLONE
READ WRITE

------------------------------------------------------------------------
VERDICT: PASS - P3: Oracle refuses the keyless unplug outright (ORA-46680, PDB master keys must be exported). No archive is written, so an encrypted PDB cannot be carried off without the keys at all - the block sits earlier than the test assumed
------------------------------------------------------------------------
2026-09-11 08:31:58 INFO  Done.

========================================================================
  STEP 65: PDB P4: remote clone via DB link as c##clone
  Script: /Users/stefan.oehrli/Repos/own/oehrlis/oracle-free-labs/scripts/tde-verify/tests/65_pdb_p4_remote.sh
  Time:   2026-09-11 08:31:59
========================================================================
2026-09-11 08:31:59 INFO  Starting 65_pdb_p4_remote.sh 0.1.0

========================================================================
== Step 65: PDB P4 - remote clone via DB link
========================================================================
2026-09-11 08:32:00 INFO  dev CDB is independent (DBID 1515728868 vs prod 1515727551)
2026-09-11 08:32:00 INFO  db_create_file_dest already /opt/oracle/oradata in odbencprod
2026-09-11 08:32:00 INFO  db_create_file_dest already /opt/oracle/oradata in odbencdev

========================================================================
== Phase 1: Prepare credential for DB link (prod container only)
========================================================================
2026-09-11 08:32:01 INFO  clone password read into memory, not written to disk

========================================================================
== Phase 2: Create DB link prod_cdb_link in dev
========================================================================
DROP DATABASE LINK prod_cdb_link
                   *
ERROR at line 1:
ORA-02024: database link not found
Help: https://docs.oracle.com/error-help/db/ora-02024/



Database link created.


LINK_STATUS
------------
DB link test


========================================================================
== Phase 3: Prepare dev - drop PDBCLONE_P4 if exists
========================================================================
ALTER PLUGGABLE DATABASE PDBCLONE_P4 CLOSE IMMEDIATE
*
ERROR at line 1:
ORA-65011: Pluggable database PDBCLONE_P4 does not exist.
Help: https://docs.oracle.com/error-help/db/ora-65011/


DROP PLUGGABLE DATABASE PDBCLONE_P4 INCLUDING DATAFILES
*
ERROR at line 1:
ORA-65011: Pluggable database PDBCLONE_P4 does not exist.
Help: https://docs.oracle.com/error-help/db/ora-65011/



STATUS
----------------
dev cleanup done

========================================================================
== Phase 4: CREATE PDBCLONE_P4 FROM PDBCLONE@prod_cdb_link
========================================================================

Pluggable database created.


NAME
--------------------------------------------------------------------------------
OPEN_MODE
----------
PDBCLONE_P4
MOUNTED



========================================================================
== Remove a leftover key export file if present
========================================================================
no leftover key export at /opt/oracle/xchange/pdbclone_p4_keys.exp
2026-09-11 08:32:06 INFO  source tablespace depends on MEK BEE197456D8547F089D5872876526609 (KEY_ID Ab7hl0VthUfwidWHKHZSZgkAAAAAAAAAAAAAAAAAAAAAAAAAAAAA)

========================================================================
== Phase 5: Export keys from prod for PDBCLONE
========================================================================

keystore altered.


STATUS
-------------
keys exported


========================================================================
== Phase 6: Import keys into dev keystore
========================================================================
*
ERROR at line 1:
ORA-46655: no valid keys in the file from which keys are to be imported
Help: https://docs.oracle.com/error-help/db/ora-46655/



========================================================================
== Phase 7: Remove temp credential file
========================================================================
2026-09-11 08:32:07 INFO  Credential file removed

========================================================================
== Phase 8: Open PDBCLONE_P4 and verify canary
========================================================================

Pluggable database altered.


Session altered.

========================================================================
== Read canary SCOTT.CANARY_CLONEENC
========================================================================

CONTAINER
--------------------
PDBCLONE_P4

1 row selected.

== Row count and marker match ==========================================

ROWS_TOTAL MARKER_MATCH     MIN_ID     MAX_ID
---------- ------------ ---------- ----------
      5000	   5000 	 1	 5000

1 row selected.

== Sample rows =========================================================

	ID MARKER				    PAYLOAD_HEAD
---------- ---------------------------------------- ------------------------
	 1 OEHRLI-CANARY-2026-09-03		    CANARY-0000001-XXXXX
	 2 OEHRLI-CANARY-2026-09-03		    CANARY-0000002-XXXXX
	 3 OEHRLI-CANARY-2026-09-03		    CANARY-0000003-XXXXX

3 rows selected.

== Verdict =============================================================

VERDICT
------------------------------------------------------------
READABLE - all rows decrypt with the keys present here

1 row selected.

========================================================================
== Phase 9: Query key chain in PDBCLONE_P4
========================================================================

Session altered.


KEY_ID									       KEY_USE	  KEYSTORE_TYPE     ORIGIN				      BACKED_UP
------------------------------------------------------------------------------ ---------- ----------------- ----------------------------------------- ---------
Ab7hl0VthUfwidWHKHZSZgkAAAAAAAAAAAAAAAAAAAAAAAAAAAAA			       TDE IN PDB SOFTWARE KEYSTORE LOCAL				      NO

1 row selected.


MASTERKEYID			 ENCRYPTEDKEY							  KEY_VERSION ENCRYPT
-------------------------------- ---------------------------------------------------------------- ----------- -------
BEE197456D8547F089D5872876526609 F71B01BBC38C7587A55CF6304D850C4E64E4CEF9CE08AE3974A05409B584D07E	    0 AES256

1 row selected.

========================================================================
== Collect evidence set 'pdb_p4_remote'
========================================================================
2026-09-11 08:32:09 INFO  collecting evidence set 'pdb_p4_remote' from odbencdev
2026-09-11 08:32:09 INFO  Starting tde_evidence.sh 0.1.0
2026-09-11 08:32:09 INFO  evidence set 'pdb_p4_remote' -> /Users/stefan.oehrli/Repos/own/oehrlis/oracle-free-labs/data/xchange/evidence/pdb_p4_remote
2026-09-11 08:32:09 INFO  collecting key chain evidence from odbencdev (CDB$ROOT)

Session altered.

========================================================================
== TDE key chain evidence snapshot =====================================
========================================================================
== Identity of this database ===========================================

CONTAINER	     DB_NAME	  DB_UNIQUE_NAME	 DBID CREATED	LOG_MODE     OPEN_MODE
-------------------- ------------ ---------------- ---------- --------- ------------ --------------------
CDB$ROOT	     FREE	  FREE		   1515728868 11-SEP-26 ARCHIVELOG   READ WRITE

1 row selected.

== Keystore state from v$encryption_wallet =============================

WRL_TYPE WRL_PARAMETER								STATUS		   WALLET_TYPE	   KEYSTORE CON_ID
-------- ---------------------------------------------------------------------- ------------------ --------------- -------- ------
FILE	 /opt/oracle/dbconfig/FREE/wallet/tde/					OPEN		   LOCAL_AUTOLOGIN NONE 	 1
FILE										OPEN		   LOCAL_AUTOLOGIN UNITED	 2
FILE										OPEN_NO_MASTER_KEY LOCAL_AUTOLOGIN UNITED	 3
FILE										OPEN		   LOCAL_AUTOLOGIN UNITED	 4
FILE										OPEN		   LOCAL_AUTOLOGIN UNITED	 5

5 rows selected.

== Master encryption keys from v$encryption_keys =======================

KEY_ID							 KEY_USE    KEYSTORE_TYPE  ORIGIN     BACKED_UP CREATION_TIME	       ACTIVATION_TIME
-------------------------------------------------------- ---------- -------------- ---------- --------- ---------------------- ----------------------
CREATOR_PDBNAME
--------------------------------------------------------------------------------------------------------------------------------
ACTIVATING_PDBNAME														 CON_ID
-------------------------------------------------------------------------------------------------------------------------------- ------
Ab7hl0VthUfwidWHKHZSZgkAAAAAAAAAAAAAAAAAAAAAAAAAAAAA	 TDE IN PDB SOFTWARE KEYST LOCAL      NO	11.09.2026 06:27:24    11.09.2026 06:27:24
								    ORE
PDBCLONE_P2
PDBCLONE_P2															      4

AcbhIGva+EGksaFQRvnESUcAAAAAAAAAAAAAAAAAAAAAAAAAAAAA	 TDE IN PDB SOFTWARE KEYST LOCAL      NO	11.09.2026 06:31:19    11.09.2026 06:31:19
								    ORE
CDB$ROOT
CDB$ROOT															      1


2 rows selected.

== Tablespace key chain from v$encrypted_tablespaces ===================

TS_NAME 		    TS# ENCRYPTI ENC MASTERKEYID_HEX			KEY_VERSION STATUS	       ENCRYPTEDKEY_HEX 						  BLOCKS_ENCRYPTED BLOCKS_DECRYPTED CON_ID
-------------------- ---------- -------- --- ---------------------------------- ----------- ------------------ ------------------------------------------------------------------ ---------------- ---------------- ------
CLONE_ENC		      5 AES256	 YES BEE197456D8547F089D5872876526609		  0 NORMAL	       F71B01BBC38C7587A55CF6304D850C4E64E4CEF9CE08AE3974A05409B584D07E 		 0		353	 5
CLONE_ENC		      5 AES256	 YES BEE197456D8547F089D5872876526609		  0 NORMAL	       7EBC0EB57A3EA2B32D7AFB691DFAD56509048E004C281543D01A46709F331FF6 		 0		266	 4

2 rows selected.

== Full v$encrypted_tablespaces row (version specific columns) =========

       TS# ENCRYPTI ENC ENCRYPTEDKEY							 MASTERKEYID			  BLOCKS_ENCRYPTED BLOCKS_DECRYPTED KEY_VERSION STATUS		   CIPHERMODE	 CON_ID
---------- -------- --- ---------------------------------------------------------------- -------------------------------- ---------------- ---------------- ----------- ------------------ ------------- ------
	 5 AES256   YES 7EBC0EB57A3EA2B32D7AFB691DFAD56509048E004C281543D01A46709F331FF6 BEE197456D8547F089D5872876526609		 0		266	      0 NORMAL		   XTS		      4
	 5 AES256   YES F71B01BBC38C7587A55CF6304D850C4E64E4CEF9CE08AE3974A05409B584D07E BEE197456D8547F089D5872876526609		 0		353	      0 NORMAL		   XTS		      5

2 rows selected.

== Implicit database key for SYSTEM / UNDO / TEMP ======================

ENCRYPTI ENCRYPTEDKEY											  MASTERKEYID			   MAS CIPHERMODE    CON_ID
-------- ------------------------------------------------------------------------------------------------ -------------------------------- --- ------------- ------
AES256	 D11356B65C311E1A9CCB0475DC9C3629A03C97BD5714AF84AFF8FB03C7C2117300000000000000000000000000000000 C6E1206BDAF841A4B1A15046F9C44947 YES XTS		  1
NONE	 000000000000000000000000000000000000000000000000000000000000000000000000000000000000000000000000 00000000000000000000000000000000 NO  CFB		  2
AES256	 FD89365351E66F21C0BD4BF743389D63655B0901B633CB02C8AA931B1129709D00000000000000000000000000000000 66A0A5C11CD24D26853C2EF59AEBA507 NO  XTS		  3
AES256	 F6F4119BF8D2FA150B5C20C7C90A6CB6A116807678EDC581B1088DE179EDEA5900000000000000000000000000000000 BEE197456D8547F089D5872876526609 YES XTS		  4
AES256	 F6F4119BF8D2FA150B5C20C7C90A6CB6A116807678EDC581B1088DE179EDEA5900000000000000000000000000000000 BEE197456D8547F089D5872876526609 YES XTS		  5

5 rows selected.

== Datafiles of encrypted tablespaces ==================================

no rows selected

2026-09-11 08:32:10 INFO  collecting key chain evidence from odbencdev (PDB PDBCLONE_P4)

Session altered.


Session altered.

========================================================================
== TDE key chain evidence snapshot =====================================
========================================================================
== Identity of this database ===========================================

CONTAINER	     DB_NAME	  DB_UNIQUE_NAME	 DBID CREATED	LOG_MODE     OPEN_MODE
-------------------- ------------ ---------------- ---------- --------- ------------ --------------------
PDBCLONE_P4	     FREE	  FREE		   1515728868 11-SEP-26 ARCHIVELOG   READ WRITE

1 row selected.

== Keystore state from v$encryption_wallet =============================

WRL_TYPE WRL_PARAMETER								STATUS		   WALLET_TYPE	   KEYSTORE CON_ID
-------- ---------------------------------------------------------------------- ------------------ --------------- -------- ------
FILE										OPEN		   LOCAL_AUTOLOGIN UNITED	 5

1 row selected.

== Master encryption keys from v$encryption_keys =======================

KEY_ID							 KEY_USE    KEYSTORE_TYPE  ORIGIN     BACKED_UP CREATION_TIME	       ACTIVATION_TIME
-------------------------------------------------------- ---------- -------------- ---------- --------- ---------------------- ----------------------
CREATOR_PDBNAME
--------------------------------------------------------------------------------------------------------------------------------
ACTIVATING_PDBNAME														 CON_ID
-------------------------------------------------------------------------------------------------------------------------------- ------
Ab7hl0VthUfwidWHKHZSZgkAAAAAAAAAAAAAAAAAAAAAAAAAAAAA	 TDE IN PDB SOFTWARE KEYST LOCAL      NO	11.09.2026 06:27:24    11.09.2026 06:27:24
								    ORE

PDBCLONE_P4															      5


1 row selected.

== Tablespace key chain from v$encrypted_tablespaces ===================

TS_NAME 		    TS# ENCRYPTI ENC MASTERKEYID_HEX			KEY_VERSION STATUS	       ENCRYPTEDKEY_HEX 						  BLOCKS_ENCRYPTED BLOCKS_DECRYPTED CON_ID
-------------------- ---------- -------- --- ---------------------------------- ----------- ------------------ ------------------------------------------------------------------ ---------------- ---------------- ------
CLONE_ENC		      5 AES256	 YES BEE197456D8547F089D5872876526609		  0 NORMAL	       F71B01BBC38C7587A55CF6304D850C4E64E4CEF9CE08AE3974A05409B584D07E 		 0		353	 5

1 row selected.

== Full v$encrypted_tablespaces row (version specific columns) =========

       TS# ENCRYPTI ENC ENCRYPTEDKEY							 MASTERKEYID			  BLOCKS_ENCRYPTED BLOCKS_DECRYPTED KEY_VERSION STATUS		   CIPHERMODE	 CON_ID
---------- -------- --- ---------------------------------------------------------------- -------------------------------- ---------------- ---------------- ----------- ------------------ ------------- ------
	 5 AES256   YES F71B01BBC38C7587A55CF6304D850C4E64E4CEF9CE08AE3974A05409B584D07E BEE197456D8547F089D5872876526609		 0		353	      0 NORMAL		   XTS		      5

1 row selected.

== Implicit database key for SYSTEM / UNDO / TEMP ======================

ENCRYPTI ENCRYPTEDKEY											  MASTERKEYID			   MAS CIPHERMODE    CON_ID
-------- ------------------------------------------------------------------------------------------------ -------------------------------- --- ------------- ------
AES256	 F6F4119BF8D2FA150B5C20C7C90A6CB6A116807678EDC581B1088DE179EDEA5900000000000000000000000000000000 BEE197456D8547F089D5872876526609 YES XTS		  5

1 row selected.

== Datafiles of encrypted tablespaces ==================================

TS_NAME 	     RELATIVE_FNO FILE_NAME								     BLOCKS BLOCK_SIZE	    BYTES
-------------------- ------------ ---------------------------------------------------------------------- ---------- ---------- ----------
CLONE_ENC		     1024 /opt/oracle/oradata/FREE/5B303DF9DCD21477E063030013AC0CF8/datafile/o1_       6400	  8192	 52428800
				  mf_clone_en_ob7833xw_.dbf


1 row selected.

2026-09-11 08:32:10 INFO  listing datafiles of tablespace CLONE_ENC in PDB PDBCLONE_P4
2026-09-11 08:32:10 INFO  found 1 datafile(s)
2026-09-11 08:32:10 INFO  fingerprinting o1_mf_clone_en_ob7833xw_.dbf (block size 8192)
wrote /Users/stefan.oehrli/Repos/own/oehrlis/oracle-free-labs/data/xchange/evidence/pdb_p4_remote/o1_mf_clone_en_ob7833xw_.dbf.fp
2026-09-11 08:32:11 INFO  scanning o1_mf_clone_en_ob7833xw_.dbf for the clear-text marker
no hits - needle not present as plaintext in this datafile
2026-09-11 08:32:11 INFO  manifest written to /Users/stefan.oehrli/Repos/own/oehrlis/oracle-free-labs/data/xchange/evidence/pdb_p4_remote/manifest.txt
2026-09-11 08:32:11 INFO  Done.

========================================================================
== Compare 'pdb_p4_remote' vs 'pdb_baseline'
========================================================================
2026-09-11 08:32:11 INFO  comparing evidence sets 'pdb_baseline' vs 'pdb_p4_remote'
2026-09-11 08:32:11 INFO  Starting tde_evidence.sh 0.1.0
2026-09-11 08:32:12 WARN  datafile renamed between the two sets: o1_mf_clone_en_ob77tf6r_.dbf.fp vs o1_mf_clone_en_ob7833xw_.dbf.fp
2026-09-11 08:32:12 WARN  pairing them anyway because each set holds exactly one datafile

== Block-level ciphertext comparison ==
A: pdb_baseline/o1_mf_clone_en_ob77tf6r_.dbf.fp
B: pdb_p4_remote/o1_mf_clone_en_ob77tf6r_.dbf.fp
block_size A/B: 8192/8192
blocks compared: 6401
identical: 1
differing: 6400
first differing blocks: [1, 2, 3, 4, 5, 6, 7, 8, 9, 10, 11, 12, 13, 14, 15, 16, 17, 18, 19, 20]
... and 6380 more
verdict: MIXED - 6400 of 6401 blocks changed; inspect which ranges differ before drawing a conclusion
2026-09-11 08:32:12 INFO  compared 1 datafile(s)
2026-09-11 08:32:12 INFO  Done.
canary blocks:   identical 0 differing 313 total 313 (expect all differing - a clone re-encrypts)

Key summary for pdb_p4_remote (PDBCLONE_P4):
  MASTERKEYID : BEE197456D8547F089D5872876526609
  Wrapped TEK : F71B01BBC38C7587A55CF6304D850C4E64E4CEF9CE08AE3974A05409B584D07E
  Notes       : ORIGIN=LOCAL KEY_VERSION=0

Key summary for pdb_baseline  (PDBCLONE):
  MASTERKEYID : BEE197456D8547F089D5872876526609
  Wrapped TEK : 7EBC0EB57A3EA2B32D7AFB691DFAD56509048E004C281543D01A46709F331FF6

TEK comparison:  DIFFERENT
ORIGIN in clone: LOCAL (expect: IMPORTED)
KEY_VERSION:     0

------------------------------------------------------------------------
VERDICT: PASS - P4: remote clone produced NEW tablespace key material (identical 0 differing 313 total 313), ORIGIN=LOCAL. The MASTERKEYID matches the source, so the differing wrapped key is not a re-wrap. Same behaviour as the local clone in P1, and the opposite of the archive transport in P2
------------------------------------------------------------------------
2026-09-11 08:32:14 INFO  Done.

========================================================================
  STEP 66: PDB P7: ORIGIN of the transported key in the target
  Script: /Users/stefan.oehrli/Repos/own/oehrlis/oracle-free-labs/scripts/tde-verify/tests/66_pdb_p7_origin.sh
  Time:   2026-09-11 08:32:15
========================================================================
2026-09-11 08:32:15 INFO  Starting 66_pdb_p7_origin.sh 0.1.0

========================================================================
== Step 66: PDB P7 - ORIGIN of the transported key
========================================================================
2026-09-11 08:32:15 INFO  Target PDB: PDBCLONE_P4 in odbencdev

========================================================================
== v$encryption_keys in target PDBCLONE_P4 (dev)
========================================================================

Session altered.


KEY_ID									       KEY_USE	  KEYSTORE_TYPE     ORIGIN				      BACKED_UP
------------------------------------------------------------------------------ ---------- ----------------- ----------------------------------------- ---------
CREATION_TIME
---------------------------------------------------------------------------
Ab7hl0VthUfwidWHKHZSZgkAAAAAAAAAAAAAAAAAAAAAAAAAAAAA			       TDE IN PDB SOFTWARE KEYSTORE LOCAL				      NO
11-SEP-26 06.27.24.900832 AM +00:00


1 row selected.

========================================================================
== v$encryption_keys in source PDBCLONE (prod)
========================================================================

Session altered.


KEY_ID									       KEY_USE	  KEYSTORE_TYPE     ORIGIN				      BACKED_UP
------------------------------------------------------------------------------ ---------- ----------------- ----------------------------------------- ---------
CREATION_TIME
---------------------------------------------------------------------------
Ab7hl0VthUfwidWHKHZSZgkAAAAAAAAAAAAAAAAAAAAAAAAAAAAA			       TDE IN PDB SOFTWARE KEYSTORE LOCAL				      NO
11-SEP-26 06.27.24.900832 AM +00:00


1 row selected.
2026-09-11 08:32:16 INFO  tablespace CLONE_ENC in PDBCLONE_P4 depends on MEK BEE197456D8547F089D5872876526609

========================================================================
== ORIGIN Comparison Table
========================================================================
  Context                                     ORIGIN
  ------------------------------------------  --------
  Source PDBCLONE in prod (native creation)   LOCAL
  PDB archive import P2 (from state)          LOCAL
  Remote clone + key import P4 (from state)   LOCAL
  Current target PDBCLONE_P4 (measured now)   LOCAL
  RMAN Variant A (copied keystore, reference)  LOCAL (documented)

Key distinction: IMPORTED traces the key provenance; LOCAL does not.
A copied keystore (Variant A) leaves no audit trail in v$encryption_keys.

------------------------------------------------------------------------
VERDICT: PASS - P7: the key BEE197456D8547F089D5872876526609 was transported out of production by EXPORT/IMPORT KEYS, yet the target reports ORIGIN=LOCAL. Nothing in v$encryption_keys distinguishes a transported production key from one generated on the spot - the provenance question cannot be answered from the database
------------------------------------------------------------------------
2026-09-11 08:32:17 INFO  Done.

========================================================================
  STEP 67: PDB P8: KEY_VERSION after plug-in to foreign CDB
  Script: /Users/stefan.oehrli/Repos/own/oehrlis/oracle-free-labs/scripts/tde-verify/tests/67_pdb_p8_keyver.sh
  Time:   2026-09-11 08:32:17
========================================================================
2026-09-11 08:32:17 INFO  Starting 67_pdb_p8_keyver.sh 0.1.0

========================================================================
== Step 67: PDB P8 - KEY_VERSION after plug-in to foreign CDB
========================================================================
2026-09-11 08:32:18 INFO  Target PDB: PDBCLONE_P4 in odbencdev

========================================================================
== v$encrypted_tablespaces in source PDBCLONE (prod)
========================================================================

Session altered.


NAME			       ENCRYPT KEY_VERSION MASTERKEYID
------------------------------ ------- ----------- --------------------------------
CLONE_ENC		       AES256		 0 BEE197456D8547F089D5872876526609

1 row selected.

========================================================================
== v$encrypted_tablespaces in target PDBCLONE_P4 (dev)
========================================================================

Session altered.


NAME			       ENCRYPT KEY_VERSION MASTERKEYID
------------------------------ ------- ----------- --------------------------------
CLONE_ENC		       AES256		 0 BEE197456D8547F089D5872876526609

1 row selected.

========================================================================
== KEY_VERSION Comparison
========================================================================
  Context                                       KEY_VERSION
  --------------------------------------------  -----------
  Source PDBCLONE/CLONE_ENC (prod)              0
  Target PDBCLONE_P4/CLONE_ENC (dev, now)       0
  Target at P2 plug-in (from state)             0
  Target at P4 plug-in (from state)             0

Oracle documentation: KEY_VERSION may reset to 0 after plug-in to a
foreign CDB. Subsequent MEK rotation (P5) or ONLINE REKEY (P6)
will increment KEY_VERSION further.

------------------------------------------------------------------------
VERDICT: PASS - P8 informational: KEY_VERSION unchanged (0) - doc reset to 0 not observed here
------------------------------------------------------------------------
2026-09-11 08:32:19 INFO  Done.

========================================================================
  STEP 68: PDB P5: MEK rotation in target after P2 or P4
  Script: /Users/stefan.oehrli/Repos/own/oehrlis/oracle-free-labs/scripts/tde-verify/tests/68_pdb_p5_mekrot.sh
  Time:   2026-09-11 08:32:19
========================================================================
2026-09-11 08:32:19 INFO  Starting 68_pdb_p5_mekrot.sh 0.1.0

========================================================================
== Step 68: PDB P5 - MEK rotation in target PDB
========================================================================
2026-09-11 08:32:19 INFO  Target PDB: PDBCLONE_P4 in odbencdev

========================================================================
== Key state BEFORE MEK rotation
========================================================================

Session altered.


KEY_ID									       KEY_USE	  ORIGIN				    KEYSTORE_TYPE
------------------------------------------------------------------------------ ---------- ----------------------------------------- -----------------
Ab7hl0VthUfwidWHKHZSZgkAAAAAAAAAAAAAAAAAAAAAAAAAAAAA			       TDE IN PDB LOCAL 				    SOFTWARE KEYSTORE

1 row selected.


MASTERKEYID_BEFORE		 ENCRYPTEDKEY_BEFORE						  KEY_VERSION
-------------------------------- ---------------------------------------------------------------- -----------
BEE197456D8547F089D5872876526609 F71B01BBC38C7587A55CF6304D850C4E64E4CEF9CE08AE3974A05409B584D07E	    0

1 row selected.

========================================================================
== Collect evidence set 'pdb_p5_mekrot_before' (target before rotation)
========================================================================
2026-09-11 08:32:21 INFO  collecting evidence set 'pdb_p5_mekrot_before' from odbencdev
2026-09-11 08:32:21 INFO  Starting tde_evidence.sh 0.1.0
2026-09-11 08:32:21 INFO  evidence set 'pdb_p5_mekrot_before' -> /Users/stefan.oehrli/Repos/own/oehrlis/oracle-free-labs/data/xchange/evidence/pdb_p5_mekrot_before
2026-09-11 08:32:21 INFO  collecting key chain evidence from odbencdev (CDB$ROOT)

Session altered.

========================================================================
== TDE key chain evidence snapshot =====================================
========================================================================
== Identity of this database ===========================================

CONTAINER	     DB_NAME	  DB_UNIQUE_NAME	 DBID CREATED	LOG_MODE     OPEN_MODE
-------------------- ------------ ---------------- ---------- --------- ------------ --------------------
CDB$ROOT	     FREE	  FREE		   1515728868 11-SEP-26 ARCHIVELOG   READ WRITE

1 row selected.

== Keystore state from v$encryption_wallet =============================

WRL_TYPE WRL_PARAMETER								STATUS		   WALLET_TYPE	   KEYSTORE CON_ID
-------- ---------------------------------------------------------------------- ------------------ --------------- -------- ------
FILE	 /opt/oracle/dbconfig/FREE/wallet/tde/					OPEN		   LOCAL_AUTOLOGIN NONE 	 1
FILE										OPEN		   LOCAL_AUTOLOGIN UNITED	 2
FILE										OPEN_NO_MASTER_KEY LOCAL_AUTOLOGIN UNITED	 3
FILE										OPEN		   LOCAL_AUTOLOGIN UNITED	 4
FILE										OPEN		   LOCAL_AUTOLOGIN UNITED	 5

5 rows selected.

== Master encryption keys from v$encryption_keys =======================

KEY_ID							 KEY_USE    KEYSTORE_TYPE  ORIGIN     BACKED_UP CREATION_TIME	       ACTIVATION_TIME
-------------------------------------------------------- ---------- -------------- ---------- --------- ---------------------- ----------------------
CREATOR_PDBNAME
--------------------------------------------------------------------------------------------------------------------------------
ACTIVATING_PDBNAME														 CON_ID
-------------------------------------------------------------------------------------------------------------------------------- ------
Ab7hl0VthUfwidWHKHZSZgkAAAAAAAAAAAAAAAAAAAAAAAAAAAAA	 TDE IN PDB SOFTWARE KEYST LOCAL      NO	11.09.2026 06:27:24    11.09.2026 06:27:24
								    ORE
PDBCLONE_P2
PDBCLONE_P2															      4

AcbhIGva+EGksaFQRvnESUcAAAAAAAAAAAAAAAAAAAAAAAAAAAAA	 TDE IN PDB SOFTWARE KEYST LOCAL      NO	11.09.2026 06:31:19    11.09.2026 06:31:19
								    ORE
CDB$ROOT
CDB$ROOT															      1


2 rows selected.

== Tablespace key chain from v$encrypted_tablespaces ===================

TS_NAME 		    TS# ENCRYPTI ENC MASTERKEYID_HEX			KEY_VERSION STATUS	       ENCRYPTEDKEY_HEX 						  BLOCKS_ENCRYPTED BLOCKS_DECRYPTED CON_ID
-------------------- ---------- -------- --- ---------------------------------- ----------- ------------------ ------------------------------------------------------------------ ---------------- ---------------- ------
CLONE_ENC		      5 AES256	 YES BEE197456D8547F089D5872876526609		  0 NORMAL	       F71B01BBC38C7587A55CF6304D850C4E64E4CEF9CE08AE3974A05409B584D07E 		 0		361	 5
CLONE_ENC		      5 AES256	 YES BEE197456D8547F089D5872876526609		  0 NORMAL	       7EBC0EB57A3EA2B32D7AFB691DFAD56509048E004C281543D01A46709F331FF6 		 0		266	 4

2 rows selected.

== Full v$encrypted_tablespaces row (version specific columns) =========

       TS# ENCRYPTI ENC ENCRYPTEDKEY							 MASTERKEYID			  BLOCKS_ENCRYPTED BLOCKS_DECRYPTED KEY_VERSION STATUS		   CIPHERMODE	 CON_ID
---------- -------- --- ---------------------------------------------------------------- -------------------------------- ---------------- ---------------- ----------- ------------------ ------------- ------
	 5 AES256   YES 7EBC0EB57A3EA2B32D7AFB691DFAD56509048E004C281543D01A46709F331FF6 BEE197456D8547F089D5872876526609		 0		266	      0 NORMAL		   XTS		      4
	 5 AES256   YES F71B01BBC38C7587A55CF6304D850C4E64E4CEF9CE08AE3974A05409B584D07E BEE197456D8547F089D5872876526609		 0		361	      0 NORMAL		   XTS		      5

2 rows selected.

== Implicit database key for SYSTEM / UNDO / TEMP ======================

ENCRYPTI ENCRYPTEDKEY											  MASTERKEYID			   MAS CIPHERMODE    CON_ID
-------- ------------------------------------------------------------------------------------------------ -------------------------------- --- ------------- ------
AES256	 D11356B65C311E1A9CCB0475DC9C3629A03C97BD5714AF84AFF8FB03C7C2117300000000000000000000000000000000 C6E1206BDAF841A4B1A15046F9C44947 YES XTS		  1
NONE	 000000000000000000000000000000000000000000000000000000000000000000000000000000000000000000000000 00000000000000000000000000000000 NO  CFB		  2
AES256	 FD89365351E66F21C0BD4BF743389D63655B0901B633CB02C8AA931B1129709D00000000000000000000000000000000 66A0A5C11CD24D26853C2EF59AEBA507 NO  XTS		  3
AES256	 F6F4119BF8D2FA150B5C20C7C90A6CB6A116807678EDC581B1088DE179EDEA5900000000000000000000000000000000 BEE197456D8547F089D5872876526609 YES XTS		  4
AES256	 F6F4119BF8D2FA150B5C20C7C90A6CB6A116807678EDC581B1088DE179EDEA5900000000000000000000000000000000 BEE197456D8547F089D5872876526609 YES XTS		  5

5 rows selected.

== Datafiles of encrypted tablespaces ==================================

no rows selected

2026-09-11 08:32:21 INFO  collecting key chain evidence from odbencdev (PDB PDBCLONE_P4)

Session altered.


Session altered.

========================================================================
== TDE key chain evidence snapshot =====================================
========================================================================
== Identity of this database ===========================================

CONTAINER	     DB_NAME	  DB_UNIQUE_NAME	 DBID CREATED	LOG_MODE     OPEN_MODE
-------------------- ------------ ---------------- ---------- --------- ------------ --------------------
PDBCLONE_P4	     FREE	  FREE		   1515728868 11-SEP-26 ARCHIVELOG   READ WRITE

1 row selected.

== Keystore state from v$encryption_wallet =============================

WRL_TYPE WRL_PARAMETER								STATUS		   WALLET_TYPE	   KEYSTORE CON_ID
-------- ---------------------------------------------------------------------- ------------------ --------------- -------- ------
FILE										OPEN		   LOCAL_AUTOLOGIN UNITED	 5

1 row selected.

== Master encryption keys from v$encryption_keys =======================

KEY_ID							 KEY_USE    KEYSTORE_TYPE  ORIGIN     BACKED_UP CREATION_TIME	       ACTIVATION_TIME
-------------------------------------------------------- ---------- -------------- ---------- --------- ---------------------- ----------------------
CREATOR_PDBNAME
--------------------------------------------------------------------------------------------------------------------------------
ACTIVATING_PDBNAME														 CON_ID
-------------------------------------------------------------------------------------------------------------------------------- ------
Ab7hl0VthUfwidWHKHZSZgkAAAAAAAAAAAAAAAAAAAAAAAAAAAAA	 TDE IN PDB SOFTWARE KEYST LOCAL      NO	11.09.2026 06:27:24    11.09.2026 06:27:24
								    ORE

PDBCLONE_P4															      5


1 row selected.

== Tablespace key chain from v$encrypted_tablespaces ===================

TS_NAME 		    TS# ENCRYPTI ENC MASTERKEYID_HEX			KEY_VERSION STATUS	       ENCRYPTEDKEY_HEX 						  BLOCKS_ENCRYPTED BLOCKS_DECRYPTED CON_ID
-------------------- ---------- -------- --- ---------------------------------- ----------- ------------------ ------------------------------------------------------------------ ---------------- ---------------- ------
CLONE_ENC		      5 AES256	 YES BEE197456D8547F089D5872876526609		  0 NORMAL	       F71B01BBC38C7587A55CF6304D850C4E64E4CEF9CE08AE3974A05409B584D07E 		 0		361	 5

1 row selected.

== Full v$encrypted_tablespaces row (version specific columns) =========

       TS# ENCRYPTI ENC ENCRYPTEDKEY							 MASTERKEYID			  BLOCKS_ENCRYPTED BLOCKS_DECRYPTED KEY_VERSION STATUS		   CIPHERMODE	 CON_ID
---------- -------- --- ---------------------------------------------------------------- -------------------------------- ---------------- ---------------- ----------- ------------------ ------------- ------
	 5 AES256   YES F71B01BBC38C7587A55CF6304D850C4E64E4CEF9CE08AE3974A05409B584D07E BEE197456D8547F089D5872876526609		 0		361	      0 NORMAL		   XTS		      5

1 row selected.

== Implicit database key for SYSTEM / UNDO / TEMP ======================

ENCRYPTI ENCRYPTEDKEY											  MASTERKEYID			   MAS CIPHERMODE    CON_ID
-------- ------------------------------------------------------------------------------------------------ -------------------------------- --- ------------- ------
AES256	 F6F4119BF8D2FA150B5C20C7C90A6CB6A116807678EDC581B1088DE179EDEA5900000000000000000000000000000000 BEE197456D8547F089D5872876526609 YES XTS		  5

1 row selected.

== Datafiles of encrypted tablespaces ==================================

TS_NAME 	     RELATIVE_FNO FILE_NAME								     BLOCKS BLOCK_SIZE	    BYTES
-------------------- ------------ ---------------------------------------------------------------------- ---------- ---------- ----------
CLONE_ENC		     1024 /opt/oracle/oradata/FREE/5B303DF9DCD21477E063030013AC0CF8/datafile/o1_       6400	  8192	 52428800
				  mf_clone_en_ob7833xw_.dbf


1 row selected.

2026-09-11 08:32:21 INFO  listing datafiles of tablespace CLONE_ENC in PDB PDBCLONE_P4
2026-09-11 08:32:22 INFO  found 1 datafile(s)
2026-09-11 08:32:22 INFO  fingerprinting o1_mf_clone_en_ob7833xw_.dbf (block size 8192)
wrote /Users/stefan.oehrli/Repos/own/oehrlis/oracle-free-labs/data/xchange/evidence/pdb_p5_mekrot_before/o1_mf_clone_en_ob7833xw_.dbf.fp
2026-09-11 08:32:22 INFO  scanning o1_mf_clone_en_ob7833xw_.dbf for the clear-text marker
no hits - needle not present as plaintext in this datafile
2026-09-11 08:32:22 INFO  manifest written to /Users/stefan.oehrli/Repos/own/oehrlis/oracle-free-labs/data/xchange/evidence/pdb_p5_mekrot_before/manifest.txt
2026-09-11 08:32:22 INFO  Done.

========================================================================
== MEK rotation in PDBCLONE_P4
========================================================================

Session altered.


keystore altered.


STATUS
-----------------
MEK rotation done


========================================================================
== Key state AFTER MEK rotation
========================================================================

Session altered.


KEY_ID									       KEY_USE	  ORIGIN				    KEYSTORE_TYPE
------------------------------------------------------------------------------ ---------- ----------------------------------------- -----------------
AeB/eSHZckmPqTJjUHcghScAAAAAAAAAAAAAAAAAAAAAAAAAAAAA			       TDE IN PDB LOCAL 				    SOFTWARE KEYSTORE

1 row selected.


MASTERKEYID_AFTER		 ENCRYPTEDKEY_AFTER						  KEY_VERSION
-------------------------------- ---------------------------------------------------------------- -----------
BEE197456D8547F089D5872876526609 F71B01BBC38C7587A55CF6304D850C4E64E4CEF9CE08AE3974A05409B584D07E	    0

1 row selected.

========================================================================
== Collect evidence set 'pdb_p5_mekrot' (after rotation, tablespace READ ONLY)
========================================================================
2026-09-11 08:32:23 INFO  collecting evidence set 'pdb_p5_mekrot' from odbencdev
2026-09-11 08:32:24 INFO  Starting tde_evidence.sh 0.1.0
2026-09-11 08:32:24 INFO  evidence set 'pdb_p5_mekrot' -> /Users/stefan.oehrli/Repos/own/oehrlis/oracle-free-labs/data/xchange/evidence/pdb_p5_mekrot
2026-09-11 08:32:24 INFO  collecting key chain evidence from odbencdev (CDB$ROOT)

Session altered.

========================================================================
== TDE key chain evidence snapshot =====================================
========================================================================
== Identity of this database ===========================================

CONTAINER	     DB_NAME	  DB_UNIQUE_NAME	 DBID CREATED	LOG_MODE     OPEN_MODE
-------------------- ------------ ---------------- ---------- --------- ------------ --------------------
CDB$ROOT	     FREE	  FREE		   1515728868 11-SEP-26 ARCHIVELOG   READ WRITE

1 row selected.

== Keystore state from v$encryption_wallet =============================

WRL_TYPE WRL_PARAMETER								STATUS		   WALLET_TYPE	   KEYSTORE CON_ID
-------- ---------------------------------------------------------------------- ------------------ --------------- -------- ------
FILE	 /opt/oracle/dbconfig/FREE/wallet/tde/					OPEN		   LOCAL_AUTOLOGIN NONE 	 1
FILE										OPEN		   LOCAL_AUTOLOGIN UNITED	 2
FILE										OPEN_NO_MASTER_KEY LOCAL_AUTOLOGIN UNITED	 3
FILE										OPEN		   LOCAL_AUTOLOGIN UNITED	 4
FILE										OPEN		   LOCAL_AUTOLOGIN UNITED	 5

5 rows selected.

== Master encryption keys from v$encryption_keys =======================

KEY_ID							 KEY_USE    KEYSTORE_TYPE  ORIGIN     BACKED_UP CREATION_TIME	       ACTIVATION_TIME
-------------------------------------------------------- ---------- -------------- ---------- --------- ---------------------- ----------------------
CREATOR_PDBNAME
--------------------------------------------------------------------------------------------------------------------------------
ACTIVATING_PDBNAME														 CON_ID
-------------------------------------------------------------------------------------------------------------------------------- ------
Ab7hl0VthUfwidWHKHZSZgkAAAAAAAAAAAAAAAAAAAAAAAAAAAAA	 TDE IN PDB SOFTWARE KEYST LOCAL      YES	11.09.2026 06:27:24    11.09.2026 06:27:24
								    ORE
PDBCLONE_P2
PDBCLONE_P2															      4

AcbhIGva+EGksaFQRvnESUcAAAAAAAAAAAAAAAAAAAAAAAAAAAAA	 TDE IN PDB SOFTWARE KEYST LOCAL      YES	11.09.2026 06:31:19    11.09.2026 06:31:19
								    ORE
CDB$ROOT
CDB$ROOT															      1

AeB/eSHZckmPqTJjUHcghScAAAAAAAAAAAAAAAAAAAAAAAAAAAAA	 TDE IN PDB SOFTWARE KEYST LOCAL      NO	11.09.2026 06:32:22    11.09.2026 06:32:22
								    ORE
PDBCLONE_P4
PDBCLONE_P4															      5


3 rows selected.

== Tablespace key chain from v$encrypted_tablespaces ===================

TS_NAME 		    TS# ENCRYPTI ENC MASTERKEYID_HEX			KEY_VERSION STATUS	       ENCRYPTEDKEY_HEX 						  BLOCKS_ENCRYPTED BLOCKS_DECRYPTED CON_ID
-------------------- ---------- -------- --- ---------------------------------- ----------- ------------------ ------------------------------------------------------------------ ---------------- ---------------- ------
CLONE_ENC		      5 AES256	 YES BEE197456D8547F089D5872876526609		  0 NORMAL	       F71B01BBC38C7587A55CF6304D850C4E64E4CEF9CE08AE3974A05409B584D07E 		 0		361	 5
CLONE_ENC		      5 AES256	 YES BEE197456D8547F089D5872876526609		  0 NORMAL	       7EBC0EB57A3EA2B32D7AFB691DFAD56509048E004C281543D01A46709F331FF6 		 0		266	 4

2 rows selected.

== Full v$encrypted_tablespaces row (version specific columns) =========

       TS# ENCRYPTI ENC ENCRYPTEDKEY							 MASTERKEYID			  BLOCKS_ENCRYPTED BLOCKS_DECRYPTED KEY_VERSION STATUS		   CIPHERMODE	 CON_ID
---------- -------- --- ---------------------------------------------------------------- -------------------------------- ---------------- ---------------- ----------- ------------------ ------------- ------
	 5 AES256   YES 7EBC0EB57A3EA2B32D7AFB691DFAD56509048E004C281543D01A46709F331FF6 BEE197456D8547F089D5872876526609		 0		266	      0 NORMAL		   XTS		      4
	 5 AES256   YES F71B01BBC38C7587A55CF6304D850C4E64E4CEF9CE08AE3974A05409B584D07E BEE197456D8547F089D5872876526609		 0		361	      0 NORMAL		   XTS		      5

2 rows selected.

== Implicit database key for SYSTEM / UNDO / TEMP ======================

ENCRYPTI ENCRYPTEDKEY											  MASTERKEYID			   MAS CIPHERMODE    CON_ID
-------- ------------------------------------------------------------------------------------------------ -------------------------------- --- ------------- ------
AES256	 D11356B65C311E1A9CCB0475DC9C3629A03C97BD5714AF84AFF8FB03C7C2117300000000000000000000000000000000 C6E1206BDAF841A4B1A15046F9C44947 YES XTS		  1
NONE	 000000000000000000000000000000000000000000000000000000000000000000000000000000000000000000000000 00000000000000000000000000000000 NO  CFB		  2
AES256	 FD89365351E66F21C0BD4BF743389D63655B0901B633CB02C8AA931B1129709D00000000000000000000000000000000 66A0A5C11CD24D26853C2EF59AEBA507 NO  XTS		  3
AES256	 F6F4119BF8D2FA150B5C20C7C90A6CB6A116807678EDC581B1088DE179EDEA5900000000000000000000000000000000 BEE197456D8547F089D5872876526609 YES XTS		  4
AES256	 65241320394D93EA99979E2B8E9A24896971497FB687158C30DBDF3EB965895500000000000000000000000000000000 E07F7921D972498FA932635077208527 YES XTS		  5

5 rows selected.

== Datafiles of encrypted tablespaces ==================================

no rows selected

2026-09-11 08:32:24 INFO  collecting key chain evidence from odbencdev (PDB PDBCLONE_P4)

Session altered.


Session altered.

========================================================================
== TDE key chain evidence snapshot =====================================
========================================================================
== Identity of this database ===========================================

CONTAINER	     DB_NAME	  DB_UNIQUE_NAME	 DBID CREATED	LOG_MODE     OPEN_MODE
-------------------- ------------ ---------------- ---------- --------- ------------ --------------------
PDBCLONE_P4	     FREE	  FREE		   1515728868 11-SEP-26 ARCHIVELOG   READ WRITE

1 row selected.

== Keystore state from v$encryption_wallet =============================

WRL_TYPE WRL_PARAMETER								STATUS		   WALLET_TYPE	   KEYSTORE CON_ID
-------- ---------------------------------------------------------------------- ------------------ --------------- -------- ------
FILE										OPEN		   LOCAL_AUTOLOGIN UNITED	 5

1 row selected.

== Master encryption keys from v$encryption_keys =======================

KEY_ID							 KEY_USE    KEYSTORE_TYPE  ORIGIN     BACKED_UP CREATION_TIME	       ACTIVATION_TIME
-------------------------------------------------------- ---------- -------------- ---------- --------- ---------------------- ----------------------
CREATOR_PDBNAME
--------------------------------------------------------------------------------------------------------------------------------
ACTIVATING_PDBNAME														 CON_ID
-------------------------------------------------------------------------------------------------------------------------------- ------
AeB/eSHZckmPqTJjUHcghScAAAAAAAAAAAAAAAAAAAAAAAAAAAAA	 TDE IN PDB SOFTWARE KEYST LOCAL      NO	11.09.2026 06:32:22    11.09.2026 06:32:22
								    ORE
PDBCLONE_P4
PDBCLONE_P4															      5


1 row selected.

== Tablespace key chain from v$encrypted_tablespaces ===================

TS_NAME 		    TS# ENCRYPTI ENC MASTERKEYID_HEX			KEY_VERSION STATUS	       ENCRYPTEDKEY_HEX 						  BLOCKS_ENCRYPTED BLOCKS_DECRYPTED CON_ID
-------------------- ---------- -------- --- ---------------------------------- ----------- ------------------ ------------------------------------------------------------------ ---------------- ---------------- ------
CLONE_ENC		      5 AES256	 YES BEE197456D8547F089D5872876526609		  0 NORMAL	       F71B01BBC38C7587A55CF6304D850C4E64E4CEF9CE08AE3974A05409B584D07E 		 0		361	 5

1 row selected.

== Full v$encrypted_tablespaces row (version specific columns) =========

       TS# ENCRYPTI ENC ENCRYPTEDKEY							 MASTERKEYID			  BLOCKS_ENCRYPTED BLOCKS_DECRYPTED KEY_VERSION STATUS		   CIPHERMODE	 CON_ID
---------- -------- --- ---------------------------------------------------------------- -------------------------------- ---------------- ---------------- ----------- ------------------ ------------- ------
	 5 AES256   YES F71B01BBC38C7587A55CF6304D850C4E64E4CEF9CE08AE3974A05409B584D07E BEE197456D8547F089D5872876526609		 0		361	      0 NORMAL		   XTS		      5

1 row selected.

== Implicit database key for SYSTEM / UNDO / TEMP ======================

ENCRYPTI ENCRYPTEDKEY											  MASTERKEYID			   MAS CIPHERMODE    CON_ID
-------- ------------------------------------------------------------------------------------------------ -------------------------------- --- ------------- ------
AES256	 65241320394D93EA99979E2B8E9A24896971497FB687158C30DBDF3EB965895500000000000000000000000000000000 E07F7921D972498FA932635077208527 YES XTS		  5

1 row selected.

== Datafiles of encrypted tablespaces ==================================

TS_NAME 	     RELATIVE_FNO FILE_NAME								     BLOCKS BLOCK_SIZE	    BYTES
-------------------- ------------ ---------------------------------------------------------------------- ---------- ---------- ----------
CLONE_ENC		     1024 /opt/oracle/oradata/FREE/5B303DF9DCD21477E063030013AC0CF8/datafile/o1_       6400	  8192	 52428800
				  mf_clone_en_ob7833xw_.dbf


1 row selected.

2026-09-11 08:32:24 INFO  listing datafiles of tablespace CLONE_ENC in PDB PDBCLONE_P4
2026-09-11 08:32:25 INFO  found 1 datafile(s)
2026-09-11 08:32:25 INFO  fingerprinting o1_mf_clone_en_ob7833xw_.dbf (block size 8192)
wrote /Users/stefan.oehrli/Repos/own/oehrlis/oracle-free-labs/data/xchange/evidence/pdb_p5_mekrot/o1_mf_clone_en_ob7833xw_.dbf.fp
2026-09-11 08:32:25 INFO  scanning o1_mf_clone_en_ob7833xw_.dbf for the clear-text marker
no hits - needle not present as plaintext in this datafile
2026-09-11 08:32:25 INFO  manifest written to /Users/stefan.oehrli/Repos/own/oehrlis/oracle-free-labs/data/xchange/evidence/pdb_p5_mekrot/manifest.txt
2026-09-11 08:32:25 INFO  Done.

========================================================================
== Compare 'pdb_p5_mekrot' vs 'pdb_p5_mekrot_before'
========================================================================
2026-09-11 08:32:25 INFO  comparing evidence sets 'pdb_p5_mekrot_before' vs 'pdb_p5_mekrot'
2026-09-11 08:32:25 INFO  Starting tde_evidence.sh 0.1.0

== Block-level ciphertext comparison ==
A: pdb_p5_mekrot_before/o1_mf_clone_en_ob7833xw_.dbf.fp
B: pdb_p5_mekrot/o1_mf_clone_en_ob7833xw_.dbf.fp
block_size A/B: 8192/8192
blocks compared: 6401
identical: 6401
differing: 0
verdict: IDENTICAL - byte-for-byte equal, no re-encryption whatsoever
2026-09-11 08:32:25 INFO  compared 1 datafile(s)
2026-09-11 08:32:25 INFO  Done.

========================================================================
== Phase B: set CLONE_ENC READ WRITE and rotate again
========================================================================

Session altered.


Tablespace altered.


TABLESPACE_NAME 	       STATUS
------------------------------ ---------
CLONE_ENC		       ONLINE

Session altered.


keystore altered.


========================================================================
== Collect evidence set 'pdb_p5_mekrot_rw' (after rotation, tablespace READ WRITE)
========================================================================
2026-09-11 08:32:26 INFO  collecting evidence set 'pdb_p5_mekrot_rw' from odbencdev
2026-09-11 08:32:27 INFO  Starting tde_evidence.sh 0.1.0
2026-09-11 08:32:27 INFO  evidence set 'pdb_p5_mekrot_rw' -> /Users/stefan.oehrli/Repos/own/oehrlis/oracle-free-labs/data/xchange/evidence/pdb_p5_mekrot_rw
2026-09-11 08:32:27 INFO  collecting key chain evidence from odbencdev (CDB$ROOT)

Session altered.

========================================================================
== TDE key chain evidence snapshot =====================================
========================================================================
== Identity of this database ===========================================

CONTAINER	     DB_NAME	  DB_UNIQUE_NAME	 DBID CREATED	LOG_MODE     OPEN_MODE
-------------------- ------------ ---------------- ---------- --------- ------------ --------------------
CDB$ROOT	     FREE	  FREE		   1515728868 11-SEP-26 ARCHIVELOG   READ WRITE

1 row selected.

== Keystore state from v$encryption_wallet =============================

WRL_TYPE WRL_PARAMETER								STATUS		   WALLET_TYPE	   KEYSTORE CON_ID
-------- ---------------------------------------------------------------------- ------------------ --------------- -------- ------
FILE	 /opt/oracle/dbconfig/FREE/wallet/tde/					OPEN		   LOCAL_AUTOLOGIN NONE 	 1
FILE										OPEN		   LOCAL_AUTOLOGIN UNITED	 2
FILE										OPEN_NO_MASTER_KEY LOCAL_AUTOLOGIN UNITED	 3
FILE										OPEN		   LOCAL_AUTOLOGIN UNITED	 4
FILE										OPEN		   LOCAL_AUTOLOGIN UNITED	 5

5 rows selected.

== Master encryption keys from v$encryption_keys =======================

KEY_ID							 KEY_USE    KEYSTORE_TYPE  ORIGIN     BACKED_UP CREATION_TIME	       ACTIVATION_TIME
-------------------------------------------------------- ---------- -------------- ---------- --------- ---------------------- ----------------------
CREATOR_PDBNAME
--------------------------------------------------------------------------------------------------------------------------------
ACTIVATING_PDBNAME														 CON_ID
-------------------------------------------------------------------------------------------------------------------------------- ------
Ab7hl0VthUfwidWHKHZSZgkAAAAAAAAAAAAAAAAAAAAAAAAAAAAA	 TDE IN PDB SOFTWARE KEYST LOCAL      YES	11.09.2026 06:27:24    11.09.2026 06:27:24
								    ORE
PDBCLONE_P2
PDBCLONE_P2															      4

AcbhIGva+EGksaFQRvnESUcAAAAAAAAAAAAAAAAAAAAAAAAAAAAA	 TDE IN PDB SOFTWARE KEYST LOCAL      YES	11.09.2026 06:31:19    11.09.2026 06:31:19
								    ORE
CDB$ROOT
CDB$ROOT															      1

AeB/eSHZckmPqTJjUHcghScAAAAAAAAAAAAAAAAAAAAAAAAAAAAA	 TDE IN PDB SOFTWARE KEYST LOCAL      YES	11.09.2026 06:32:22    11.09.2026 06:32:22
								    ORE
PDBCLONE_P4
PDBCLONE_P4															      5

AYuCgpH8xkjInDGPxbZXLV8AAAAAAAAAAAAAAAAAAAAAAAAAAAAA	 TDE IN PDB SOFTWARE KEYST LOCAL      NO	11.09.2026 06:32:26    11.09.2026 06:32:26
								    ORE
PDBCLONE_P4
PDBCLONE_P4															      5


4 rows selected.

== Tablespace key chain from v$encrypted_tablespaces ===================

TS_NAME 		    TS# ENCRYPTI ENC MASTERKEYID_HEX			KEY_VERSION STATUS	       ENCRYPTEDKEY_HEX 						  BLOCKS_ENCRYPTED BLOCKS_DECRYPTED CON_ID
-------------------- ---------- -------- --- ---------------------------------- ----------- ------------------ ------------------------------------------------------------------ ---------------- ---------------- ------
CLONE_ENC		      5 AES256	 YES 8B828291FCC648C89C318FC5B6572D5F		  0 NORMAL	       B237E4A768BC65F696217A3697DBFDCC2068D3440A5F3BD6455148F60AAC85DF 		 0		  0	 5
CLONE_ENC		      5 AES256	 YES BEE197456D8547F089D5872876526609		  0 NORMAL	       7EBC0EB57A3EA2B32D7AFB691DFAD56509048E004C281543D01A46709F331FF6 		 0		266	 4

2 rows selected.

== Full v$encrypted_tablespaces row (version specific columns) =========

       TS# ENCRYPTI ENC ENCRYPTEDKEY							 MASTERKEYID			  BLOCKS_ENCRYPTED BLOCKS_DECRYPTED KEY_VERSION STATUS		   CIPHERMODE	 CON_ID
---------- -------- --- ---------------------------------------------------------------- -------------------------------- ---------------- ---------------- ----------- ------------------ ------------- ------
	 5 AES256   YES 7EBC0EB57A3EA2B32D7AFB691DFAD56509048E004C281543D01A46709F331FF6 BEE197456D8547F089D5872876526609		 0		266	      0 NORMAL		   XTS		      4
	 5 AES256   YES B237E4A768BC65F696217A3697DBFDCC2068D3440A5F3BD6455148F60AAC85DF 8B828291FCC648C89C318FC5B6572D5F		 0		  0	      0 NORMAL		   XTS		      5

2 rows selected.

== Implicit database key for SYSTEM / UNDO / TEMP ======================

ENCRYPTI ENCRYPTEDKEY											  MASTERKEYID			   MAS CIPHERMODE    CON_ID
-------- ------------------------------------------------------------------------------------------------ -------------------------------- --- ------------- ------
AES256	 D11356B65C311E1A9CCB0475DC9C3629A03C97BD5714AF84AFF8FB03C7C2117300000000000000000000000000000000 C6E1206BDAF841A4B1A15046F9C44947 YES XTS		  1
NONE	 000000000000000000000000000000000000000000000000000000000000000000000000000000000000000000000000 00000000000000000000000000000000 NO  CFB		  2
AES256	 FD89365351E66F21C0BD4BF743389D63655B0901B633CB02C8AA931B1129709D00000000000000000000000000000000 66A0A5C11CD24D26853C2EF59AEBA507 NO  XTS		  3
AES256	 F6F4119BF8D2FA150B5C20C7C90A6CB6A116807678EDC581B1088DE179EDEA5900000000000000000000000000000000 BEE197456D8547F089D5872876526609 YES XTS		  4
AES256	 837552FAE7F750348D75E99BF42F895E83F51EA995685F649ED865558EAE3CA600000000000000000000000000000000 8B828291FCC648C89C318FC5B6572D5F YES XTS		  5

5 rows selected.

== Datafiles of encrypted tablespaces ==================================

no rows selected

2026-09-11 08:32:27 INFO  collecting key chain evidence from odbencdev (PDB PDBCLONE_P4)

Session altered.


Session altered.

========================================================================
== TDE key chain evidence snapshot =====================================
========================================================================
== Identity of this database ===========================================

CONTAINER	     DB_NAME	  DB_UNIQUE_NAME	 DBID CREATED	LOG_MODE     OPEN_MODE
-------------------- ------------ ---------------- ---------- --------- ------------ --------------------
PDBCLONE_P4	     FREE	  FREE		   1515728868 11-SEP-26 ARCHIVELOG   READ WRITE

1 row selected.

== Keystore state from v$encryption_wallet =============================

WRL_TYPE WRL_PARAMETER								STATUS		   WALLET_TYPE	   KEYSTORE CON_ID
-------- ---------------------------------------------------------------------- ------------------ --------------- -------- ------
FILE										OPEN		   LOCAL_AUTOLOGIN UNITED	 5

1 row selected.

== Master encryption keys from v$encryption_keys =======================

KEY_ID							 KEY_USE    KEYSTORE_TYPE  ORIGIN     BACKED_UP CREATION_TIME	       ACTIVATION_TIME
-------------------------------------------------------- ---------- -------------- ---------- --------- ---------------------- ----------------------
CREATOR_PDBNAME
--------------------------------------------------------------------------------------------------------------------------------
ACTIVATING_PDBNAME														 CON_ID
-------------------------------------------------------------------------------------------------------------------------------- ------
AeB/eSHZckmPqTJjUHcghScAAAAAAAAAAAAAAAAAAAAAAAAAAAAA	 TDE IN PDB SOFTWARE KEYST LOCAL      YES	11.09.2026 06:32:22    11.09.2026 06:32:22
								    ORE
PDBCLONE_P4
PDBCLONE_P4															      5

AYuCgpH8xkjInDGPxbZXLV8AAAAAAAAAAAAAAAAAAAAAAAAAAAAA	 TDE IN PDB SOFTWARE KEYST LOCAL      NO	11.09.2026 06:32:26    11.09.2026 06:32:26
								    ORE
PDBCLONE_P4
PDBCLONE_P4															      5


2 rows selected.

== Tablespace key chain from v$encrypted_tablespaces ===================

TS_NAME 		    TS# ENCRYPTI ENC MASTERKEYID_HEX			KEY_VERSION STATUS	       ENCRYPTEDKEY_HEX 						  BLOCKS_ENCRYPTED BLOCKS_DECRYPTED CON_ID
-------------------- ---------- -------- --- ---------------------------------- ----------- ------------------ ------------------------------------------------------------------ ---------------- ---------------- ------
CLONE_ENC		      5 AES256	 YES 8B828291FCC648C89C318FC5B6572D5F		  0 NORMAL	       B237E4A768BC65F696217A3697DBFDCC2068D3440A5F3BD6455148F60AAC85DF 		 0		  0	 5

1 row selected.

== Full v$encrypted_tablespaces row (version specific columns) =========

       TS# ENCRYPTI ENC ENCRYPTEDKEY							 MASTERKEYID			  BLOCKS_ENCRYPTED BLOCKS_DECRYPTED KEY_VERSION STATUS		   CIPHERMODE	 CON_ID
---------- -------- --- ---------------------------------------------------------------- -------------------------------- ---------------- ---------------- ----------- ------------------ ------------- ------
	 5 AES256   YES B237E4A768BC65F696217A3697DBFDCC2068D3440A5F3BD6455148F60AAC85DF 8B828291FCC648C89C318FC5B6572D5F		 0		  0	      0 NORMAL		   XTS		      5

1 row selected.

== Implicit database key for SYSTEM / UNDO / TEMP ======================

ENCRYPTI ENCRYPTEDKEY											  MASTERKEYID			   MAS CIPHERMODE    CON_ID
-------- ------------------------------------------------------------------------------------------------ -------------------------------- --- ------------- ------
AES256	 837552FAE7F750348D75E99BF42F895E83F51EA995685F649ED865558EAE3CA600000000000000000000000000000000 8B828291FCC648C89C318FC5B6572D5F YES XTS		  5

1 row selected.

== Datafiles of encrypted tablespaces ==================================

TS_NAME 	     RELATIVE_FNO FILE_NAME								     BLOCKS BLOCK_SIZE	    BYTES
-------------------- ------------ ---------------------------------------------------------------------- ---------- ---------- ----------
CLONE_ENC		     1024 /opt/oracle/oradata/FREE/5B303DF9DCD21477E063030013AC0CF8/datafile/o1_       6400	  8192	 52428800
				  mf_clone_en_ob7833xw_.dbf


1 row selected.

2026-09-11 08:32:27 INFO  listing datafiles of tablespace CLONE_ENC in PDB PDBCLONE_P4
2026-09-11 08:32:28 INFO  found 1 datafile(s)
2026-09-11 08:32:28 INFO  fingerprinting o1_mf_clone_en_ob7833xw_.dbf (block size 8192)
wrote /Users/stefan.oehrli/Repos/own/oehrlis/oracle-free-labs/data/xchange/evidence/pdb_p5_mekrot_rw/o1_mf_clone_en_ob7833xw_.dbf.fp
2026-09-11 08:32:28 INFO  scanning o1_mf_clone_en_ob7833xw_.dbf for the clear-text marker
no hits - needle not present as plaintext in this datafile
2026-09-11 08:32:29 INFO  manifest written to /Users/stefan.oehrli/Repos/own/oehrlis/oracle-free-labs/data/xchange/evidence/pdb_p5_mekrot_rw/manifest.txt
2026-09-11 08:32:29 INFO  Done.

Session altered.


Tablespace altered.
canary A (read only):  identical 313 differing 0 total 313 (expect all identical)
canary B (read write): identical 313 differing 0 total 313 (expect all identical)

Key summary for before rotation      :
  MASTERKEYID : BEE197456D8547F089D5872876526609
  Wrapped TEK : F71B01BBC38C7587A55CF6304D850C4E64E4CEF9CE08AE3974A05409B584D07E

Key summary for after rotation (RO)  :
  MASTERKEYID : BEE197456D8547F089D5872876526609
  Wrapped TEK : F71B01BBC38C7587A55CF6304D850C4E64E4CEF9CE08AE3974A05409B584D07E

Key summary for after rotation (RW)  :
  MASTERKEYID : 8B828291FCC648C89C318FC5B6572D5F
  Wrapped TEK : B237E4A768BC65F696217A3697DBFDCC2068D3440A5F3BD6455148F60AAC85DF

PDB master key:        BEE197456D8547F089D5872876526609 -> E07F7921D972498FA932635077208527 -> 8B828291FCC648C89C318FC5B6572D5F
Tablespace key follows: read only NO - still bound to the old master key, read write yes

------------------------------------------------------------------------
VERDICT: PASS - P5: rotating the PDB master key (BEE197456D8547F089D5872876526609 -> E07F7921D972498FA932635077208527 -> 8B828291FCC648C89C318FC5B6572D5F) left the ciphertext byte-identical in both phases (A: identical 313 differing 0 total 313, B: identical 313 differing 0 total 313). While READ ONLY the tablespace could not be re-wrapped and kept pointing at the old key BEE197456D8547F089D5872876526609; only after READ WRITE did it follow to 8B828291FCC648C89C318FC5B6572D5F. A read-only tablespace therefore stays bound to the source master key across a rotation
------------------------------------------------------------------------
2026-09-11 08:32:31 INFO  Done.

========================================================================
  STEP 69: PDB P6: ONLINE REKEY in target after P2 or P4
  Script: /Users/stefan.oehrli/Repos/own/oehrlis/oracle-free-labs/scripts/tde-verify/tests/69_pdb_p6_rekey.sh
  Time:   2026-09-11 08:32:32
========================================================================
2026-09-11 08:32:32 INFO  Starting 69_pdb_p6_rekey.sh 0.1.0

========================================================================
== Step 69: PDB P6 - ONLINE REKEY in target PDB
========================================================================
2026-09-11 08:32:32 INFO  Target PDB: PDBCLONE_P4 in odbencdev

========================================================================
== Key state BEFORE ONLINE REKEY
========================================================================
2026-09-11 08:32:33 INFO  KEY_VERSION before: 0

========================================================================
== Set CLONE_ENC READ WRITE in PDBCLONE_P4
========================================================================

Session altered.


Tablespace altered.


TABLESPACE_NAME 	       STATUS
------------------------------ ---------
CLONE_ENC		       ONLINE

========================================================================
== Collect evidence set 'pdb_p6_rekey_before' (target before rekey)
========================================================================
2026-09-11 08:32:33 INFO  collecting evidence set 'pdb_p6_rekey_before' from odbencdev
2026-09-11 08:32:33 INFO  Starting tde_evidence.sh 0.1.0
2026-09-11 08:32:33 INFO  evidence set 'pdb_p6_rekey_before' -> /Users/stefan.oehrli/Repos/own/oehrlis/oracle-free-labs/data/xchange/evidence/pdb_p6_rekey_before
2026-09-11 08:32:33 INFO  collecting key chain evidence from odbencdev (CDB$ROOT)

Session altered.

========================================================================
== TDE key chain evidence snapshot =====================================
========================================================================
== Identity of this database ===========================================

CONTAINER	     DB_NAME	  DB_UNIQUE_NAME	 DBID CREATED	LOG_MODE     OPEN_MODE
-------------------- ------------ ---------------- ---------- --------- ------------ --------------------
CDB$ROOT	     FREE	  FREE		   1515728868 11-SEP-26 ARCHIVELOG   READ WRITE

1 row selected.

== Keystore state from v$encryption_wallet =============================

WRL_TYPE WRL_PARAMETER								STATUS		   WALLET_TYPE	   KEYSTORE CON_ID
-------- ---------------------------------------------------------------------- ------------------ --------------- -------- ------
FILE	 /opt/oracle/dbconfig/FREE/wallet/tde/					OPEN		   LOCAL_AUTOLOGIN NONE 	 1
FILE										OPEN		   LOCAL_AUTOLOGIN UNITED	 2
FILE										OPEN_NO_MASTER_KEY LOCAL_AUTOLOGIN UNITED	 3
FILE										OPEN		   LOCAL_AUTOLOGIN UNITED	 4
FILE										OPEN		   LOCAL_AUTOLOGIN UNITED	 5

5 rows selected.

== Master encryption keys from v$encryption_keys =======================

KEY_ID							 KEY_USE    KEYSTORE_TYPE  ORIGIN     BACKED_UP CREATION_TIME	       ACTIVATION_TIME
-------------------------------------------------------- ---------- -------------- ---------- --------- ---------------------- ----------------------
CREATOR_PDBNAME
--------------------------------------------------------------------------------------------------------------------------------
ACTIVATING_PDBNAME														 CON_ID
-------------------------------------------------------------------------------------------------------------------------------- ------
Ab7hl0VthUfwidWHKHZSZgkAAAAAAAAAAAAAAAAAAAAAAAAAAAAA	 TDE IN PDB SOFTWARE KEYST LOCAL      YES	11.09.2026 06:27:24    11.09.2026 06:27:24
								    ORE
PDBCLONE_P2
PDBCLONE_P2															      4

AcbhIGva+EGksaFQRvnESUcAAAAAAAAAAAAAAAAAAAAAAAAAAAAA	 TDE IN PDB SOFTWARE KEYST LOCAL      YES	11.09.2026 06:31:19    11.09.2026 06:31:19
								    ORE
CDB$ROOT
CDB$ROOT															      1

AeB/eSHZckmPqTJjUHcghScAAAAAAAAAAAAAAAAAAAAAAAAAAAAA	 TDE IN PDB SOFTWARE KEYST LOCAL      YES	11.09.2026 06:32:22    11.09.2026 06:32:22
								    ORE
PDBCLONE_P4
PDBCLONE_P4															      5

AYuCgpH8xkjInDGPxbZXLV8AAAAAAAAAAAAAAAAAAAAAAAAAAAAA	 TDE IN PDB SOFTWARE KEYST LOCAL      NO	11.09.2026 06:32:26    11.09.2026 06:32:26
								    ORE
PDBCLONE_P4
PDBCLONE_P4															      5


4 rows selected.

== Tablespace key chain from v$encrypted_tablespaces ===================

TS_NAME 		    TS# ENCRYPTI ENC MASTERKEYID_HEX			KEY_VERSION STATUS	       ENCRYPTEDKEY_HEX 						  BLOCKS_ENCRYPTED BLOCKS_DECRYPTED CON_ID
-------------------- ---------- -------- --- ---------------------------------- ----------- ------------------ ------------------------------------------------------------------ ---------------- ---------------- ------
CLONE_ENC		      5 AES256	 YES 8B828291FCC648C89C318FC5B6572D5F		  0 NORMAL	       B237E4A768BC65F696217A3697DBFDCC2068D3440A5F3BD6455148F60AAC85DF 		 0		 16	 5
CLONE_ENC		      5 AES256	 YES BEE197456D8547F089D5872876526609		  0 NORMAL	       7EBC0EB57A3EA2B32D7AFB691DFAD56509048E004C281543D01A46709F331FF6 		 0		266	 4

2 rows selected.

== Full v$encrypted_tablespaces row (version specific columns) =========

       TS# ENCRYPTI ENC ENCRYPTEDKEY							 MASTERKEYID			  BLOCKS_ENCRYPTED BLOCKS_DECRYPTED KEY_VERSION STATUS		   CIPHERMODE	 CON_ID
---------- -------- --- ---------------------------------------------------------------- -------------------------------- ---------------- ---------------- ----------- ------------------ ------------- ------
	 5 AES256   YES 7EBC0EB57A3EA2B32D7AFB691DFAD56509048E004C281543D01A46709F331FF6 BEE197456D8547F089D5872876526609		 0		266	      0 NORMAL		   XTS		      4
	 5 AES256   YES B237E4A768BC65F696217A3697DBFDCC2068D3440A5F3BD6455148F60AAC85DF 8B828291FCC648C89C318FC5B6572D5F		 0		 16	      0 NORMAL		   XTS		      5

2 rows selected.

== Implicit database key for SYSTEM / UNDO / TEMP ======================

ENCRYPTI ENCRYPTEDKEY											  MASTERKEYID			   MAS CIPHERMODE    CON_ID
-------- ------------------------------------------------------------------------------------------------ -------------------------------- --- ------------- ------
AES256	 D11356B65C311E1A9CCB0475DC9C3629A03C97BD5714AF84AFF8FB03C7C2117300000000000000000000000000000000 C6E1206BDAF841A4B1A15046F9C44947 YES XTS		  1
NONE	 000000000000000000000000000000000000000000000000000000000000000000000000000000000000000000000000 00000000000000000000000000000000 NO  CFB		  2
AES256	 FD89365351E66F21C0BD4BF743389D63655B0901B633CB02C8AA931B1129709D00000000000000000000000000000000 66A0A5C11CD24D26853C2EF59AEBA507 NO  XTS		  3
AES256	 F6F4119BF8D2FA150B5C20C7C90A6CB6A116807678EDC581B1088DE179EDEA5900000000000000000000000000000000 BEE197456D8547F089D5872876526609 YES XTS		  4
AES256	 837552FAE7F750348D75E99BF42F895E83F51EA995685F649ED865558EAE3CA600000000000000000000000000000000 8B828291FCC648C89C318FC5B6572D5F YES XTS		  5

5 rows selected.

== Datafiles of encrypted tablespaces ==================================

no rows selected

2026-09-11 08:32:33 INFO  collecting key chain evidence from odbencdev (PDB PDBCLONE_P4)

Session altered.


Session altered.

========================================================================
== TDE key chain evidence snapshot =====================================
========================================================================
== Identity of this database ===========================================

CONTAINER	     DB_NAME	  DB_UNIQUE_NAME	 DBID CREATED	LOG_MODE     OPEN_MODE
-------------------- ------------ ---------------- ---------- --------- ------------ --------------------
PDBCLONE_P4	     FREE	  FREE		   1515728868 11-SEP-26 ARCHIVELOG   READ WRITE

1 row selected.

== Keystore state from v$encryption_wallet =============================

WRL_TYPE WRL_PARAMETER								STATUS		   WALLET_TYPE	   KEYSTORE CON_ID
-------- ---------------------------------------------------------------------- ------------------ --------------- -------- ------
FILE										OPEN		   LOCAL_AUTOLOGIN UNITED	 5

1 row selected.

== Master encryption keys from v$encryption_keys =======================

KEY_ID							 KEY_USE    KEYSTORE_TYPE  ORIGIN     BACKED_UP CREATION_TIME	       ACTIVATION_TIME
-------------------------------------------------------- ---------- -------------- ---------- --------- ---------------------- ----------------------
CREATOR_PDBNAME
--------------------------------------------------------------------------------------------------------------------------------
ACTIVATING_PDBNAME														 CON_ID
-------------------------------------------------------------------------------------------------------------------------------- ------
AeB/eSHZckmPqTJjUHcghScAAAAAAAAAAAAAAAAAAAAAAAAAAAAA	 TDE IN PDB SOFTWARE KEYST LOCAL      YES	11.09.2026 06:32:22    11.09.2026 06:32:22
								    ORE
PDBCLONE_P4
PDBCLONE_P4															      5

AYuCgpH8xkjInDGPxbZXLV8AAAAAAAAAAAAAAAAAAAAAAAAAAAAA	 TDE IN PDB SOFTWARE KEYST LOCAL      NO	11.09.2026 06:32:26    11.09.2026 06:32:26
								    ORE
PDBCLONE_P4
PDBCLONE_P4															      5


2 rows selected.

== Tablespace key chain from v$encrypted_tablespaces ===================

TS_NAME 		    TS# ENCRYPTI ENC MASTERKEYID_HEX			KEY_VERSION STATUS	       ENCRYPTEDKEY_HEX 						  BLOCKS_ENCRYPTED BLOCKS_DECRYPTED CON_ID
-------------------- ---------- -------- --- ---------------------------------- ----------- ------------------ ------------------------------------------------------------------ ---------------- ---------------- ------
CLONE_ENC		      5 AES256	 YES 8B828291FCC648C89C318FC5B6572D5F		  0 NORMAL	       B237E4A768BC65F696217A3697DBFDCC2068D3440A5F3BD6455148F60AAC85DF 		 0		 16	 5

1 row selected.

== Full v$encrypted_tablespaces row (version specific columns) =========

       TS# ENCRYPTI ENC ENCRYPTEDKEY							 MASTERKEYID			  BLOCKS_ENCRYPTED BLOCKS_DECRYPTED KEY_VERSION STATUS		   CIPHERMODE	 CON_ID
---------- -------- --- ---------------------------------------------------------------- -------------------------------- ---------------- ---------------- ----------- ------------------ ------------- ------
	 5 AES256   YES B237E4A768BC65F696217A3697DBFDCC2068D3440A5F3BD6455148F60AAC85DF 8B828291FCC648C89C318FC5B6572D5F		 0		 16	      0 NORMAL		   XTS		      5

1 row selected.

== Implicit database key for SYSTEM / UNDO / TEMP ======================

ENCRYPTI ENCRYPTEDKEY											  MASTERKEYID			   MAS CIPHERMODE    CON_ID
-------- ------------------------------------------------------------------------------------------------ -------------------------------- --- ------------- ------
AES256	 837552FAE7F750348D75E99BF42F895E83F51EA995685F649ED865558EAE3CA600000000000000000000000000000000 8B828291FCC648C89C318FC5B6572D5F YES XTS		  5

1 row selected.

== Datafiles of encrypted tablespaces ==================================

TS_NAME 	     RELATIVE_FNO FILE_NAME								     BLOCKS BLOCK_SIZE	    BYTES
-------------------- ------------ ---------------------------------------------------------------------- ---------- ---------- ----------
CLONE_ENC		     1024 /opt/oracle/oradata/FREE/5B303DF9DCD21477E063030013AC0CF8/datafile/o1_       6400	  8192	 52428800
				  mf_clone_en_ob7833xw_.dbf


1 row selected.

2026-09-11 08:32:34 INFO  listing datafiles of tablespace CLONE_ENC in PDB PDBCLONE_P4
2026-09-11 08:32:34 INFO  found 1 datafile(s)
2026-09-11 08:32:34 INFO  fingerprinting o1_mf_clone_en_ob7833xw_.dbf (block size 8192)
wrote /Users/stefan.oehrli/Repos/own/oehrlis/oracle-free-labs/data/xchange/evidence/pdb_p6_rekey_before/o1_mf_clone_en_ob7833xw_.dbf.fp
2026-09-11 08:32:34 INFO  scanning o1_mf_clone_en_ob7833xw_.dbf for the clear-text marker
no hits - needle not present as plaintext in this datafile
2026-09-11 08:32:35 INFO  manifest written to /Users/stefan.oehrli/Repos/own/oehrlis/oracle-free-labs/data/xchange/evidence/pdb_p6_rekey_before/manifest.txt
2026-09-11 08:32:35 INFO  Done.

========================================================================
== ALTER TABLESPACE CLONE_ENC ENCRYPTION ONLINE REKEY
========================================================================

Session altered.


Tablespace altered.


STATUS
-----------------
ONLINE REKEY done

========================================================================
== Key state AFTER ONLINE REKEY
========================================================================
2026-09-11 08:32:38 INFO  KEY_VERSION after: 1

Session altered.


MASTERKEYID_AFTER		 ENCRYPTEDKEY_AFTER						  KEY_VERSION ENCRYPT
-------------------------------- ---------------------------------------------------------------- ----------- -------
8B828291FCC648C89C318FC5B6572D5F FD108CE38CF976D95DE05193CCA676374D9E61BA96190855FC4B945D2B40C365	    1 AES256

1 row selected.

========================================================================
== Collect evidence set 'pdb_p6_rekey'
========================================================================
2026-09-11 08:32:38 INFO  collecting evidence set 'pdb_p6_rekey' from odbencdev
2026-09-11 08:32:38 INFO  Starting tde_evidence.sh 0.1.0
2026-09-11 08:32:39 INFO  evidence set 'pdb_p6_rekey' -> /Users/stefan.oehrli/Repos/own/oehrlis/oracle-free-labs/data/xchange/evidence/pdb_p6_rekey
2026-09-11 08:32:39 INFO  collecting key chain evidence from odbencdev (CDB$ROOT)

Session altered.

========================================================================
== TDE key chain evidence snapshot =====================================
========================================================================
== Identity of this database ===========================================

CONTAINER	     DB_NAME	  DB_UNIQUE_NAME	 DBID CREATED	LOG_MODE     OPEN_MODE
-------------------- ------------ ---------------- ---------- --------- ------------ --------------------
CDB$ROOT	     FREE	  FREE		   1515728868 11-SEP-26 ARCHIVELOG   READ WRITE

1 row selected.

== Keystore state from v$encryption_wallet =============================

WRL_TYPE WRL_PARAMETER								STATUS		   WALLET_TYPE	   KEYSTORE CON_ID
-------- ---------------------------------------------------------------------- ------------------ --------------- -------- ------
FILE	 /opt/oracle/dbconfig/FREE/wallet/tde/					OPEN		   LOCAL_AUTOLOGIN NONE 	 1
FILE										OPEN		   LOCAL_AUTOLOGIN UNITED	 2
FILE										OPEN_NO_MASTER_KEY LOCAL_AUTOLOGIN UNITED	 3
FILE										OPEN		   LOCAL_AUTOLOGIN UNITED	 4
FILE										OPEN		   LOCAL_AUTOLOGIN UNITED	 5

5 rows selected.

== Master encryption keys from v$encryption_keys =======================

KEY_ID							 KEY_USE    KEYSTORE_TYPE  ORIGIN     BACKED_UP CREATION_TIME	       ACTIVATION_TIME
-------------------------------------------------------- ---------- -------------- ---------- --------- ---------------------- ----------------------
CREATOR_PDBNAME
--------------------------------------------------------------------------------------------------------------------------------
ACTIVATING_PDBNAME														 CON_ID
-------------------------------------------------------------------------------------------------------------------------------- ------
Ab7hl0VthUfwidWHKHZSZgkAAAAAAAAAAAAAAAAAAAAAAAAAAAAA	 TDE IN PDB SOFTWARE KEYST LOCAL      YES	11.09.2026 06:27:24    11.09.2026 06:27:24
								    ORE
PDBCLONE_P2
PDBCLONE_P2															      4

AcbhIGva+EGksaFQRvnESUcAAAAAAAAAAAAAAAAAAAAAAAAAAAAA	 TDE IN PDB SOFTWARE KEYST LOCAL      YES	11.09.2026 06:31:19    11.09.2026 06:31:19
								    ORE
CDB$ROOT
CDB$ROOT															      1

AeB/eSHZckmPqTJjUHcghScAAAAAAAAAAAAAAAAAAAAAAAAAAAAA	 TDE IN PDB SOFTWARE KEYST LOCAL      YES	11.09.2026 06:32:22    11.09.2026 06:32:22
								    ORE
PDBCLONE_P4
PDBCLONE_P4															      5

AYuCgpH8xkjInDGPxbZXLV8AAAAAAAAAAAAAAAAAAAAAAAAAAAAA	 TDE IN PDB SOFTWARE KEYST LOCAL      NO	11.09.2026 06:32:26    11.09.2026 06:32:26
								    ORE
PDBCLONE_P4
PDBCLONE_P4															      5


4 rows selected.

== Tablespace key chain from v$encrypted_tablespaces ===================

TS_NAME 		    TS# ENCRYPTI ENC MASTERKEYID_HEX			KEY_VERSION STATUS	       ENCRYPTEDKEY_HEX 						  BLOCKS_ENCRYPTED BLOCKS_DECRYPTED CON_ID
-------------------- ---------- -------- --- ---------------------------------- ----------- ------------------ ------------------------------------------------------------------ ---------------- ---------------- ------
CLONE_ENC		      5 AES256	 YES 8B828291FCC648C89C318FC5B6572D5F		  1 NORMAL	       FD108CE38CF976D95DE05193CCA676374D9E61BA96190855FC4B945D2B40C365 		 0		  0	 5
CLONE_ENC		      5 AES256	 YES BEE197456D8547F089D5872876526609		  0 NORMAL	       7EBC0EB57A3EA2B32D7AFB691DFAD56509048E004C281543D01A46709F331FF6 		 0		266	 4

2 rows selected.

== Full v$encrypted_tablespaces row (version specific columns) =========

       TS# ENCRYPTI ENC ENCRYPTEDKEY							 MASTERKEYID			  BLOCKS_ENCRYPTED BLOCKS_DECRYPTED KEY_VERSION STATUS		   CIPHERMODE	 CON_ID
---------- -------- --- ---------------------------------------------------------------- -------------------------------- ---------------- ---------------- ----------- ------------------ ------------- ------
	 5 AES256   YES 7EBC0EB57A3EA2B32D7AFB691DFAD56509048E004C281543D01A46709F331FF6 BEE197456D8547F089D5872876526609		 0		266	      0 NORMAL		   XTS		      4
	 5 AES256   YES FD108CE38CF976D95DE05193CCA676374D9E61BA96190855FC4B945D2B40C365 8B828291FCC648C89C318FC5B6572D5F		 0		  0	      1 NORMAL		   XTS		      5

2 rows selected.

== Implicit database key for SYSTEM / UNDO / TEMP ======================

ENCRYPTI ENCRYPTEDKEY											  MASTERKEYID			   MAS CIPHERMODE    CON_ID
-------- ------------------------------------------------------------------------------------------------ -------------------------------- --- ------------- ------
AES256	 D11356B65C311E1A9CCB0475DC9C3629A03C97BD5714AF84AFF8FB03C7C2117300000000000000000000000000000000 C6E1206BDAF841A4B1A15046F9C44947 YES XTS		  1
NONE	 000000000000000000000000000000000000000000000000000000000000000000000000000000000000000000000000 00000000000000000000000000000000 NO  CFB		  2
AES256	 FD89365351E66F21C0BD4BF743389D63655B0901B633CB02C8AA931B1129709D00000000000000000000000000000000 66A0A5C11CD24D26853C2EF59AEBA507 NO  XTS		  3
AES256	 F6F4119BF8D2FA150B5C20C7C90A6CB6A116807678EDC581B1088DE179EDEA5900000000000000000000000000000000 BEE197456D8547F089D5872876526609 YES XTS		  4
AES256	 837552FAE7F750348D75E99BF42F895E83F51EA995685F649ED865558EAE3CA600000000000000000000000000000000 8B828291FCC648C89C318FC5B6572D5F YES XTS		  5

5 rows selected.

== Datafiles of encrypted tablespaces ==================================

no rows selected

2026-09-11 08:32:39 INFO  collecting key chain evidence from odbencdev (PDB PDBCLONE_P4)

Session altered.


Session altered.

========================================================================
== TDE key chain evidence snapshot =====================================
========================================================================
== Identity of this database ===========================================

CONTAINER	     DB_NAME	  DB_UNIQUE_NAME	 DBID CREATED	LOG_MODE     OPEN_MODE
-------------------- ------------ ---------------- ---------- --------- ------------ --------------------
PDBCLONE_P4	     FREE	  FREE		   1515728868 11-SEP-26 ARCHIVELOG   READ WRITE

1 row selected.

== Keystore state from v$encryption_wallet =============================

WRL_TYPE WRL_PARAMETER								STATUS		   WALLET_TYPE	   KEYSTORE CON_ID
-------- ---------------------------------------------------------------------- ------------------ --------------- -------- ------
FILE										OPEN		   LOCAL_AUTOLOGIN UNITED	 5

1 row selected.

== Master encryption keys from v$encryption_keys =======================

KEY_ID							 KEY_USE    KEYSTORE_TYPE  ORIGIN     BACKED_UP CREATION_TIME	       ACTIVATION_TIME
-------------------------------------------------------- ---------- -------------- ---------- --------- ---------------------- ----------------------
CREATOR_PDBNAME
--------------------------------------------------------------------------------------------------------------------------------
ACTIVATING_PDBNAME														 CON_ID
-------------------------------------------------------------------------------------------------------------------------------- ------
AeB/eSHZckmPqTJjUHcghScAAAAAAAAAAAAAAAAAAAAAAAAAAAAA	 TDE IN PDB SOFTWARE KEYST LOCAL      YES	11.09.2026 06:32:22    11.09.2026 06:32:22
								    ORE
PDBCLONE_P4
PDBCLONE_P4															      5

AYuCgpH8xkjInDGPxbZXLV8AAAAAAAAAAAAAAAAAAAAAAAAAAAAA	 TDE IN PDB SOFTWARE KEYST LOCAL      NO	11.09.2026 06:32:26    11.09.2026 06:32:26
								    ORE
PDBCLONE_P4
PDBCLONE_P4															      5


2 rows selected.

== Tablespace key chain from v$encrypted_tablespaces ===================

TS_NAME 		    TS# ENCRYPTI ENC MASTERKEYID_HEX			KEY_VERSION STATUS	       ENCRYPTEDKEY_HEX 						  BLOCKS_ENCRYPTED BLOCKS_DECRYPTED CON_ID
-------------------- ---------- -------- --- ---------------------------------- ----------- ------------------ ------------------------------------------------------------------ ---------------- ---------------- ------
CLONE_ENC		      5 AES256	 YES 8B828291FCC648C89C318FC5B6572D5F		  1 NORMAL	       FD108CE38CF976D95DE05193CCA676374D9E61BA96190855FC4B945D2B40C365 		 0		  0	 5

1 row selected.

== Full v$encrypted_tablespaces row (version specific columns) =========

       TS# ENCRYPTI ENC ENCRYPTEDKEY							 MASTERKEYID			  BLOCKS_ENCRYPTED BLOCKS_DECRYPTED KEY_VERSION STATUS		   CIPHERMODE	 CON_ID
---------- -------- --- ---------------------------------------------------------------- -------------------------------- ---------------- ---------------- ----------- ------------------ ------------- ------
	 5 AES256   YES FD108CE38CF976D95DE05193CCA676374D9E61BA96190855FC4B945D2B40C365 8B828291FCC648C89C318FC5B6572D5F		 0		  0	      1 NORMAL		   XTS		      5

1 row selected.

== Implicit database key for SYSTEM / UNDO / TEMP ======================

ENCRYPTI ENCRYPTEDKEY											  MASTERKEYID			   MAS CIPHERMODE    CON_ID
-------- ------------------------------------------------------------------------------------------------ -------------------------------- --- ------------- ------
AES256	 837552FAE7F750348D75E99BF42F895E83F51EA995685F649ED865558EAE3CA600000000000000000000000000000000 8B828291FCC648C89C318FC5B6572D5F YES XTS		  5

1 row selected.

== Datafiles of encrypted tablespaces ==================================

TS_NAME 	     RELATIVE_FNO FILE_NAME								     BLOCKS BLOCK_SIZE	    BYTES
-------------------- ------------ ---------------------------------------------------------------------- ---------- ---------- ----------
CLONE_ENC		     1024 /opt/oracle/oradata/FREE/5B303DF9DCD21477E063030013AC0CF8/datafile/o1_       6400	  8192	 52428800
				  mf_clone_en_ob7843j9_.dbf


1 row selected.

2026-09-11 08:32:39 INFO  listing datafiles of tablespace CLONE_ENC in PDB PDBCLONE_P4
2026-09-11 08:32:39 INFO  found 1 datafile(s)
2026-09-11 08:32:39 INFO  fingerprinting o1_mf_clone_en_ob7843j9_.dbf (block size 8192)
wrote /Users/stefan.oehrli/Repos/own/oehrlis/oracle-free-labs/data/xchange/evidence/pdb_p6_rekey/o1_mf_clone_en_ob7843j9_.dbf.fp
2026-09-11 08:32:40 INFO  scanning o1_mf_clone_en_ob7843j9_.dbf for the clear-text marker
no hits - needle not present as plaintext in this datafile
2026-09-11 08:32:40 INFO  manifest written to /Users/stefan.oehrli/Repos/own/oehrlis/oracle-free-labs/data/xchange/evidence/pdb_p6_rekey/manifest.txt
2026-09-11 08:32:40 INFO  Done.

========================================================================
== Compare 'pdb_p6_rekey' vs 'pdb_baseline' (expect RE-ENCRYPT: blocks differ)
========================================================================
2026-09-11 08:32:40 INFO  Note: ONLINE REKEY creates a new datafile; --compare may report no common files.
2026-09-11 08:32:40 INFO  KEY_VERSION delta and block fingerprint of the new file are the primary evidence.
2026-09-11 08:32:40 INFO  comparing evidence sets 'pdb_p6_rekey_before' vs 'pdb_p6_rekey'
2026-09-11 08:32:40 INFO  Starting tde_evidence.sh 0.1.0
2026-09-11 08:32:40 WARN  datafile renamed between the two sets: o1_mf_clone_en_ob7833xw_.dbf.fp vs o1_mf_clone_en_ob7843j9_.dbf.fp
2026-09-11 08:32:40 WARN  pairing them anyway because each set holds exactly one datafile

== Block-level ciphertext comparison ==
A: pdb_p6_rekey_before/o1_mf_clone_en_ob7833xw_.dbf.fp
B: pdb_p6_rekey/o1_mf_clone_en_ob7833xw_.dbf.fp
block_size A/B: 8192/8192
blocks compared: 6401
identical: 0
differing: 6401
first differing blocks: [0, 1, 2, 3, 4, 5, 6, 7, 8, 9, 10, 11, 12, 13, 14, 15, 16, 17, 18, 19]
... and 6381 more
verdict: RE-ENCRYPT INDICATED - every comparable block changed
2026-09-11 08:32:41 INFO  compared 1 datafile(s)
2026-09-11 08:32:41 INFO  Done.
canary blocks:   identical 0 differing 313 total 313 (expect all differing)

Key summary for before ONLINE REKEY:
  MASTERKEYID : 8B828291FCC648C89C318FC5B6572D5F
  Wrapped TEK : B237E4A768BC65F696217A3697DBFDCC2068D3440A5F3BD6455148F60AAC85DF
  Notes       : KEY_VERSION=0

Key summary for after  ONLINE REKEY:
  MASTERKEYID : 8B828291FCC648C89C318FC5B6572D5F
  Wrapped TEK : FD108CE38CF976D95DE05193CCA676374D9E61BA96190855FC4B945D2B40C365
  Notes       : KEY_VERSION=1

TEK changed:       YES (new TEK)
KEY_VERSION delta: 0 -> 1

------------------------------------------------------------------------
VERDICT: PASS - P6: ONLINE REKEY created new key material (KEY_VERSION 0 -> 1) and rewrote the data blocks (identical 0 differing 313 total 313) - the ciphertext in PDBCLONE_P4 no longer matches its own prior state
------------------------------------------------------------------------
2026-09-11 08:32:41 INFO  Done.

========================================================================
  STEP 70: Variant G: ALTER TABLESPACE ENCRYPTION ONLINE REKEY
  Script: /Users/stefan.oehrli/Repos/own/oehrlis/oracle-free-labs/scripts/tde-verify/tests/70_variant_g.sh
  Time:   2026-09-11 08:32:41
========================================================================
2026-09-11 08:32:42 INFO  Starting 70_variant_g.sh 0.1.0

========================================================================
== Step 70: Variant G - ONLINE REKEY
========================================================================

========================================================================
== Reset odbencdev
========================================================================
2026-09-11 08:32:42 INFO  resetting service 'odbencdev' ...
 Container odbencdev Stopping 
 Container odbencdev Stopped 
 Container odbencdev Removing 
 Container odbencdev Removed 
 Network oracle-free-labs_default Removing 
 Network oracle-free-labs_default Resource is still in use 
2026-09-11 08:32:46 INFO  removing /Users/stefan.oehrli/Repos/own/oehrlis/oracle-free-labs/data/odbencdev
2026-09-11 08:32:46 INFO  restored tracked files under data/odbencdev
2026-09-11 08:32:46 INFO  service 'odbencdev' reset complete
2026-09-11 08:32:46 INFO  starting service 'odbencdev' ...
 Container odbencdev Creating 
 Container odbencdev Created 
 Container odbencdev Starting 
 Container odbencdev Started 
2026-09-11 08:32:47 INFO  waiting for odbencdev to be ready (timeout 600s) ...
2026-09-11 08:34:40 INFO  odbencdev is ready

========================================================================
== Phase 1: Variant A base (RESTORE with prod keystore)
========================================================================
2026-09-11 08:34:40 INFO  Starting tde_clone.sh 0.1.0
2026-09-11 08:34:41 INFO  variant a: replacing the target keystore with the source keystore
2026-09-11 08:34:41 INFO  backing the target keystore up to /opt/oracle/xchange/wallet_dev_pristine
2026-09-11 08:34:41 INFO  backup verified, keystore file present and non-empty
2026-09-11 08:34:41 INFO  staging the source keystore into /opt/oracle/dbconfig/FREE/wallet
2026-09-11 08:34:41 INFO  shutting the target down and starting it NOMOUNT
Database closed.
Database dismounted.
ORACLE instance shut down.
ORACLE instance started.

Total System Global Area 1603392144 bytes
Fixed Size		    5026448 bytes
Variable Size		  419430400 bytes
Database Buffers	 1174405120 bytes
Redo Buffers		    4530176 bytes
2026-09-11 08:34:44 INFO  moving stale online redo logs to /opt/oracle/xchange/stale_redo_odbencdev
moved /opt/oracle/oradata/FREE/redo01.log
moved /opt/oracle/oradata/FREE/redo02.log
moved /opt/oracle/oradata/FREE/redo03.log
2026-09-11 08:34:44 INFO  restoring the source control file and mounting
2026-09-11 08:34:44 INFO  control file autobackup: cf_c-1515727551-20260911-00

Recovery Manager: Release 23.26.3.0.0 - Production on Fri Sep 11 08:34:45 2026
Version 23.26.3.0.0

Copyright (c) 1982, 2026, Oracle and/or its affiliates.  All rights reserved.

connected to target database: FREE (not mounted)

RMAN> 

RMAN> SET DBID 1515727551;
executing command: SET DBID


RMAN> RUN {
2>   ALLOCATE CHANNEL c1 DEVICE TYPE DISK;
3>   SET CONTROLFILE AUTOBACKUP FORMAT FOR DEVICE TYPE DISK TO '/opt/oracle/xchange/backup/cf_%F';
4>   RESTORE CONTROLFILE FROM '/opt/oracle/xchange/backup/cf_c-1515727551-20260911-00';
5>   ALTER DATABASE MOUNT;
6>   RELEASE CHANNEL c1;
7> }
using target database control file instead of recovery catalog
allocated channel: c1
channel c1: SID=162 device type=DISK

executing command: SET CONTROLFILE AUTOBACKUP FORMAT

Starting restore at 11-SEP-26

channel c1: restoring control file
channel c1: restore complete, elapsed time: 00:00:01
output file name=/opt/oracle/oradata/FREE/control01.ctl
output file name=/opt/oracle/oradata/FREE/control02.ctl
Finished restore at 11-SEP-26

Statement processed

released channel: c1


RMAN> EXIT


Recovery Manager complete.

Recovery Manager: Release 23.26.3.0.0 - Production on Fri Sep 11 08:34:46 2026
Version 23.26.3.0.0

Copyright (c) 1982, 2026, Oracle and/or its affiliates.  All rights reserved.

connected to target database: FREE (DBID=1515727551, not open)

RMAN> 

RMAN> CONFIGURE CONTROLFILE AUTOBACKUP FORMAT FOR DEVICE TYPE DISK TO '/opt/oracle/oradata/cf_target_%F';
using target database control file instead of recovery catalog
old RMAN configuration parameters:
CONFIGURE CONTROLFILE AUTOBACKUP FORMAT FOR DEVICE TYPE DISK TO '/opt/oracle/xchange/backup/cf_%F';
new RMAN configuration parameters:
CONFIGURE CONTROLFILE AUTOBACKUP FORMAT FOR DEVICE TYPE DISK TO '/opt/oracle/oradata/cf_target_%F';
new RMAN configuration parameters are successfully stored


RMAN> EXIT


Recovery Manager complete.
2026-09-11 08:34:47 INFO  opening the target keystore with the stored keystore password

    CON_ID STATUS	  WALLET_TYPE
---------- -------------- ----------------
	 1 OPEN 	  PASSWORD
2026-09-11 08:34:47 INFO  cataloging the backup pieces

Recovery Manager: Release 23.26.3.0.0 - Production on Fri Sep 11 08:34:48 2026
Version 23.26.3.0.0

Copyright (c) 1982, 2026, Oracle and/or its affiliates.  All rights reserved.

connected to target database: FREE (DBID=1515727551, not open)

RMAN> 

RMAN> RUN {
2>   ALLOCATE CHANNEL c1 DEVICE TYPE DISK;
3>   # No CATALOG: both containers see the exchange directory at the same path, so
4>   # the restored control file already knows the source pieces. Cataloging would
5>   # also pick up a previous clone's control file autobackup and its incarnation,
6>   # which makes recovery fail with ORA-19912.
7>   RELEASE CHANNEL c1;
8> }
using target database control file instead of recovery catalog
allocated channel: c1
channel c1: SID=4 device type=DISK

released channel: c1


RMAN> EXIT


Recovery Manager complete.
2026-09-11 08:34:48 INFO  restoring with: RESTORE DATABASE;
2026-09-11 08:34:49 INFO  recovery will stop before archived log sequence 6

Recovery Manager: Release 23.26.3.0.0 - Production on Fri Sep 11 08:34:49 2026
Version 23.26.3.0.0

Copyright (c) 1982, 2026, Oracle and/or its affiliates.  All rights reserved.

connected to target database: FREE (DBID=1515727551, not open)

RMAN> 

RMAN> RUN {
2>   ALLOCATE CHANNEL c1 DEVICE TYPE DISK;
3>   SET UNTIL SEQUENCE 6 THREAD 1;
4>   RESTORE DATABASE;
5>   RECOVER DATABASE;
6>   RELEASE CHANNEL c1;
7> }
using target database control file instead of recovery catalog
allocated channel: c1
channel c1: SID=39 device type=DISK

executing command: SET until clause (SEQUENCE)

Starting restore at 11-SEP-26

channel c1: starting datafile backup set restore
channel c1: specifying datafile(s) to restore from backup set
channel c1: restoring datafile 00001 to /opt/oracle/oradata/FREE/system01.dbf
channel c1: restoring datafile 00003 to /opt/oracle/oradata/FREE/sysaux01.dbf
channel c1: restoring datafile 00007 to /opt/oracle/oradata/FREE/users01.dbf
channel c1: restoring datafile 00011 to /opt/oracle/oradata/FREE/undotbs01.dbf
channel c1: reading from backup piece /opt/oracle/xchange/backup/021u6qj1_2_1_1
channel c1: piece handle=/opt/oracle/xchange/backup/021u6qj1_2_1_1 tag=TAG20260911T081217
channel c1: restored backup piece 1
channel c1: restore complete, elapsed time: 00:00:03
channel c1: starting datafile backup set restore
channel c1: specifying datafile(s) to restore from backup set
channel c1: restoring datafile 00016 to /opt/oracle/oradata/FREE/5B2FECF6497C1018E063020013AC1150/datafile/o1_mf_system_ob76rlm9_.dbf
channel c1: restoring datafile 00017 to /opt/oracle/oradata/FREE/5B2FECF6497C1018E063020013AC1150/datafile/o1_mf_sysaux_ob76rlmc_.dbf
channel c1: restoring datafile 00018 to /opt/oracle/oradata/FREE/5B2FECF6497C1018E063020013AC1150/datafile/o1_mf_undotbs1_ob76rlmc_.dbf
channel c1: restoring datafile 00019 to /opt/oracle/oradata/FREE/5B2FECF6497C1018E063020013AC1150/datafile/o1_mf_audit_da_ob76ro9y_.dbf
channel c1: restoring datafile 00020 to /opt/oracle/oradata/FREE/5B2FECF6497C1018E063020013AC1150/datafile/o1_mf_users_ob76s922_.dbf
channel c1: restoring datafile 00021 to /opt/oracle/oradata/FREE/5B2FECF6497C1018E063020013AC1150/datafile/o1_mf_canary_p_ob76xrkr_.dbf
channel c1: reading from backup piece /opt/oracle/xchange/backup/034u6qj4_3_1_1
channel c1: piece handle=/opt/oracle/xchange/backup/034u6qj4_3_1_1 tag=TAG20260911T081217
channel c1: restored backup piece 1
channel c1: restore complete, elapsed time: 00:00:03
channel c1: starting datafile backup set restore
channel c1: specifying datafile(s) to restore from backup set
channel c1: restoring datafile 00002 to /opt/oracle/oradata/FREE/pdbseed/system01.dbf
channel c1: restoring datafile 00004 to /opt/oracle/oradata/FREE/pdbseed/sysaux01.dbf
channel c1: restoring datafile 00009 to /opt/oracle/oradata/FREE/pdbseed/undotbs01.dbf
channel c1: reading from backup piece /opt/oracle/xchange/backup/045u6qj5_4_1_1
channel c1: piece handle=/opt/oracle/xchange/backup/045u6qj5_4_1_1 tag=TAG20260911T081217
channel c1: restored backup piece 1
channel c1: restore complete, elapsed time: 00:00:01
Finished restore at 11-SEP-26

Starting recover at 11-SEP-26
datafile 20 not processed because file is read-only
datafile 21 not processed because file is read-only

starting media recovery

channel c1: starting archived log restore to default destination
channel c1: restoring archived log
archived log thread=1 sequence=5
channel c1: reading from backup piece /opt/oracle/xchange/backup/056u6qj6_5_1_1
channel c1: piece handle=/opt/oracle/xchange/backup/056u6qj6_5_1_1 tag=TAG20260911T081222
channel c1: restored backup piece 1
channel c1: restore complete, elapsed time: 00:00:01
recovery status time_needed 2026-09-11 08:12:17
archived log file name=/opt/oracle/product/26ai/dbhomeFree/dbs/arch1_5_1243670912.dbf thread=1 sequence=5
media recovery complete, elapsed time: 00:00:00
Finished recover at 11-SEP-26

released channel: c1


RMAN> EXIT


Recovery Manager complete.
2026-09-11 08:34:58 INFO  opening the target with RESETLOGS

Database altered.


Pluggable database altered.


      DBID NAME      OPEN_MODE		  LOG_MODE
---------- --------- -------------------- ------------
1515727551 FREE      READ WRITE 	  ARCHIVELOG

2026-09-11 08:35:01 INFO  recreating the auto-login keystore on the target host

    CON_ID STATUS		WALLET_TYPE
---------- -------------------- ----------------
	 1 OPEN 		PASSWORD
	 2 CLOSED		UNKNOWN
	 4 OPEN 		PASSWORD
2026-09-11 08:35:01 INFO  target keystore open via local auto-login
2026-09-11 08:35:01 INFO  Done.

========================================================================
== Capture key chain BEFORE ONLINE REKEY
========================================================================
2026-09-11 08:35:02 INFO  TEK before REKEY : 7C410458C6D61BBD...
2026-09-11 08:35:02 INFO  KEY_VERSION before: 1

========================================================================
== Phase 2: Set USERS READ WRITE
========================================================================

Session altered.


Tablespace altered.


TABLESPACE_NAME 	       STATUS
------------------------------ ---------
USERS			       ONLINE

========================================================================
== Phase 3: ALTER TABLESPACE USERS ENCRYPTION ONLINE REKEY
========================================================================

Session altered.


Tablespace altered.


TABLESPACE_NAME 	       ENC
------------------------------ ---
USERS			       YES


RAWTOHEX(MASTERKEYID)
--------------------------------
RAWTOHEX(ENCRYPTEDKEY)						 KEY_VERSION
---------------------------------------------------------------- -----------
CIPHERMODE
-------------
448E89AB65BE4992959E6C866A4B4907
4A9F64AF839AE31EFF0EF7535ADAB59A23D25A4E5EDA386F38BE8C00FB67AADE	   2
XTS

========================================================================
== Capture key chain AFTER ONLINE REKEY
========================================================================
2026-09-11 08:35:05 INFO  TEK after REKEY  : 4A9F64AF839AE31E...
2026-09-11 08:35:05 INFO  KEY_VERSION after : 2

========================================================================
== Collect evidence set 'variant_g'
========================================================================
2026-09-11 08:35:05 INFO  collecting evidence set 'variant_g' from odbencdev
2026-09-11 08:35:05 INFO  Starting tde_evidence.sh 0.1.0
2026-09-11 08:35:05 INFO  evidence set 'variant_g' -> /Users/stefan.oehrli/Repos/own/oehrlis/oracle-free-labs/data/xchange/evidence/variant_g
2026-09-11 08:35:05 INFO  collecting key chain evidence from odbencdev (CDB$ROOT)

Session altered.

========================================================================
== TDE key chain evidence snapshot =====================================
========================================================================
== Identity of this database ===========================================

CONTAINER	     DB_NAME	  DB_UNIQUE_NAME	 DBID CREATED	LOG_MODE     OPEN_MODE
-------------------- ------------ ---------------- ---------- --------- ------------ --------------------
CDB$ROOT	     FREE	  FREE		   1515727551 11-SEP-26 ARCHIVELOG   READ WRITE

1 row selected.

== Keystore state from v$encryption_wallet =============================

WRL_TYPE WRL_PARAMETER								STATUS		   WALLET_TYPE	   KEYSTORE CON_ID
-------- ---------------------------------------------------------------------- ------------------ --------------- -------- ------
FILE	 /opt/oracle/dbconfig/FREE/wallet/tde/					OPEN		   PASSWORD	   NONE 	 1
FILE										CLOSED		   UNKNOWN	   UNITED	 2
FILE										OPEN		   PASSWORD	   UNITED	 4

3 rows selected.

== Master encryption keys from v$encryption_keys =======================

KEY_ID							 KEY_USE    KEYSTORE_TYPE  ORIGIN     BACKED_UP CREATION_TIME	       ACTIVATION_TIME
-------------------------------------------------------- ---------- -------------- ---------- --------- ---------------------- ----------------------
CREATOR_PDBNAME
--------------------------------------------------------------------------------------------------------------------------------
ACTIVATING_PDBNAME														 CON_ID
-------------------------------------------------------------------------------------------------------------------------------- ------
AQ7FWTcnsUu3pclAqq/hhXAAAAAAAAAAAAAAAAAAAAAAAAAAAAAA	 TDE IN PDB SOFTWARE KEYST LOCAL      YES	11.09.2026 06:09:41    11.09.2026 06:09:41
								    ORE
CDB$ROOT
CDB$ROOT															      1

AUSOiatlvkmSlZ5shmpLSQcAAAAAAAAAAAAAAAAAAAAAAAAAAAAA	 TDE IN PDB SOFTWARE KEYST LOCAL      NO	11.09.2026 06:09:44    11.09.2026 06:09:44
								    ORE
ODBENCPROD
ODBENCPROD															      4


2 rows selected.

== Tablespace key chain from v$encrypted_tablespaces ===================

TS_NAME 		    TS# ENCRYPTI ENC MASTERKEYID_HEX			KEY_VERSION STATUS	       ENCRYPTEDKEY_HEX 						  BLOCKS_ENCRYPTED BLOCKS_DECRYPTED CON_ID
-------------------- ---------- -------- --- ---------------------------------- ----------- ------------------ ------------------------------------------------------------------ ---------------- ---------------- ------
USERS			      6 AES256	 YES 448E89AB65BE4992959E6C866A4B4907		  2 NORMAL	       4A9F64AF839AE31EFF0EF7535ADAB59A23D25A4E5EDA386F38BE8C00FB67AADE 		 0		  0	 4

1 row selected.

== Full v$encrypted_tablespaces row (version specific columns) =========

       TS# ENCRYPTI ENC ENCRYPTEDKEY							 MASTERKEYID			  BLOCKS_ENCRYPTED BLOCKS_DECRYPTED KEY_VERSION STATUS		   CIPHERMODE	 CON_ID
---------- -------- --- ---------------------------------------------------------------- -------------------------------- ---------------- ---------------- ----------- ------------------ ------------- ------
	 6 AES256   YES 4A9F64AF839AE31EFF0EF7535ADAB59A23D25A4E5EDA386F38BE8C00FB67AADE 448E89AB65BE4992959E6C866A4B4907		 0		  0	      2 NORMAL		   XTS		      4

1 row selected.

== Implicit database key for SYSTEM / UNDO / TEMP ======================

ENCRYPTI ENCRYPTEDKEY											  MASTERKEYID			   MAS CIPHERMODE    CON_ID
-------- ------------------------------------------------------------------------------------------------ -------------------------------- --- ------------- ------
AES256	 81F7D08AB56A93F523D0ACB637C596CD9A705599B83317711A979673B0E2B39E00000000000000000000000000000000 0EC5593727B14BB7A5C940AAAFE18570 YES XTS		  1
NONE	 000000000000000000000000000000000000000000000000000000000000000000000000000000000000000000000000 00000000000000000000000000000000 NO  CFB		  2
AES256	 1ED5109A6BD3E2A194C242DB7CF60AE375BB92101258E6B2E81EAECB714E1FC700000000000000000000000000000000 448E89AB65BE4992959E6C866A4B4907 YES XTS		  4

3 rows selected.

== Datafiles of encrypted tablespaces ==================================

no rows selected

2026-09-11 08:35:06 INFO  collecting key chain evidence from odbencdev (PDB ODBENCPROD)

Session altered.


Session altered.

========================================================================
== TDE key chain evidence snapshot =====================================
========================================================================
== Identity of this database ===========================================

CONTAINER	     DB_NAME	  DB_UNIQUE_NAME	 DBID CREATED	LOG_MODE     OPEN_MODE
-------------------- ------------ ---------------- ---------- --------- ------------ --------------------
ODBENCPROD	     FREE	  FREE		   1515727551 11-SEP-26 ARCHIVELOG   READ WRITE

1 row selected.

== Keystore state from v$encryption_wallet =============================

WRL_TYPE WRL_PARAMETER								STATUS		   WALLET_TYPE	   KEYSTORE CON_ID
-------- ---------------------------------------------------------------------- ------------------ --------------- -------- ------
FILE										OPEN		   PASSWORD	   UNITED	 4

1 row selected.

== Master encryption keys from v$encryption_keys =======================

KEY_ID							 KEY_USE    KEYSTORE_TYPE  ORIGIN     BACKED_UP CREATION_TIME	       ACTIVATION_TIME
-------------------------------------------------------- ---------- -------------- ---------- --------- ---------------------- ----------------------
CREATOR_PDBNAME
--------------------------------------------------------------------------------------------------------------------------------
ACTIVATING_PDBNAME														 CON_ID
-------------------------------------------------------------------------------------------------------------------------------- ------
AUSOiatlvkmSlZ5shmpLSQcAAAAAAAAAAAAAAAAAAAAAAAAAAAAA	 TDE IN PDB SOFTWARE KEYST LOCAL      NO	11.09.2026 06:09:44    11.09.2026 06:09:44
								    ORE
ODBENCPROD
ODBENCPROD															      4


1 row selected.

== Tablespace key chain from v$encrypted_tablespaces ===================

TS_NAME 		    TS# ENCRYPTI ENC MASTERKEYID_HEX			KEY_VERSION STATUS	       ENCRYPTEDKEY_HEX 						  BLOCKS_ENCRYPTED BLOCKS_DECRYPTED CON_ID
-------------------- ---------- -------- --- ---------------------------------- ----------- ------------------ ------------------------------------------------------------------ ---------------- ---------------- ------
USERS			      6 AES256	 YES 448E89AB65BE4992959E6C866A4B4907		  2 NORMAL	       4A9F64AF839AE31EFF0EF7535ADAB59A23D25A4E5EDA386F38BE8C00FB67AADE 		 0		  0	 4

1 row selected.

== Full v$encrypted_tablespaces row (version specific columns) =========

       TS# ENCRYPTI ENC ENCRYPTEDKEY							 MASTERKEYID			  BLOCKS_ENCRYPTED BLOCKS_DECRYPTED KEY_VERSION STATUS		   CIPHERMODE	 CON_ID
---------- -------- --- ---------------------------------------------------------------- -------------------------------- ---------------- ---------------- ----------- ------------------ ------------- ------
	 6 AES256   YES 4A9F64AF839AE31EFF0EF7535ADAB59A23D25A4E5EDA386F38BE8C00FB67AADE 448E89AB65BE4992959E6C866A4B4907		 0		  0	      2 NORMAL		   XTS		      4

1 row selected.

== Implicit database key for SYSTEM / UNDO / TEMP ======================

ENCRYPTI ENCRYPTEDKEY											  MASTERKEYID			   MAS CIPHERMODE    CON_ID
-------- ------------------------------------------------------------------------------------------------ -------------------------------- --- ------------- ------
AES256	 1ED5109A6BD3E2A194C242DB7CF60AE375BB92101258E6B2E81EAECB714E1FC700000000000000000000000000000000 448E89AB65BE4992959E6C866A4B4907 YES XTS		  4

1 row selected.

== Datafiles of encrypted tablespaces ==================================

TS_NAME 	     RELATIVE_FNO FILE_NAME								     BLOCKS BLOCK_SIZE	    BYTES
-------------------- ------------ ---------------------------------------------------------------------- ---------- ---------- ----------
USERS			     1024 /opt/oracle/oradata/FREE/5B2FECF6497C1018E063020013AC1150/datafile/o1_       2560	  8192	 20971520
				  mf_users_ob788ptm_.dbf


1 row selected.

2026-09-11 08:35:06 INFO  listing datafiles of tablespace USERS in PDB ODBENCPROD
2026-09-11 08:35:06 INFO  found 1 datafile(s)
2026-09-11 08:35:06 INFO  fingerprinting o1_mf_users_ob788ptm_.dbf (block size 8192)
wrote /Users/stefan.oehrli/Repos/own/oehrlis/oracle-free-labs/data/xchange/evidence/variant_g/o1_mf_users_ob788ptm_.dbf.fp
2026-09-11 08:35:07 INFO  scanning o1_mf_users_ob788ptm_.dbf for the clear-text marker
no hits - needle not present as plaintext in this datafile
2026-09-11 08:35:07 INFO  manifest written to /Users/stefan.oehrli/Repos/own/oehrlis/oracle-free-labs/data/xchange/evidence/variant_g/manifest.txt
2026-09-11 08:35:07 INFO  Done.

========================================================================
== Compare 'variant_g' vs 'baseline' (expect DIFFERENT)
========================================================================
2026-09-11 08:35:07 INFO  comparing evidence sets 'baseline' vs 'variant_g'
2026-09-11 08:35:07 INFO  Starting tde_evidence.sh 0.1.0
2026-09-11 08:35:07 WARN  datafile renamed between the two sets: o1_mf_users_ob76s922_.dbf.fp vs o1_mf_users_ob788ptm_.dbf.fp
2026-09-11 08:35:08 WARN  pairing them anyway because each set holds exactly one datafile

== Block-level ciphertext comparison ==
A: baseline/o1_mf_users_ob76s922_.dbf.fp
B: variant_g/o1_mf_users_ob76s922_.dbf.fp
block_size A/B: 8192/8192
blocks compared: 2561
identical: 0
differing: 2561
first differing blocks: [0, 1, 2, 3, 4, 5, 6, 7, 8, 9, 10, 11, 12, 13, 14, 15, 16, 17, 18, 19]
... and 2541 more
verdict: RE-ENCRYPT INDICATED - every comparable block changed
2026-09-11 08:35:08 INFO  compared 1 datafile(s)
2026-09-11 08:35:08 INFO  Done.
canary blocks:   identical 0 differing 313 total 313 (expect all differing)

KEY_VERSION  : 1 -> 2
TEK before   : 7C410458C6D61BBDAFBE556CD21EEE9B...
TEK after    : 4A9F64AF839AE31EFF0EF7535ADAB59A...
TEK vs prod  : DIFFERENT (expected)
Note: ONLINE REKEY is available in Oracle Free 26ai but is an EE feature.

------------------------------------------------------------------------
VERDICT: PASS - TEK changed by ONLINE REKEY (1 -> 2) and the canary ciphertext changed with it (identical 0 differing 313 total 313) - new key material, blocks rewritten
------------------------------------------------------------------------
2026-09-11 08:35:10 INFO  Done.

========================================================================
  STEP 80: Positive control: two tablespaces prove method sensitivity
  Script: /Users/stefan.oehrli/Repos/own/oehrlis/oracle-free-labs/scripts/tde-verify/tests/80_positive_control.sh
  Time:   2026-09-11 08:35:10
========================================================================
2026-09-11 08:35:10 INFO  Starting 80_positive_control.sh 0.1.0

========================================================================
== Step 80: Positive control - two fresh encrypted tablespaces
========================================================================
2026-09-11 08:35:10 INFO  db_create_file_dest already /opt/oracle/oradata in odbencprod

========================================================================
== Create CTRL_ENC_A (encrypted, AES256)
========================================================================

Session altered.

DROP TABLESPACE CTRL_ENC_A INCLUDING CONTENTS AND DATAFILES
*
ERROR at line 1:
ORA-00959: tablespace 'CTRL_ENC_A' does not exist
Help: https://docs.oracle.com/error-help/db/ora-00959/
2026-09-11 08:35:11 WARN  CTRL_ENC_A did not exist (safe to ignore)

Session altered.


Tablespace created.

========================================================================
== Create CTRL_ENC_B (encrypted, AES256)
========================================================================

Session altered.

DROP TABLESPACE CTRL_ENC_B INCLUDING CONTENTS AND DATAFILES
*
ERROR at line 1:
ORA-00959: tablespace 'CTRL_ENC_B' does not exist
Help: https://docs.oracle.com/error-help/db/ora-00959/
2026-09-11 08:35:11 WARN  CTRL_ENC_B did not exist (safe to ignore)

Session altered.


Tablespace created.

========================================================================
== Create identical canary in CTRL_ENC_A
========================================================================

Session altered.

========================================================================
== Create canary table SCOTT.CANARY_CTRL_A in CTRL_ENC_A
========================================================================
no existing SCOTT.CANARY_CTRL_A to drop

PL/SQL procedure successfully completed.


Table created.


5000 rows created.


Commit complete.

== Row count and segment size ==========================================

CANARY_ROWS
-----------
       5000

1 row selected.


OWNER		     TABLE_NAME 	  TS_NAME		   BLOCKS      BYTES
-------------------- -------------------- -------------------- ---------- ----------
SCOTT		     CANARY_CTRL_A	  CTRL_ENC_A		      384    3145728

1 row selected.

== Physical block range of the canary rows =============================

RELATIVE_FNO  MIN_BLOCK  MAX_BLOCK DISTINCT_BLOCKS ROWS_TOTAL
------------ ---------- ---------- --------------- ----------
	   0	    779       1279	       313	 5000

1 row selected.

== Datafile holding the canary ==========================================

RELATIVE_FNO FILE_NAME								    BLOCK_SIZE	   BLOCKS      BYTES
------------ ---------------------------------------------------------------------- ---------- ---------- ----------
	1024 /opt/oracle/oradata/FREE/5B2FECF6497C1018E063020013AC1150/datafile/o1_	  8192	     2560   20971520
	     mf_ctrl_enc_ob788z6j_.dbf


1 row selected.

== Marker for the host side plain-text scan ============================

MARKER
----------------------------------------
OEHRLI-CANARY-01

1 row selected.

========================================================================
== Create identical canary in CTRL_ENC_B
========================================================================

Session altered.

========================================================================
== Create canary table SCOTT.CANARY_CTRL_B in CTRL_ENC_B
========================================================================
no existing SCOTT.CANARY_CTRL_B to drop

PL/SQL procedure successfully completed.


Table created.


5000 rows created.


Commit complete.

== Row count and segment size ==========================================

CANARY_ROWS
-----------
       5000

1 row selected.


OWNER		     TABLE_NAME 	  TS_NAME		   BLOCKS      BYTES
-------------------- -------------------- -------------------- ---------- ----------
SCOTT		     CANARY_CTRL_B	  CTRL_ENC_B		      384    3145728

1 row selected.

== Physical block range of the canary rows =============================

RELATIVE_FNO  MIN_BLOCK  MAX_BLOCK DISTINCT_BLOCKS ROWS_TOTAL
------------ ---------- ---------- --------------- ----------
	   0	    779       1279	       313	 5000

1 row selected.

== Datafile holding the canary ==========================================

RELATIVE_FNO FILE_NAME								    BLOCK_SIZE	   BLOCKS      BYTES
------------ ---------------------------------------------------------------------- ---------- ---------- ----------
	1024 /opt/oracle/oradata/FREE/5B2FECF6497C1018E063020013AC1150/datafile/o1_	  8192	     2560   20971520
	     mf_ctrl_enc_ob788zkd_.dbf


1 row selected.

== Marker for the host side plain-text scan ============================

MARKER
----------------------------------------
OEHRLI-CANARY-01

1 row selected.

========================================================================
== Set CTRL_ENC_A and CTRL_ENC_B to READ ONLY
========================================================================

Session altered.


Tablespace altered.


Tablespace altered.


TABLESPACE_NAME 	       STATUS	 ENC
------------------------------ --------- ---
CTRL_ENC_A		       READ ONLY YES
CTRL_ENC_B		       READ ONLY YES


WRAPPED_TEK
----------------------------------------------------------------
NAME
------------------------------
5BAF2BBBA2F60812995F3970B3472D2DE52CA23C98AEB197BC22BA4195D14282
CTRL_ENC_A

199AABCA82E428184BDE1927993A2D509FEAD9FFB015A315847E8E21EA5DD320
CTRL_ENC_B

========================================================================
== Collect evidence set 'ctrl_enc_a'
========================================================================
2026-09-11 08:35:12 INFO  collecting evidence set 'ctrl_enc_a' from odbencprod
2026-09-11 08:35:12 INFO  Starting tde_evidence.sh 0.1.0
2026-09-11 08:35:12 INFO  evidence set 'ctrl_enc_a' -> /Users/stefan.oehrli/Repos/own/oehrlis/oracle-free-labs/data/xchange/evidence/ctrl_enc_a
2026-09-11 08:35:12 INFO  collecting key chain evidence from odbencprod (CDB$ROOT)

Session altered.

========================================================================
== TDE key chain evidence snapshot =====================================
========================================================================
== Identity of this database ===========================================

CONTAINER	     DB_NAME	  DB_UNIQUE_NAME	 DBID CREATED	LOG_MODE     OPEN_MODE
-------------------- ------------ ---------------- ---------- --------- ------------ --------------------
CDB$ROOT	     FREE	  FREE		   1515727551 11-SEP-26 ARCHIVELOG   READ WRITE

1 row selected.

== Keystore state from v$encryption_wallet =============================

WRL_TYPE WRL_PARAMETER								STATUS		   WALLET_TYPE	   KEYSTORE CON_ID
-------- ---------------------------------------------------------------------- ------------------ --------------- -------- ------
FILE	 /opt/oracle/dbconfig/FREE/wallet/tde/					OPEN		   LOCAL_AUTOLOGIN NONE 	 1
FILE										OPEN		   LOCAL_AUTOLOGIN UNITED	 2
FILE										OPEN		   LOCAL_AUTOLOGIN UNITED	 4
FILE										OPEN		   LOCAL_AUTOLOGIN UNITED	 5
FILE										OPEN		   LOCAL_AUTOLOGIN UNITED	 6

5 rows selected.

== Master encryption keys from v$encryption_keys =======================

KEY_ID							 KEY_USE    KEYSTORE_TYPE  ORIGIN     BACKED_UP CREATION_TIME	       ACTIVATION_TIME
-------------------------------------------------------- ---------- -------------- ---------- --------- ---------------------- ----------------------
CREATOR_PDBNAME
--------------------------------------------------------------------------------------------------------------------------------
ACTIVATING_PDBNAME														 CON_ID
-------------------------------------------------------------------------------------------------------------------------------- ------
AQ7FWTcnsUu3pclAqq/hhXAAAAAAAAAAAAAAAAAAAAAAAAAAAAAA	 TDE IN PDB SOFTWARE KEYST LOCAL      YES	11.09.2026 06:09:41    11.09.2026 06:09:41
								    ORE
CDB$ROOT
CDB$ROOT															      1

AUSOiatlvkmSlZ5shmpLSQcAAAAAAAAAAAAAAAAAAAAAAAAAAAAA	 TDE IN PDB SOFTWARE KEYST LOCAL      YES	11.09.2026 06:09:44    11.09.2026 06:09:44
								    ORE
ODBENCPROD
ODBENCPROD															      4

Ab7hl0VthUfwidWHKHZSZgkAAAAAAAAAAAAAAAAAAAAAAAAAAAAA	 TDE IN PDB SOFTWARE KEYST LOCAL      NO	11.09.2026 06:27:24    11.09.2026 06:27:24
								    ORE
PDBCLONE
PDBCLONE															      3


3 rows selected.

== Tablespace key chain from v$encrypted_tablespaces ===================

TS_NAME 		    TS# ENCRYPTI ENC MASTERKEYID_HEX			KEY_VERSION STATUS	       ENCRYPTEDKEY_HEX 						  BLOCKS_ENCRYPTED BLOCKS_DECRYPTED CON_ID
-------------------- ---------- -------- --- ---------------------------------- ----------- ------------------ ------------------------------------------------------------------ ---------------- ---------------- ------
CLONE_ENC		      5 AES256	 YES BEE197456D8547F089D5872876526609		  0 NORMAL	       378916194479E62498DC2BFFFB690BCEE0CDD1C936188EAF91A085C895D406A3 		 0		266	 5
CLONE_ENC		      5 AES256	 YES BEE197456D8547F089D5872876526609		  0 NORMAL	       7EBC0EB57A3EA2B32D7AFB691DFAD56509048E004C281543D01A46709F331FF6 		 0		  0	 6
CTRL_ENC_A		      8 AES256	 YES 448E89AB65BE4992959E6C866A4B4907		  0 NORMAL	       5BAF2BBBA2F60812995F3970B3472D2DE52CA23C98AEB197BC22BA4195D14282 	      1141		  0	 4
CTRL_ENC_B		      9 AES256	 YES 448E89AB65BE4992959E6C866A4B4907		  0 NORMAL	       199AABCA82E428184BDE1927993A2D509FEAD9FFB015A315847E8E21EA5DD320 	      1141		  0	 4
USERS			      6 AES256	 YES 448E89AB65BE4992959E6C866A4B4907		  1 NORMAL	       7C410458C6D61BBDAFBE556CD21EEE9BD71CA73898BFEC48EFFADDBD0E112BC6 	       372		  3	 4

5 rows selected.

== Full v$encrypted_tablespaces row (version specific columns) =========

       TS# ENCRYPTI ENC ENCRYPTEDKEY							 MASTERKEYID			  BLOCKS_ENCRYPTED BLOCKS_DECRYPTED KEY_VERSION STATUS		   CIPHERMODE	 CON_ID
---------- -------- --- ---------------------------------------------------------------- -------------------------------- ---------------- ---------------- ----------- ------------------ ------------- ------
	 6 AES256   YES 7C410458C6D61BBDAFBE556CD21EEE9BD71CA73898BFEC48EFFADDBD0E112BC6 448E89AB65BE4992959E6C866A4B4907	       372		  3	      1 NORMAL		   XTS		      4
	 5 AES256   YES 378916194479E62498DC2BFFFB690BCEE0CDD1C936188EAF91A085C895D406A3 BEE197456D8547F089D5872876526609		 0		266	      0 NORMAL		   XTS		      5
	 5 AES256   YES 7EBC0EB57A3EA2B32D7AFB691DFAD56509048E004C281543D01A46709F331FF6 BEE197456D8547F089D5872876526609		 0		  0	      0 NORMAL		   XTS		      6
	 8 AES256   YES 5BAF2BBBA2F60812995F3970B3472D2DE52CA23C98AEB197BC22BA4195D14282 448E89AB65BE4992959E6C866A4B4907	      1141		  0	      0 NORMAL		   XTS		      4
	 9 AES256   YES 199AABCA82E428184BDE1927993A2D509FEAD9FFB015A315847E8E21EA5DD320 448E89AB65BE4992959E6C866A4B4907	      1141		  0	      0 NORMAL		   XTS		      4

5 rows selected.

== Implicit database key for SYSTEM / UNDO / TEMP ======================

ENCRYPTI ENCRYPTEDKEY											  MASTERKEYID			   MAS CIPHERMODE    CON_ID
-------- ------------------------------------------------------------------------------------------------ -------------------------------- --- ------------- ------
AES256	 81F7D08AB56A93F523D0ACB637C596CD9A705599B83317711A979673B0E2B39E00000000000000000000000000000000 0EC5593727B14BB7A5C940AAAFE18570 YES XTS		  1
NONE	 000000000000000000000000000000000000000000000000000000000000000000000000000000000000000000000000 00000000000000000000000000000000 NO  CFB		  2
AES256	 1ED5109A6BD3E2A194C242DB7CF60AE375BB92101258E6B2E81EAECB714E1FC700000000000000000000000000000000 448E89AB65BE4992959E6C866A4B4907 YES XTS		  4
AES256	 F6F4119BF8D2FA150B5C20C7C90A6CB6A116807678EDC581B1088DE179EDEA5900000000000000000000000000000000 BEE197456D8547F089D5872876526609 YES XTS		  5
AES256	 F6F4119BF8D2FA150B5C20C7C90A6CB6A116807678EDC581B1088DE179EDEA5900000000000000000000000000000000 BEE197456D8547F089D5872876526609 YES XTS		  6

5 rows selected.

== Datafiles of encrypted tablespaces ==================================

no rows selected

2026-09-11 08:35:12 INFO  collecting key chain evidence from odbencprod (PDB ODBENCPROD)

Session altered.


Session altered.

========================================================================
== TDE key chain evidence snapshot =====================================
========================================================================
== Identity of this database ===========================================

CONTAINER	     DB_NAME	  DB_UNIQUE_NAME	 DBID CREATED	LOG_MODE     OPEN_MODE
-------------------- ------------ ---------------- ---------- --------- ------------ --------------------
ODBENCPROD	     FREE	  FREE		   1515727551 11-SEP-26 ARCHIVELOG   READ WRITE

1 row selected.

== Keystore state from v$encryption_wallet =============================

WRL_TYPE WRL_PARAMETER								STATUS		   WALLET_TYPE	   KEYSTORE CON_ID
-------- ---------------------------------------------------------------------- ------------------ --------------- -------- ------
FILE										OPEN		   LOCAL_AUTOLOGIN UNITED	 4

1 row selected.

== Master encryption keys from v$encryption_keys =======================

KEY_ID							 KEY_USE    KEYSTORE_TYPE  ORIGIN     BACKED_UP CREATION_TIME	       ACTIVATION_TIME
-------------------------------------------------------- ---------- -------------- ---------- --------- ---------------------- ----------------------
CREATOR_PDBNAME
--------------------------------------------------------------------------------------------------------------------------------
ACTIVATING_PDBNAME														 CON_ID
-------------------------------------------------------------------------------------------------------------------------------- ------
AUSOiatlvkmSlZ5shmpLSQcAAAAAAAAAAAAAAAAAAAAAAAAAAAAA	 TDE IN PDB SOFTWARE KEYST LOCAL      YES	11.09.2026 06:09:44    11.09.2026 06:09:44
								    ORE
ODBENCPROD
ODBENCPROD															      4


1 row selected.

== Tablespace key chain from v$encrypted_tablespaces ===================

TS_NAME 		    TS# ENCRYPTI ENC MASTERKEYID_HEX			KEY_VERSION STATUS	       ENCRYPTEDKEY_HEX 						  BLOCKS_ENCRYPTED BLOCKS_DECRYPTED CON_ID
-------------------- ---------- -------- --- ---------------------------------- ----------- ------------------ ------------------------------------------------------------------ ---------------- ---------------- ------
CTRL_ENC_A		      8 AES256	 YES 448E89AB65BE4992959E6C866A4B4907		  0 NORMAL	       5BAF2BBBA2F60812995F3970B3472D2DE52CA23C98AEB197BC22BA4195D14282 	      1141		  0	 4
CTRL_ENC_B		      9 AES256	 YES 448E89AB65BE4992959E6C866A4B4907		  0 NORMAL	       199AABCA82E428184BDE1927993A2D509FEAD9FFB015A315847E8E21EA5DD320 	      1141		  0	 4
USERS			      6 AES256	 YES 448E89AB65BE4992959E6C866A4B4907		  1 NORMAL	       7C410458C6D61BBDAFBE556CD21EEE9BD71CA73898BFEC48EFFADDBD0E112BC6 	       372		  3	 4

3 rows selected.

== Full v$encrypted_tablespaces row (version specific columns) =========

       TS# ENCRYPTI ENC ENCRYPTEDKEY							 MASTERKEYID			  BLOCKS_ENCRYPTED BLOCKS_DECRYPTED KEY_VERSION STATUS		   CIPHERMODE	 CON_ID
---------- -------- --- ---------------------------------------------------------------- -------------------------------- ---------------- ---------------- ----------- ------------------ ------------- ------
	 6 AES256   YES 7C410458C6D61BBDAFBE556CD21EEE9BD71CA73898BFEC48EFFADDBD0E112BC6 448E89AB65BE4992959E6C866A4B4907	       372		  3	      1 NORMAL		   XTS		      4
	 8 AES256   YES 5BAF2BBBA2F60812995F3970B3472D2DE52CA23C98AEB197BC22BA4195D14282 448E89AB65BE4992959E6C866A4B4907	      1141		  0	      0 NORMAL		   XTS		      4
	 9 AES256   YES 199AABCA82E428184BDE1927993A2D509FEAD9FFB015A315847E8E21EA5DD320 448E89AB65BE4992959E6C866A4B4907	      1141		  0	      0 NORMAL		   XTS		      4

3 rows selected.

== Implicit database key for SYSTEM / UNDO / TEMP ======================

ENCRYPTI ENCRYPTEDKEY											  MASTERKEYID			   MAS CIPHERMODE    CON_ID
-------- ------------------------------------------------------------------------------------------------ -------------------------------- --- ------------- ------
AES256	 1ED5109A6BD3E2A194C242DB7CF60AE375BB92101258E6B2E81EAECB714E1FC700000000000000000000000000000000 448E89AB65BE4992959E6C866A4B4907 YES XTS		  4

1 row selected.

== Datafiles of encrypted tablespaces ==================================

TS_NAME 	     RELATIVE_FNO FILE_NAME								     BLOCKS BLOCK_SIZE	    BYTES
-------------------- ------------ ---------------------------------------------------------------------- ---------- ---------- ----------
CTRL_ENC_A		     1024 /opt/oracle/oradata/FREE/5B2FECF6497C1018E063020013AC1150/datafile/o1_       2560	  8192	 20971520
				  mf_ctrl_enc_ob788z6j_.dbf

CTRL_ENC_B		     1024 /opt/oracle/oradata/FREE/5B2FECF6497C1018E063020013AC1150/datafile/o1_       2560	  8192	 20971520
				  mf_ctrl_enc_ob788zkd_.dbf

USERS			     1024 /opt/oracle/oradata/FREE/5B2FECF6497C1018E063020013AC1150/datafile/o1_       2560	  8192	 20971520
				  mf_users_ob76s922_.dbf


3 rows selected.

2026-09-11 08:35:13 INFO  listing datafiles of tablespace CTRL_ENC_A in PDB ODBENCPROD
2026-09-11 08:35:13 INFO  found 1 datafile(s)
2026-09-11 08:35:13 INFO  fingerprinting o1_mf_ctrl_enc_ob788z6j_.dbf (block size 8192)
wrote /Users/stefan.oehrli/Repos/own/oehrlis/oracle-free-labs/data/xchange/evidence/ctrl_enc_a/o1_mf_ctrl_enc_ob788z6j_.dbf.fp
2026-09-11 08:35:13 INFO  scanning o1_mf_ctrl_enc_ob788z6j_.dbf for the clear-text marker
no hits - needle not present as plaintext in this datafile
2026-09-11 08:35:13 INFO  manifest written to /Users/stefan.oehrli/Repos/own/oehrlis/oracle-free-labs/data/xchange/evidence/ctrl_enc_a/manifest.txt
2026-09-11 08:35:13 INFO  Done.

========================================================================
== Collect evidence set 'ctrl_enc_b'
========================================================================
2026-09-11 08:35:13 INFO  collecting evidence set 'ctrl_enc_b' from odbencprod
2026-09-11 08:35:14 INFO  Starting tde_evidence.sh 0.1.0
2026-09-11 08:35:14 INFO  evidence set 'ctrl_enc_b' -> /Users/stefan.oehrli/Repos/own/oehrlis/oracle-free-labs/data/xchange/evidence/ctrl_enc_b
2026-09-11 08:35:14 INFO  collecting key chain evidence from odbencprod (CDB$ROOT)

Session altered.

========================================================================
== TDE key chain evidence snapshot =====================================
========================================================================
== Identity of this database ===========================================

CONTAINER	     DB_NAME	  DB_UNIQUE_NAME	 DBID CREATED	LOG_MODE     OPEN_MODE
-------------------- ------------ ---------------- ---------- --------- ------------ --------------------
CDB$ROOT	     FREE	  FREE		   1515727551 11-SEP-26 ARCHIVELOG   READ WRITE

1 row selected.

== Keystore state from v$encryption_wallet =============================

WRL_TYPE WRL_PARAMETER								STATUS		   WALLET_TYPE	   KEYSTORE CON_ID
-------- ---------------------------------------------------------------------- ------------------ --------------- -------- ------
FILE	 /opt/oracle/dbconfig/FREE/wallet/tde/					OPEN		   LOCAL_AUTOLOGIN NONE 	 1
FILE										OPEN		   LOCAL_AUTOLOGIN UNITED	 2
FILE										OPEN		   LOCAL_AUTOLOGIN UNITED	 4
FILE										OPEN		   LOCAL_AUTOLOGIN UNITED	 5
FILE										OPEN		   LOCAL_AUTOLOGIN UNITED	 6

5 rows selected.

== Master encryption keys from v$encryption_keys =======================

KEY_ID							 KEY_USE    KEYSTORE_TYPE  ORIGIN     BACKED_UP CREATION_TIME	       ACTIVATION_TIME
-------------------------------------------------------- ---------- -------------- ---------- --------- ---------------------- ----------------------
CREATOR_PDBNAME
--------------------------------------------------------------------------------------------------------------------------------
ACTIVATING_PDBNAME														 CON_ID
-------------------------------------------------------------------------------------------------------------------------------- ------
AQ7FWTcnsUu3pclAqq/hhXAAAAAAAAAAAAAAAAAAAAAAAAAAAAAA	 TDE IN PDB SOFTWARE KEYST LOCAL      YES	11.09.2026 06:09:41    11.09.2026 06:09:41
								    ORE
CDB$ROOT
CDB$ROOT															      1

AUSOiatlvkmSlZ5shmpLSQcAAAAAAAAAAAAAAAAAAAAAAAAAAAAA	 TDE IN PDB SOFTWARE KEYST LOCAL      YES	11.09.2026 06:09:44    11.09.2026 06:09:44
								    ORE
ODBENCPROD
ODBENCPROD															      4

Ab7hl0VthUfwidWHKHZSZgkAAAAAAAAAAAAAAAAAAAAAAAAAAAAA	 TDE IN PDB SOFTWARE KEYST LOCAL      NO	11.09.2026 06:27:24    11.09.2026 06:27:24
								    ORE
PDBCLONE
PDBCLONE															      3


3 rows selected.

== Tablespace key chain from v$encrypted_tablespaces ===================

TS_NAME 		    TS# ENCRYPTI ENC MASTERKEYID_HEX			KEY_VERSION STATUS	       ENCRYPTEDKEY_HEX 						  BLOCKS_ENCRYPTED BLOCKS_DECRYPTED CON_ID
-------------------- ---------- -------- --- ---------------------------------- ----------- ------------------ ------------------------------------------------------------------ ---------------- ---------------- ------
CLONE_ENC		      5 AES256	 YES BEE197456D8547F089D5872876526609		  0 NORMAL	       378916194479E62498DC2BFFFB690BCEE0CDD1C936188EAF91A085C895D406A3 		 0		266	 5
CLONE_ENC		      5 AES256	 YES BEE197456D8547F089D5872876526609		  0 NORMAL	       7EBC0EB57A3EA2B32D7AFB691DFAD56509048E004C281543D01A46709F331FF6 		 0		  0	 6
CTRL_ENC_A		      8 AES256	 YES 448E89AB65BE4992959E6C866A4B4907		  0 NORMAL	       5BAF2BBBA2F60812995F3970B3472D2DE52CA23C98AEB197BC22BA4195D14282 	      1141		  0	 4
CTRL_ENC_B		      9 AES256	 YES 448E89AB65BE4992959E6C866A4B4907		  0 NORMAL	       199AABCA82E428184BDE1927993A2D509FEAD9FFB015A315847E8E21EA5DD320 	      1141		  0	 4
USERS			      6 AES256	 YES 448E89AB65BE4992959E6C866A4B4907		  1 NORMAL	       7C410458C6D61BBDAFBE556CD21EEE9BD71CA73898BFEC48EFFADDBD0E112BC6 	       372		  3	 4

5 rows selected.

== Full v$encrypted_tablespaces row (version specific columns) =========

       TS# ENCRYPTI ENC ENCRYPTEDKEY							 MASTERKEYID			  BLOCKS_ENCRYPTED BLOCKS_DECRYPTED KEY_VERSION STATUS		   CIPHERMODE	 CON_ID
---------- -------- --- ---------------------------------------------------------------- -------------------------------- ---------------- ---------------- ----------- ------------------ ------------- ------
	 6 AES256   YES 7C410458C6D61BBDAFBE556CD21EEE9BD71CA73898BFEC48EFFADDBD0E112BC6 448E89AB65BE4992959E6C866A4B4907	       372		  3	      1 NORMAL		   XTS		      4
	 5 AES256   YES 378916194479E62498DC2BFFFB690BCEE0CDD1C936188EAF91A085C895D406A3 BEE197456D8547F089D5872876526609		 0		266	      0 NORMAL		   XTS		      5
	 5 AES256   YES 7EBC0EB57A3EA2B32D7AFB691DFAD56509048E004C281543D01A46709F331FF6 BEE197456D8547F089D5872876526609		 0		  0	      0 NORMAL		   XTS		      6
	 8 AES256   YES 5BAF2BBBA2F60812995F3970B3472D2DE52CA23C98AEB197BC22BA4195D14282 448E89AB65BE4992959E6C866A4B4907	      1141		  0	      0 NORMAL		   XTS		      4
	 9 AES256   YES 199AABCA82E428184BDE1927993A2D509FEAD9FFB015A315847E8E21EA5DD320 448E89AB65BE4992959E6C866A4B4907	      1141		  0	      0 NORMAL		   XTS		      4

5 rows selected.

== Implicit database key for SYSTEM / UNDO / TEMP ======================

ENCRYPTI ENCRYPTEDKEY											  MASTERKEYID			   MAS CIPHERMODE    CON_ID
-------- ------------------------------------------------------------------------------------------------ -------------------------------- --- ------------- ------
AES256	 81F7D08AB56A93F523D0ACB637C596CD9A705599B83317711A979673B0E2B39E00000000000000000000000000000000 0EC5593727B14BB7A5C940AAAFE18570 YES XTS		  1
NONE	 000000000000000000000000000000000000000000000000000000000000000000000000000000000000000000000000 00000000000000000000000000000000 NO  CFB		  2
AES256	 1ED5109A6BD3E2A194C242DB7CF60AE375BB92101258E6B2E81EAECB714E1FC700000000000000000000000000000000 448E89AB65BE4992959E6C866A4B4907 YES XTS		  4
AES256	 F6F4119BF8D2FA150B5C20C7C90A6CB6A116807678EDC581B1088DE179EDEA5900000000000000000000000000000000 BEE197456D8547F089D5872876526609 YES XTS		  5
AES256	 F6F4119BF8D2FA150B5C20C7C90A6CB6A116807678EDC581B1088DE179EDEA5900000000000000000000000000000000 BEE197456D8547F089D5872876526609 YES XTS		  6

5 rows selected.

== Datafiles of encrypted tablespaces ==================================

no rows selected

2026-09-11 08:35:14 INFO  collecting key chain evidence from odbencprod (PDB ODBENCPROD)

Session altered.


Session altered.

========================================================================
== TDE key chain evidence snapshot =====================================
========================================================================
== Identity of this database ===========================================

CONTAINER	     DB_NAME	  DB_UNIQUE_NAME	 DBID CREATED	LOG_MODE     OPEN_MODE
-------------------- ------------ ---------------- ---------- --------- ------------ --------------------
ODBENCPROD	     FREE	  FREE		   1515727551 11-SEP-26 ARCHIVELOG   READ WRITE

1 row selected.

== Keystore state from v$encryption_wallet =============================

WRL_TYPE WRL_PARAMETER								STATUS		   WALLET_TYPE	   KEYSTORE CON_ID
-------- ---------------------------------------------------------------------- ------------------ --------------- -------- ------
FILE										OPEN		   LOCAL_AUTOLOGIN UNITED	 4

1 row selected.

== Master encryption keys from v$encryption_keys =======================

KEY_ID							 KEY_USE    KEYSTORE_TYPE  ORIGIN     BACKED_UP CREATION_TIME	       ACTIVATION_TIME
-------------------------------------------------------- ---------- -------------- ---------- --------- ---------------------- ----------------------
CREATOR_PDBNAME
--------------------------------------------------------------------------------------------------------------------------------
ACTIVATING_PDBNAME														 CON_ID
-------------------------------------------------------------------------------------------------------------------------------- ------
AUSOiatlvkmSlZ5shmpLSQcAAAAAAAAAAAAAAAAAAAAAAAAAAAAA	 TDE IN PDB SOFTWARE KEYST LOCAL      YES	11.09.2026 06:09:44    11.09.2026 06:09:44
								    ORE
ODBENCPROD
ODBENCPROD															      4


1 row selected.

== Tablespace key chain from v$encrypted_tablespaces ===================

TS_NAME 		    TS# ENCRYPTI ENC MASTERKEYID_HEX			KEY_VERSION STATUS	       ENCRYPTEDKEY_HEX 						  BLOCKS_ENCRYPTED BLOCKS_DECRYPTED CON_ID
-------------------- ---------- -------- --- ---------------------------------- ----------- ------------------ ------------------------------------------------------------------ ---------------- ---------------- ------
CTRL_ENC_A		      8 AES256	 YES 448E89AB65BE4992959E6C866A4B4907		  0 NORMAL	       5BAF2BBBA2F60812995F3970B3472D2DE52CA23C98AEB197BC22BA4195D14282 	      1141		  0	 4
CTRL_ENC_B		      9 AES256	 YES 448E89AB65BE4992959E6C866A4B4907		  0 NORMAL	       199AABCA82E428184BDE1927993A2D509FEAD9FFB015A315847E8E21EA5DD320 	      1141		  0	 4
USERS			      6 AES256	 YES 448E89AB65BE4992959E6C866A4B4907		  1 NORMAL	       7C410458C6D61BBDAFBE556CD21EEE9BD71CA73898BFEC48EFFADDBD0E112BC6 	       372		  3	 4

3 rows selected.

== Full v$encrypted_tablespaces row (version specific columns) =========

       TS# ENCRYPTI ENC ENCRYPTEDKEY							 MASTERKEYID			  BLOCKS_ENCRYPTED BLOCKS_DECRYPTED KEY_VERSION STATUS		   CIPHERMODE	 CON_ID
---------- -------- --- ---------------------------------------------------------------- -------------------------------- ---------------- ---------------- ----------- ------------------ ------------- ------
	 6 AES256   YES 7C410458C6D61BBDAFBE556CD21EEE9BD71CA73898BFEC48EFFADDBD0E112BC6 448E89AB65BE4992959E6C866A4B4907	       372		  3	      1 NORMAL		   XTS		      4
	 8 AES256   YES 5BAF2BBBA2F60812995F3970B3472D2DE52CA23C98AEB197BC22BA4195D14282 448E89AB65BE4992959E6C866A4B4907	      1141		  0	      0 NORMAL		   XTS		      4
	 9 AES256   YES 199AABCA82E428184BDE1927993A2D509FEAD9FFB015A315847E8E21EA5DD320 448E89AB65BE4992959E6C866A4B4907	      1141		  0	      0 NORMAL		   XTS		      4

3 rows selected.

== Implicit database key for SYSTEM / UNDO / TEMP ======================

ENCRYPTI ENCRYPTEDKEY											  MASTERKEYID			   MAS CIPHERMODE    CON_ID
-------- ------------------------------------------------------------------------------------------------ -------------------------------- --- ------------- ------
AES256	 1ED5109A6BD3E2A194C242DB7CF60AE375BB92101258E6B2E81EAECB714E1FC700000000000000000000000000000000 448E89AB65BE4992959E6C866A4B4907 YES XTS		  4

1 row selected.

== Datafiles of encrypted tablespaces ==================================

TS_NAME 	     RELATIVE_FNO FILE_NAME								     BLOCKS BLOCK_SIZE	    BYTES
-------------------- ------------ ---------------------------------------------------------------------- ---------- ---------- ----------
CTRL_ENC_A		     1024 /opt/oracle/oradata/FREE/5B2FECF6497C1018E063020013AC1150/datafile/o1_       2560	  8192	 20971520
				  mf_ctrl_enc_ob788z6j_.dbf

CTRL_ENC_B		     1024 /opt/oracle/oradata/FREE/5B2FECF6497C1018E063020013AC1150/datafile/o1_       2560	  8192	 20971520
				  mf_ctrl_enc_ob788zkd_.dbf

USERS			     1024 /opt/oracle/oradata/FREE/5B2FECF6497C1018E063020013AC1150/datafile/o1_       2560	  8192	 20971520
				  mf_users_ob76s922_.dbf


3 rows selected.

2026-09-11 08:35:14 INFO  listing datafiles of tablespace CTRL_ENC_B in PDB ODBENCPROD
2026-09-11 08:35:14 INFO  found 1 datafile(s)
2026-09-11 08:35:14 INFO  fingerprinting o1_mf_ctrl_enc_ob788zkd_.dbf (block size 8192)
wrote /Users/stefan.oehrli/Repos/own/oehrlis/oracle-free-labs/data/xchange/evidence/ctrl_enc_b/o1_mf_ctrl_enc_ob788zkd_.dbf.fp
2026-09-11 08:35:15 INFO  scanning o1_mf_ctrl_enc_ob788zkd_.dbf for the clear-text marker
no hits - needle not present as plaintext in this datafile
2026-09-11 08:35:15 INFO  manifest written to /Users/stefan.oehrli/Repos/own/oehrlis/oracle-free-labs/data/xchange/evidence/ctrl_enc_b/manifest.txt
2026-09-11 08:35:15 INFO  Done.

========================================================================
== Compare 'ctrl_enc_a' vs 'ctrl_enc_b' (expect DIFFERENT ciphertext)
========================================================================
2026-09-11 08:35:15 INFO  comparing evidence sets 'ctrl_enc_a' vs 'ctrl_enc_b'
2026-09-11 08:35:15 INFO  Starting tde_evidence.sh 0.1.0
2026-09-11 08:35:15 WARN  datafile renamed between the two sets: o1_mf_ctrl_enc_ob788z6j_.dbf.fp vs o1_mf_ctrl_enc_ob788zkd_.dbf.fp
2026-09-11 08:35:15 WARN  pairing them anyway because each set holds exactly one datafile

== Block-level ciphertext comparison ==
A: ctrl_enc_a/o1_mf_ctrl_enc_ob788z6j_.dbf.fp
B: ctrl_enc_b/o1_mf_ctrl_enc_ob788z6j_.dbf.fp
block_size A/B: 8192/8192
blocks compared: 2561
identical: 1421
differing: 1140
first differing blocks: [1, 2, 3, 4, 5, 6, 7, 8, 9, 10, 11, 12, 13, 14, 15, 16, 17, 18, 19, 20]
... and 1120 more
verdict: MIXED - 1140 of 2561 blocks changed; inspect which ranges differ before drawing a conclusion
2026-09-11 08:35:15 INFO  compared 1 datafile(s)
2026-09-11 08:35:15 INFO  Done.
2026-09-11 08:35:16 INFO  canary block comparison: identical 0 differing 313 total 313

------------------------------------------------------------------------
VERDICT: PASS - the method is sensitive: identical content under two different tablespace keys produces different ciphertext in every canary block (identical 0 differing 313 total 313). An 'identical' result elsewhere in the suite therefore means the key really is unchanged
------------------------------------------------------------------------
2026-09-11 08:35:16 INFO  Done.

========================================================================
  STEP 90: Key withdrawal test: verify cryptographic independence
  Script: /Users/stefan.oehrli/Repos/own/oehrlis/oracle-free-labs/scripts/tde-verify/tests/90_withdrawal_test.sh
  Time:   2026-09-11 08:35:16
========================================================================
2026-09-11 08:35:16 INFO  Starting 90_withdrawal_test.sh 0.1.0

========================================================================
== Step 90: Key withdrawal test (after variant_g)
========================================================================

========================================================================
== Step 1: Swap to dev-only keystore (remove prod MEK)
========================================================================
current dev keystore backed up to /opt/oracle/xchange/wallet_withdrawal_backup
restored pristine dev keystore from /opt/oracle/xchange/wallet_dev_pristine
total 40
drwxr-xr-x 12 oracle oinstall  384 Sep 11 08:34 .
drwxr-xr-x  6 oracle oinstall  192 Sep 11 08:34 ..
-rw-------  1 oracle oinstall 3939 Sep 11 08:34 cwallet.sso
-rw-------  1 oracle oinstall 2675 Sep 11 08:14 cwallet_2026091106141942.sso
-rw-------  1 oracle oinstall 2675 Sep 11 08:21 cwallet_2026091106211446.sso
-rw-------  1 oracle oinstall 2675 Sep 11 08:26 cwallet_2026091106262331.sso
-rw-------  1 oracle oinstall 2675 Sep 11 08:34 cwallet_2026091106343576.sso
-rw-------  1 oracle oinstall 3827 Sep 11 08:34 ewallet.p12
-rw-------  1 oracle oinstall 2563 Sep 11 08:14 ewallet_2026091106141942.p12
-rw-------  1 oracle oinstall 2563 Sep 11 08:21 ewallet_2026091106211446.p12
-rw-------  1 oracle oinstall 2563 Sep 11 08:26 ewallet_2026091106262331.p12
-rw-------  1 oracle oinstall 2563 Sep 11 08:34 ewallet_2026091106343576.p12

========================================================================
== Step 2: Restart odbencdev (STARTUP FORCE)
========================================================================
ORACLE instance started.

Total System Global Area 1603392144 bytes
Fixed Size		    5026448 bytes
Variable Size		  436207616 bytes
Database Buffers	 1157627904 bytes
Redo Buffers		    4530176 bytes
Database mounted.
ORA-28374: typed master key not found in wallet
Help: https://docs.oracle.com/error-help/db/ora-28374/



STATE
------------------------------
OPEN_MODE=MOUNTED
2026-09-11 08:35:18 INFO  database open mode after restart: MOUNTED

Withdrawal test result:
  After variant : variant_g
  Independence  : DEPENDENT
  Open mode     : MOUNTED

------------------------------------------------------------------------
VERDICT: PASS - the database does not open at all without the source master key: it stops at MOUNTED with ORA-28374. Dependency is total - not a single tablespace is unreadable, the whole database is unusable
------------------------------------------------------------------------
2026-09-11 08:35:18 INFO  Done.

========================================================================
  TDE Verification Run Results
  Log: /Users/stefan.oehrli/Repos/own/oehrlis/oracle-free-labs/data/xchange/evidence/run_20260911_080723.log
========================================================================

NR    Result      Duration  Description
----  ----------  --------  -------------------------------------------
00    PASS        282s      Reset both services and verify clean startup
10    PASS        7s        Create canary tables, READ ONLY, collect baseline evidence
15    PASS        11s       RMAN backup + stage source keystore
20    PASS        151s      Variant A: plain RESTORE with transported source keystore
30    PASS        138s      Variant B2: AS ENCRYPTED USING KEY without prod MEK
35    PASS        127s      Variant B1: AS ENCRYPTED USING KEY with prod MEK
40    PASS        143s      Variant C: DUPLICATE ... AS ENCRYPTED
50    PASS        159s      Variant D: RESTORE AS DECRYPTED + SET KEY + OFFLINE ENCRYPT
60    PASS        175s      Variant F: chain-breaking path (new TEK)
61    PASS        10s       PDB testbed: create PDBCLONE with canary tables and c##clone user
62    PASS        9s        PDB P1: local clone in same CDB (reference case)
63    PASS        257s      PDB P2: unplug with key export, plug into dev CDB
64    PASS        2s        PDB P3: unplug without key export - negative test
65    PASS        15s       PDB P4: remote clone via DB link as c##clone
66    PASS        2s        PDB P7: ORIGIN of the transported key in the target
67    PASS        2s        PDB P8: KEY_VERSION after plug-in to foreign CDB
68    PASS        12s       PDB P5: MEK rotation in target after P2 or P4
69    PASS        9s        PDB P6: ONLINE REKEY in target after P2 or P4
70    PASS        149s      Variant G: ALTER TABLESPACE ENCRYPTION ONLINE REKEY
80    PASS        6s        Positive control: two tablespaces prove method sensitivity
90    PASS        2s        Key withdrawal test: verify cryptographic independence

All steps PASSED.
