
TDE Restore Verification Runner 0.2.1
Log: /Users/stefan.oehrli/Repos/own/oehrlis/oracle-free-labs/data/xchange/evidence/run_20260911_093022.log

========================================================================
  STEP 00: Reset both services and verify clean startup
  Script: /Users/stefan.oehrli/Repos/own/oehrlis/oracle-free-labs/scripts/tde-verify/tests/00_reset_lab.sh
  Time:   2026-09-11 09:30:23
========================================================================
2026-09-11 09:30:23 INFO  Starting 00_reset_lab.sh 0.1.0

========================================================================
== Step 00: Reset lab services
========================================================================

========================================================================
== Reset odbencprod
========================================================================
2026-09-11 09:30:23 INFO  removed data/xchange/evidence
2026-09-11 09:30:23 INFO  removed data/xchange/sso_foreign
2026-09-11 09:30:23 INFO  removed data/xchange/stale_redo_odbencdev
2026-09-11 09:30:23 INFO  removed data/xchange/wallet_prod_used_f
2026-09-11 09:30:23 INFO  removed data/xchange/wallet_dev_pristine
2026-09-11 09:30:23 INFO  removed data/xchange/wallet_prod
2026-09-11 09:30:23 INFO  removed data/xchange/wallet_withdrawal_backup
2026-09-11 09:30:23 INFO  removed data/xchange/backup
2026-09-11 09:30:24 INFO  removed data/xchange/pdbclone_p4_keys.exp
2026-09-11 09:30:24 INFO  removed data/xchange/pdbclone_p2.pdb
2026-09-11 09:30:24 INFO  exchange mount cleared
2026-09-11 09:30:24 INFO  resetting service 'odbencprod' ...
 Container odbencprod Stopping 
 Container odbencprod Stopped 
 Container odbencprod Removing 
 Container odbencprod Removed 
 Network oracle-free-labs_default Removing 
 Network oracle-free-labs_default Resource is still in use 
2026-09-11 09:30:33 INFO  removing /Users/stefan.oehrli/Repos/own/oehrlis/oracle-free-labs/data/odbencprod
2026-09-11 09:30:33 INFO  restored tracked files under data/odbencprod
2026-09-11 09:30:33 INFO  service 'odbencprod' reset complete
2026-09-11 09:30:33 INFO  starting service 'odbencprod' ...
 Container odbencprod Creating 
 Container odbencprod Created 
 Container odbencprod Starting 
 Container odbencprod Started 
2026-09-11 09:30:33 INFO  waiting for odbencprod to be ready (timeout 900s) ...
2026-09-11 09:33:18 INFO  odbencprod is ready

========================================================================
== Reset odbencdev
========================================================================
2026-09-11 09:33:18 INFO  resetting service 'odbencdev' ...
 Container odbencdev Stopping 
 Container odbencdev Stopped 
 Container odbencdev Removing 
 Container odbencdev Removed 
 Network oracle-free-labs_default Removing 
 Network oracle-free-labs_default Resource is still in use 
2026-09-11 09:33:20 INFO  removing /Users/stefan.oehrli/Repos/own/oehrlis/oracle-free-labs/data/odbencdev
2026-09-11 09:33:21 INFO  restored tracked files under data/odbencdev
2026-09-11 09:33:21 INFO  service 'odbencdev' reset complete
2026-09-11 09:33:21 INFO  starting service 'odbencdev' ...
 Container odbencdev Creating 
 Container odbencdev Created 
 Container odbencdev Starting 
 Container odbencdev Started 
2026-09-11 09:33:21 INFO  waiting for odbencdev to be ready (timeout 600s) ...
2026-09-11 09:35:24 INFO  odbencdev is ready

========================================================================
== Log scan
========================================================================
2026-09-11 09:35:25 INFO  odbencprod logs: no ORA-/SP2-/DBT- errors
2026-09-11 09:35:25 INFO  odbencdev logs: no ORA-/SP2-/DBT- errors

Service              Ready      Log errors
-------              -----      ----------
odbencprod           yes        none      
odbencdev            yes        none      

------------------------------------------------------------------------
VERDICT: PASS - both services are up, healthy, and clean
------------------------------------------------------------------------
2026-09-11 09:35:25 INFO  Done.

========================================================================
  STEP 10: Create canary tables, READ ONLY, collect baseline evidence
  Script: /Users/stefan.oehrli/Repos/own/oehrlis/oracle-free-labs/scripts/tde-verify/tests/10_baseline.sh
  Time:   2026-09-11 09:35:26
========================================================================
2026-09-11 09:35:26 INFO  Starting 10_baseline.sh 0.1.0

========================================================================
== Step 10: Collect prod baseline
========================================================================

========================================================================
== Create canary in USERS (encrypted)
========================================================================

Session altered.

ALTER TABLESPACE USERS READ WRITE
*
ERROR at line 1:
ORA-01646: tablespace 'USERS' is not read-only - cannot make read write
Help: https://docs.oracle.com/error-help/db/ora-01646/


========================================================================
== Create canary table SCOTT.CANARY_TDE in USERS
========================================================================
no existing SCOTT.CANARY_TDE to drop

PL/SQL procedure successfully completed.


Table created.


5000 rows created.


Commit complete.

== Row count and segment size ==========================================

CANARY_ROWS
-----------
       5000

1 row selected.


OWNER		     TABLE_NAME 	  TS_NAME		   BLOCKS      BYTES
-------------------- -------------------- -------------------- ---------- ----------
SCOTT		     CANARY_TDE 	  USERS 		      384    3145728

1 row selected.

== Physical block range of the canary rows =============================

RELATIVE_FNO  MIN_BLOCK  MAX_BLOCK DISTINCT_BLOCKS ROWS_TOTAL
------------ ---------- ---------- --------------- ----------
	   0	    979       1407	       313	 5000

1 row selected.

== Datafile holding the canary ==========================================

RELATIVE_FNO FILE_NAME								    BLOCK_SIZE	   BLOCKS      BYTES
------------ ---------------------------------------------------------------------- ---------- ---------- ----------
	1024 /opt/oracle/oradata/FREE/5B31168468011059E063020013ACDA14/datafile/o1_	  8192	     2560   20971520
	     mf_users_ob7co9bt_.dbf


1 row selected.

== Marker for the host side plain-text scan ============================

MARKER
----------------------------------------
OEHRLI-CANARY-01

1 row selected.

========================================================================
== Create unencrypted control tablespace CANARY_PLAIN
========================================================================

Session altered.

ALTER TABLESPACE CANARY_PLAIN READ WRITE
*
ERROR at line 1:
ORA-00959: tablespace 'CANARY_PLAIN' does not exist
Help: https://docs.oracle.com/error-help/db/ora-00959/


DROP TABLESPACE CANARY_PLAIN INCLUDING CONTENTS AND DATAFILES
*
ERROR at line 1:
ORA-00959: tablespace 'CANARY_PLAIN' does not exist
Help: https://docs.oracle.com/error-help/db/ora-00959/



Tablespace created.


User altered.


TABLESPACE_NAME 	       BIG ENC
------------------------------ --- ---
CANARY_PLAIN		       YES NO

========================================================================
== Create control canary in CANARY_PLAIN (unencrypted)
========================================================================

Session altered.

========================================================================
== Create canary table SCOTT.CANARY_PLAIN_TAB in CANARY_PLAIN
========================================================================
no existing SCOTT.CANARY_PLAIN_TAB to drop

PL/SQL procedure successfully completed.


Table created.


5000 rows created.


Commit complete.

== Row count and segment size ==========================================

CANARY_ROWS
-----------
       5000

1 row selected.


OWNER		     TABLE_NAME 	  TS_NAME		   BLOCKS      BYTES
-------------------- -------------------- -------------------- ---------- ----------
SCOTT		     CANARY_PLAIN_TAB	  CANARY_PLAIN		      384    3145728

1 row selected.

== Physical block range of the canary rows =============================

RELATIVE_FNO  MIN_BLOCK  MAX_BLOCK DISTINCT_BLOCKS ROWS_TOTAL
------------ ---------- ---------- --------------- ----------
	   0	    779       1279	       313	 5000

1 row selected.

== Datafile holding the canary ==========================================

RELATIVE_FNO FILE_NAME								    BLOCK_SIZE	   BLOCKS      BYTES
------------ ---------------------------------------------------------------------- ---------- ---------- ----------
	1024 /opt/oracle/oradata/FREE/5B31168468011059E063020013ACDA14/datafile/o1_	  8192	     2560   20971520
	     mf_canary_p_ob7csz16_.dbf


1 row selected.

== Marker for the host side plain-text scan ============================

MARKER
----------------------------------------
OEHRLI-CANARY-01

1 row selected.

========================================================================
== Set USERS and CANARY_PLAIN to READ ONLY
========================================================================

Session altered.


Tablespace altered.


Tablespace altered.


TABLESPACE_NAME 	       STATUS
------------------------------ ---------
CANARY_PLAIN		       READ ONLY
USERS			       READ ONLY

========================================================================
== Collect evidence set 'baseline'
========================================================================
2026-09-11 09:35:27 INFO  collecting evidence set 'baseline' from odbencprod
2026-09-11 09:35:27 INFO  Starting tde_evidence.sh 0.1.0
2026-09-11 09:35:27 INFO  evidence set 'baseline' -> /Users/stefan.oehrli/Repos/own/oehrlis/oracle-free-labs/data/xchange/evidence/baseline
2026-09-11 09:35:27 INFO  collecting key chain evidence from odbencprod (CDB$ROOT)

Session altered.

========================================================================
== TDE key chain evidence snapshot =====================================
========================================================================
== Identity of this database ===========================================

CONTAINER	     DB_NAME	  DB_UNIQUE_NAME	 DBID CREATED	LOG_MODE     OPEN_MODE
-------------------- ------------ ---------------- ---------- --------- ------------ --------------------
CDB$ROOT	     FREE	  FREE		   1515732537 11-SEP-26 ARCHIVELOG   READ WRITE

1 row selected.

== Keystore state from v$encryption_wallet =============================

WRL_TYPE WRL_PARAMETER								STATUS		   WALLET_TYPE	   KEYSTORE CON_ID
-------- ---------------------------------------------------------------------- ------------------ --------------- -------- ------
FILE	 /opt/oracle/dbconfig/FREE/wallet/tde/					OPEN		   LOCAL_AUTOLOGIN NONE 	 1
FILE										OPEN		   LOCAL_AUTOLOGIN UNITED	 2
FILE										OPEN		   LOCAL_AUTOLOGIN UNITED	 4

3 rows selected.

== Master encryption keys from v$encryption_keys =======================

KEY_ID							 KEY_USE    KEYSTORE_TYPE  ORIGIN     BACKED_UP CREATION_TIME	       ACTIVATION_TIME
-------------------------------------------------------- ---------- -------------- ---------- --------- ---------------------- ----------------------
CREATOR_PDBNAME
--------------------------------------------------------------------------------------------------------------------------------
ACTIVATING_PDBNAME														 CON_ID
-------------------------------------------------------------------------------------------------------------------------------- ------
AfbcNSHAE0H8oa8yTTlGdNcAAAAAAAAAAAAAAAAAAAAAAAAAAAAA	 TDE IN PDB SOFTWARE KEYST LOCAL      YES	11.09.2026 07:32:53    11.09.2026 07:32:53
								    ORE
CDB$ROOT
CDB$ROOT															      1

AfUC3/VFkEu+oghTAX+EvjkAAAAAAAAAAAAAAAAAAAAAAAAAAAAA	 TDE IN PDB SOFTWARE KEYST LOCAL      NO	11.09.2026 07:32:57    11.09.2026 07:32:57
								    ORE
ODBENCPROD
ODBENCPROD															      4


2 rows selected.

== Tablespace key chain from v$encrypted_tablespaces ===================

TS_NAME 		    TS# ENCRYPTI ENC MASTERKEYID_HEX			KEY_VERSION STATUS	       ENCRYPTEDKEY_HEX 						  BLOCKS_ENCRYPTED BLOCKS_DECRYPTED CON_ID
-------------------- ---------- -------- --- ---------------------------------- ----------- ------------------ ------------------------------------------------------------------ ---------------- ---------------- ------
USERS			      6 AES256	 YES F502DFF545904BBEA20853017F84BE39		  1 NORMAL	       FF27143DE967554706317B6691C471226EA029147FF3E1905F29270F341846BC 	       372		  3	 4

1 row selected.

== Full v$encrypted_tablespaces row (version specific columns) =========

       TS# ENCRYPTI ENC ENCRYPTEDKEY							 MASTERKEYID			  BLOCKS_ENCRYPTED BLOCKS_DECRYPTED KEY_VERSION STATUS		   CIPHERMODE	 CON_ID
---------- -------- --- ---------------------------------------------------------------- -------------------------------- ---------------- ---------------- ----------- ------------------ ------------- ------
	 6 AES256   YES FF27143DE967554706317B6691C471226EA029147FF3E1905F29270F341846BC F502DFF545904BBEA20853017F84BE39	       372		  3	      1 NORMAL		   XTS		      4

1 row selected.

== Implicit database key for SYSTEM / UNDO / TEMP ======================

ENCRYPTI ENCRYPTEDKEY											  MASTERKEYID			   MAS CIPHERMODE    CON_ID
-------- ------------------------------------------------------------------------------------------------ -------------------------------- --- ------------- ------
AES256	 C57590ABF3E38E41CB7AD79BFC94BC66344AB2DF0C158ECB8608EC71708FBF1B00000000000000000000000000000000 F6DC3521C01341FCA1AF324D394674D7 YES XTS		  1
NONE	 000000000000000000000000000000000000000000000000000000000000000000000000000000000000000000000000 00000000000000000000000000000000 NO  CFB		  2
AES256	 C994595FF4121EB6743BC291E4499AC8823B0749B855ABC64F5931E93229467600000000000000000000000000000000 F502DFF545904BBEA20853017F84BE39 YES XTS		  4

3 rows selected.

== Datafiles of encrypted tablespaces ==================================

no rows selected

2026-09-11 09:35:27 INFO  collecting key chain evidence from odbencprod (PDB ODBENCPROD)

Session altered.


Session altered.

========================================================================
== TDE key chain evidence snapshot =====================================
========================================================================
== Identity of this database ===========================================

CONTAINER	     DB_NAME	  DB_UNIQUE_NAME	 DBID CREATED	LOG_MODE     OPEN_MODE
-------------------- ------------ ---------------- ---------- --------- ------------ --------------------
ODBENCPROD	     FREE	  FREE		   1515732537 11-SEP-26 ARCHIVELOG   READ WRITE

1 row selected.

== Keystore state from v$encryption_wallet =============================

WRL_TYPE WRL_PARAMETER								STATUS		   WALLET_TYPE	   KEYSTORE CON_ID
-------- ---------------------------------------------------------------------- ------------------ --------------- -------- ------
FILE										OPEN		   LOCAL_AUTOLOGIN UNITED	 4

1 row selected.

== Master encryption keys from v$encryption_keys =======================

KEY_ID							 KEY_USE    KEYSTORE_TYPE  ORIGIN     BACKED_UP CREATION_TIME	       ACTIVATION_TIME
-------------------------------------------------------- ---------- -------------- ---------- --------- ---------------------- ----------------------
CREATOR_PDBNAME
--------------------------------------------------------------------------------------------------------------------------------
ACTIVATING_PDBNAME														 CON_ID
-------------------------------------------------------------------------------------------------------------------------------- ------
AfUC3/VFkEu+oghTAX+EvjkAAAAAAAAAAAAAAAAAAAAAAAAAAAAA	 TDE IN PDB SOFTWARE KEYST LOCAL      NO	11.09.2026 07:32:57    11.09.2026 07:32:57
								    ORE
ODBENCPROD
ODBENCPROD															      4


1 row selected.

== Tablespace key chain from v$encrypted_tablespaces ===================

TS_NAME 		    TS# ENCRYPTI ENC MASTERKEYID_HEX			KEY_VERSION STATUS	       ENCRYPTEDKEY_HEX 						  BLOCKS_ENCRYPTED BLOCKS_DECRYPTED CON_ID
-------------------- ---------- -------- --- ---------------------------------- ----------- ------------------ ------------------------------------------------------------------ ---------------- ---------------- ------
USERS			      6 AES256	 YES F502DFF545904BBEA20853017F84BE39		  1 NORMAL	       FF27143DE967554706317B6691C471226EA029147FF3E1905F29270F341846BC 	       372		  3	 4

1 row selected.

== Full v$encrypted_tablespaces row (version specific columns) =========

       TS# ENCRYPTI ENC ENCRYPTEDKEY							 MASTERKEYID			  BLOCKS_ENCRYPTED BLOCKS_DECRYPTED KEY_VERSION STATUS		   CIPHERMODE	 CON_ID
---------- -------- --- ---------------------------------------------------------------- -------------------------------- ---------------- ---------------- ----------- ------------------ ------------- ------
	 6 AES256   YES FF27143DE967554706317B6691C471226EA029147FF3E1905F29270F341846BC F502DFF545904BBEA20853017F84BE39	       372		  3	      1 NORMAL		   XTS		      4

1 row selected.

== Implicit database key for SYSTEM / UNDO / TEMP ======================

ENCRYPTI ENCRYPTEDKEY											  MASTERKEYID			   MAS CIPHERMODE    CON_ID
-------- ------------------------------------------------------------------------------------------------ -------------------------------- --- ------------- ------
AES256	 C994595FF4121EB6743BC291E4499AC8823B0749B855ABC64F5931E93229467600000000000000000000000000000000 F502DFF545904BBEA20853017F84BE39 YES XTS		  4

1 row selected.

== Datafiles of encrypted tablespaces ==================================

TS_NAME 	     RELATIVE_FNO FILE_NAME								     BLOCKS BLOCK_SIZE	    BYTES
-------------------- ------------ ---------------------------------------------------------------------- ---------- ---------- ----------
USERS			     1024 /opt/oracle/oradata/FREE/5B31168468011059E063020013ACDA14/datafile/o1_       2560	  8192	 20971520
				  mf_users_ob7co9bt_.dbf


1 row selected.

2026-09-11 09:35:28 INFO  listing datafiles of tablespace USERS in PDB ODBENCPROD
2026-09-11 09:35:28 INFO  found 1 datafile(s)
2026-09-11 09:35:28 INFO  fingerprinting o1_mf_users_ob7co9bt_.dbf (block size 8192)
wrote /Users/stefan.oehrli/Repos/own/oehrlis/oracle-free-labs/data/xchange/evidence/baseline/o1_mf_users_ob7co9bt_.dbf.fp
2026-09-11 09:35:28 INFO  scanning o1_mf_users_ob7co9bt_.dbf for the clear-text marker
no hits - needle not present as plaintext in this datafile
2026-09-11 09:35:28 INFO  manifest written to /Users/stefan.oehrli/Repos/own/oehrlis/oracle-free-labs/data/xchange/evidence/baseline/manifest.txt
2026-09-11 09:35:28 INFO  Done.
2026-09-11 09:35:28 INFO  collecting evidence for CANARY_PLAIN (control group)
2026-09-11 09:35:28 INFO  collecting evidence set 'baseline_plain' from odbencprod
2026-09-11 09:35:29 INFO  Starting tde_evidence.sh 0.1.0
2026-09-11 09:35:29 INFO  evidence set 'baseline_plain' -> /Users/stefan.oehrli/Repos/own/oehrlis/oracle-free-labs/data/xchange/evidence/baseline_plain
2026-09-11 09:35:29 INFO  collecting key chain evidence from odbencprod (CDB$ROOT)

Session altered.

========================================================================
== TDE key chain evidence snapshot =====================================
========================================================================
== Identity of this database ===========================================

CONTAINER	     DB_NAME	  DB_UNIQUE_NAME	 DBID CREATED	LOG_MODE     OPEN_MODE
-------------------- ------------ ---------------- ---------- --------- ------------ --------------------
CDB$ROOT	     FREE	  FREE		   1515732537 11-SEP-26 ARCHIVELOG   READ WRITE

1 row selected.

== Keystore state from v$encryption_wallet =============================

WRL_TYPE WRL_PARAMETER								STATUS		   WALLET_TYPE	   KEYSTORE CON_ID
-------- ---------------------------------------------------------------------- ------------------ --------------- -------- ------
FILE	 /opt/oracle/dbconfig/FREE/wallet/tde/					OPEN		   LOCAL_AUTOLOGIN NONE 	 1
FILE										OPEN		   LOCAL_AUTOLOGIN UNITED	 2
FILE										OPEN		   LOCAL_AUTOLOGIN UNITED	 4

3 rows selected.

== Master encryption keys from v$encryption_keys =======================

KEY_ID							 KEY_USE    KEYSTORE_TYPE  ORIGIN     BACKED_UP CREATION_TIME	       ACTIVATION_TIME
-------------------------------------------------------- ---------- -------------- ---------- --------- ---------------------- ----------------------
CREATOR_PDBNAME
--------------------------------------------------------------------------------------------------------------------------------
ACTIVATING_PDBNAME														 CON_ID
-------------------------------------------------------------------------------------------------------------------------------- ------
AfbcNSHAE0H8oa8yTTlGdNcAAAAAAAAAAAAAAAAAAAAAAAAAAAAA	 TDE IN PDB SOFTWARE KEYST LOCAL      YES	11.09.2026 07:32:53    11.09.2026 07:32:53
								    ORE
CDB$ROOT
CDB$ROOT															      1

AfUC3/VFkEu+oghTAX+EvjkAAAAAAAAAAAAAAAAAAAAAAAAAAAAA	 TDE IN PDB SOFTWARE KEYST LOCAL      NO	11.09.2026 07:32:57    11.09.2026 07:32:57
								    ORE
ODBENCPROD
ODBENCPROD															      4


2 rows selected.

== Tablespace key chain from v$encrypted_tablespaces ===================

TS_NAME 		    TS# ENCRYPTI ENC MASTERKEYID_HEX			KEY_VERSION STATUS	       ENCRYPTEDKEY_HEX 						  BLOCKS_ENCRYPTED BLOCKS_DECRYPTED CON_ID
-------------------- ---------- -------- --- ---------------------------------- ----------- ------------------ ------------------------------------------------------------------ ---------------- ---------------- ------
USERS			      6 AES256	 YES F502DFF545904BBEA20853017F84BE39		  1 NORMAL	       FF27143DE967554706317B6691C471226EA029147FF3E1905F29270F341846BC 	       372		  3	 4

1 row selected.

== Full v$encrypted_tablespaces row (version specific columns) =========

       TS# ENCRYPTI ENC ENCRYPTEDKEY							 MASTERKEYID			  BLOCKS_ENCRYPTED BLOCKS_DECRYPTED KEY_VERSION STATUS		   CIPHERMODE	 CON_ID
---------- -------- --- ---------------------------------------------------------------- -------------------------------- ---------------- ---------------- ----------- ------------------ ------------- ------
	 6 AES256   YES FF27143DE967554706317B6691C471226EA029147FF3E1905F29270F341846BC F502DFF545904BBEA20853017F84BE39	       372		  3	      1 NORMAL		   XTS		      4

1 row selected.

== Implicit database key for SYSTEM / UNDO / TEMP ======================

ENCRYPTI ENCRYPTEDKEY											  MASTERKEYID			   MAS CIPHERMODE    CON_ID
-------- ------------------------------------------------------------------------------------------------ -------------------------------- --- ------------- ------
AES256	 C57590ABF3E38E41CB7AD79BFC94BC66344AB2DF0C158ECB8608EC71708FBF1B00000000000000000000000000000000 F6DC3521C01341FCA1AF324D394674D7 YES XTS		  1
NONE	 000000000000000000000000000000000000000000000000000000000000000000000000000000000000000000000000 00000000000000000000000000000000 NO  CFB		  2
AES256	 C994595FF4121EB6743BC291E4499AC8823B0749B855ABC64F5931E93229467600000000000000000000000000000000 F502DFF545904BBEA20853017F84BE39 YES XTS		  4

3 rows selected.

== Datafiles of encrypted tablespaces ==================================

no rows selected

2026-09-11 09:35:29 INFO  collecting key chain evidence from odbencprod (PDB ODBENCPROD)

Session altered.


Session altered.

========================================================================
== TDE key chain evidence snapshot =====================================
========================================================================
== Identity of this database ===========================================

CONTAINER	     DB_NAME	  DB_UNIQUE_NAME	 DBID CREATED	LOG_MODE     OPEN_MODE
-------------------- ------------ ---------------- ---------- --------- ------------ --------------------
ODBENCPROD	     FREE	  FREE		   1515732537 11-SEP-26 ARCHIVELOG   READ WRITE

1 row selected.

== Keystore state from v$encryption_wallet =============================

WRL_TYPE WRL_PARAMETER								STATUS		   WALLET_TYPE	   KEYSTORE CON_ID
-------- ---------------------------------------------------------------------- ------------------ --------------- -------- ------
FILE										OPEN		   LOCAL_AUTOLOGIN UNITED	 4

1 row selected.

== Master encryption keys from v$encryption_keys =======================

KEY_ID							 KEY_USE    KEYSTORE_TYPE  ORIGIN     BACKED_UP CREATION_TIME	       ACTIVATION_TIME
-------------------------------------------------------- ---------- -------------- ---------- --------- ---------------------- ----------------------
CREATOR_PDBNAME
--------------------------------------------------------------------------------------------------------------------------------
ACTIVATING_PDBNAME														 CON_ID
-------------------------------------------------------------------------------------------------------------------------------- ------
AfUC3/VFkEu+oghTAX+EvjkAAAAAAAAAAAAAAAAAAAAAAAAAAAAA	 TDE IN PDB SOFTWARE KEYST LOCAL      NO	11.09.2026 07:32:57    11.09.2026 07:32:57
								    ORE
ODBENCPROD
ODBENCPROD															      4


1 row selected.

== Tablespace key chain from v$encrypted_tablespaces ===================

TS_NAME 		    TS# ENCRYPTI ENC MASTERKEYID_HEX			KEY_VERSION STATUS	       ENCRYPTEDKEY_HEX 						  BLOCKS_ENCRYPTED BLOCKS_DECRYPTED CON_ID
-------------------- ---------- -------- --- ---------------------------------- ----------- ------------------ ------------------------------------------------------------------ ---------------- ---------------- ------
USERS			      6 AES256	 YES F502DFF545904BBEA20853017F84BE39		  1 NORMAL	       FF27143DE967554706317B6691C471226EA029147FF3E1905F29270F341846BC 	       372		  3	 4

1 row selected.

== Full v$encrypted_tablespaces row (version specific columns) =========

       TS# ENCRYPTI ENC ENCRYPTEDKEY							 MASTERKEYID			  BLOCKS_ENCRYPTED BLOCKS_DECRYPTED KEY_VERSION STATUS		   CIPHERMODE	 CON_ID
---------- -------- --- ---------------------------------------------------------------- -------------------------------- ---------------- ---------------- ----------- ------------------ ------------- ------
	 6 AES256   YES FF27143DE967554706317B6691C471226EA029147FF3E1905F29270F341846BC F502DFF545904BBEA20853017F84BE39	       372		  3	      1 NORMAL		   XTS		      4

1 row selected.

== Implicit database key for SYSTEM / UNDO / TEMP ======================

ENCRYPTI ENCRYPTEDKEY											  MASTERKEYID			   MAS CIPHERMODE    CON_ID
-------- ------------------------------------------------------------------------------------------------ -------------------------------- --- ------------- ------
AES256	 C994595FF4121EB6743BC291E4499AC8823B0749B855ABC64F5931E93229467600000000000000000000000000000000 F502DFF545904BBEA20853017F84BE39 YES XTS		  4

1 row selected.

== Datafiles of encrypted tablespaces ==================================

TS_NAME 	     RELATIVE_FNO FILE_NAME								     BLOCKS BLOCK_SIZE	    BYTES
-------------------- ------------ ---------------------------------------------------------------------- ---------- ---------- ----------
USERS			     1024 /opt/oracle/oradata/FREE/5B31168468011059E063020013ACDA14/datafile/o1_       2560	  8192	 20971520
				  mf_users_ob7co9bt_.dbf


1 row selected.

2026-09-11 09:35:29 INFO  listing datafiles of tablespace CANARY_PLAIN in PDB ODBENCPROD
2026-09-11 09:35:29 INFO  found 1 datafile(s)
2026-09-11 09:35:29 INFO  fingerprinting o1_mf_canary_p_ob7csz16_.dbf (block size 8192)
wrote /Users/stefan.oehrli/Repos/own/oehrlis/oracle-free-labs/data/xchange/evidence/baseline_plain/o1_mf_canary_p_ob7csz16_.dbf.fp
2026-09-11 09:35:29 INFO  scanning o1_mf_canary_p_ob7csz16_.dbf for the clear-text marker
HITS: 313 (data is readable in the clear)
2026-09-11 09:35:30 INFO  manifest written to /Users/stefan.oehrli/Repos/own/oehrlis/oracle-free-labs/data/xchange/evidence/baseline_plain/manifest.txt
2026-09-11 09:35:30 INFO  Done.

========================================================================
== Read key values
========================================================================

========================================================================
== Dump datafile header (Oracle side)
========================================================================

Session altered.

========================================================================
== Oracle side file header dump =========================================
========================================================================
== Trace file for this session =========================================

TRACE_FILE
----------------------------------------------------------------------------------------------------
/opt/oracle/diag/rdbms/free/FREE/trace/FREE_ora_5381.trc

1 row selected.

== Dump all datafile headers (file_hdrs, level 10) =====================

Session altered.

== Dump block 1 of /opt/oracle/oradata/FREE/5B31168468011059E063020013ACDA14/datafile/o1_mf_users_ob7co9bt_.dbf

System altered.

== Trace file to collect ===============================================

TRACE_FILE
----------------------------------------------------------------------------------------------------
/opt/oracle/diag/rdbms/free/FREE/trace/FREE_ora_5381.trc

1 row selected.

Key summary for baseline:
  MASTERKEYID : F502DFF545904BBEA20853017F84BE39
  Wrapped TEK : FF27143DE967554706317B6691C471226EA029147FF3E1905F29270F341846BC
  Notes       : DBID=1515732537, set READ ONLY, evidence in /Users/stefan.oehrli/Repos/own/oehrlis/oracle-free-labs/data/xchange/evidence/baseline

------------------------------------------------------------------------
VERDICT: PASS - baseline collected, MASTERKEYID and TEK saved to state
------------------------------------------------------------------------
2026-09-11 09:35:31 INFO  Done.

========================================================================
  STEP 15: RMAN backup + stage source keystore
  Script: /Users/stefan.oehrli/Repos/own/oehrlis/oracle-free-labs/scripts/tde-verify/tests/15_backup.sh
  Time:   2026-09-11 09:35:31
========================================================================
2026-09-11 09:35:32 INFO  Starting 15_backup.sh 0.1.0

========================================================================
== Step 15: RMAN backup and keystore staging
========================================================================

========================================================================
== Prepare backup directory
========================================================================

========================================================================
== RMAN BACKUP DATABASE PLUS ARCHIVELOG
========================================================================

Recovery Manager: Release 23.26.3.0.0 - Production on Fri Sep 11 09:35:32 2026
Version 23.26.3.0.0

Copyright (c) 1982, 2026, Oracle and/or its affiliates.  All rights reserved.

connected to target database: FREE (DBID=1515732537)

RMAN> 

RMAN> CONFIGURE CONTROLFILE AUTOBACKUP ON;
using target database control file instead of recovery catalog
new RMAN configuration parameters:
CONFIGURE CONTROLFILE AUTOBACKUP ON;
new RMAN configuration parameters are successfully stored


RMAN> CONFIGURE CONTROLFILE AUTOBACKUP FORMAT FOR DEVICE TYPE DISK TO '/opt/oracle/xchange/backup/cf_%F';
new RMAN configuration parameters:
CONFIGURE CONTROLFILE AUTOBACKUP FORMAT FOR DEVICE TYPE DISK TO '/opt/oracle/xchange/backup/cf_%F';
new RMAN configuration parameters are successfully stored


RMAN> RUN {
2>   ALLOCATE CHANNEL c1 DEVICE TYPE DISK FORMAT '/opt/oracle/xchange/backup/%U';
3>   BACKUP DATABASE PLUS ARCHIVELOG;
4>   RELEASE CHANNEL c1;
5> }
allocated channel: c1
channel c1: SID=223 device type=DISK


Starting backup at 11-SEP-26
current log archived
channel c1: starting archived log backup set
channel c1: specifying archived log(s) in backup set
input archived log thread=1 sequence=1 RECID=1 STAMP=1243675972
input archived log thread=1 sequence=2 RECID=2 STAMP=1243675975
input archived log thread=1 sequence=3 RECID=3 STAMP=1243675976
input archived log thread=1 sequence=4 RECID=4 STAMP=1243676133
channel c1: starting piece 1 at 11-SEP-26
channel c1: finished piece 1 at 11-SEP-26
piece handle=/opt/oracle/xchange/backup/015qbvf5_1_1_1 tag=TAG20260911T093533 comment=NONE
channel c1: backup set complete, elapsed time: 00:00:01
Finished backup at 11-SEP-26

Starting backup at 11-SEP-26
channel c1: starting full datafile backup set
channel c1: specifying datafile(s) in backup set
input datafile file number=00001 name=/opt/oracle/oradata/FREE/system01.dbf
input datafile file number=00003 name=/opt/oracle/oradata/FREE/sysaux01.dbf
input datafile file number=00011 name=/opt/oracle/oradata/FREE/undotbs01.dbf
input datafile file number=00007 name=/opt/oracle/oradata/FREE/users01.dbf
channel c1: starting piece 1 at 11-SEP-26
channel c1: finished piece 1 at 11-SEP-26
piece handle=/opt/oracle/xchange/backup/026qbvf6_2_1_1 tag=TAG20260911T093534 comment=NONE
channel c1: backup set complete, elapsed time: 00:00:03
channel c1: starting full datafile backup set
channel c1: specifying datafile(s) in backup set
input datafile file number=00017 name=/opt/oracle/oradata/FREE/5B31168468011059E063020013ACDA14/datafile/o1_mf_sysaux_ob7cnlqx_.dbf
input datafile file number=00016 name=/opt/oracle/oradata/FREE/5B31168468011059E063020013ACDA14/datafile/o1_mf_system_ob7cnlqv_.dbf
input datafile file number=00018 name=/opt/oracle/oradata/FREE/5B31168468011059E063020013ACDA14/datafile/o1_mf_undotbs1_ob7cnlqx_.dbf
input datafile file number=00019 name=/opt/oracle/oradata/FREE/5B31168468011059E063020013ACDA14/datafile/o1_mf_audit_da_ob7cnocy_.dbf
input datafile file number=00020 name=/opt/oracle/oradata/FREE/5B31168468011059E063020013ACDA14/datafile/o1_mf_users_ob7co9bt_.dbf
input datafile file number=00021 name=/opt/oracle/oradata/FREE/5B31168468011059E063020013ACDA14/datafile/o1_mf_canary_p_ob7csz16_.dbf
channel c1: starting piece 1 at 11-SEP-26
channel c1: finished piece 1 at 11-SEP-26
piece handle=/opt/oracle/xchange/backup/03aqbvfa_3_1_1 tag=TAG20260911T093534 comment=NONE
channel c1: backup set complete, elapsed time: 00:00:01
channel c1: starting full datafile backup set
channel c1: specifying datafile(s) in backup set
input datafile file number=00004 name=/opt/oracle/oradata/FREE/pdbseed/sysaux01.dbf
input datafile file number=00002 name=/opt/oracle/oradata/FREE/pdbseed/system01.dbf
input datafile file number=00009 name=/opt/oracle/oradata/FREE/pdbseed/undotbs01.dbf
channel c1: starting piece 1 at 11-SEP-26
channel c1: finished piece 1 at 11-SEP-26
piece handle=/opt/oracle/xchange/backup/04bqbvfb_4_1_1 tag=TAG20260911T093534 comment=NONE
channel c1: backup set complete, elapsed time: 00:00:01
Finished backup at 11-SEP-26

Starting backup at 11-SEP-26
current log archived
channel c1: starting archived log backup set
channel c1: specifying archived log(s) in backup set
input archived log thread=1 sequence=5 RECID=5 STAMP=1243676140
channel c1: starting piece 1 at 11-SEP-26
channel c1: finished piece 1 at 11-SEP-26
piece handle=/opt/oracle/xchange/backup/05cqbvfc_5_1_1 tag=TAG20260911T093540 comment=NONE
channel c1: backup set complete, elapsed time: 00:00:01
Finished backup at 11-SEP-26

Starting Control File and SPFILE Autobackup at 11-SEP-26
piece handle=/opt/oracle/xchange/backup/cf_c-1515732537-20260911-00 comment=NONE
Finished Control File and SPFILE Autobackup at 11-SEP-26

released channel: c1


RMAN> EXIT


Recovery Manager complete.
2026-09-11 09:35:42 INFO  backup pieces in /opt/oracle/xchange/backup: 5, controlfile autobackups: 1

========================================================================
== Stage source keystore to /opt/oracle/xchange/wallet_prod
========================================================================
ewallet.p12 staged
total 8
drwxr-xr-x 3 oracle oinstall   96 Sep 11 09:35 .
drwxr-xr-x 4 oracle oinstall  128 Sep 11 09:35 ..
-rw------- 1 oracle oinstall 5091 Sep 11 09:35 ewallet.p12
2026-09-11 09:35:42 INFO  backup pieces on host: 6 file(s) in /Users/stefan.oehrli/Repos/own/oehrlis/oracle-free-labs/data/xchange/backup
2026-09-11 09:35:42 INFO  controlfile autobackup: cf_c-1515732537-20260911-00

Backup summary:
  DBID         : 1515732537
  Backup dir   : /opt/oracle/xchange/backup
  CF format    : /opt/oracle/xchange/backup/cf_%F
  Wallet staged: /opt/oracle/xchange/wallet_prod

------------------------------------------------------------------------
VERDICT: PASS - RMAN backup complete, source keystore staged
------------------------------------------------------------------------
2026-09-11 09:35:43 INFO  Done.

========================================================================
  STEP 20: Variant A: plain RESTORE with transported source keystore
  Script: /Users/stefan.oehrli/Repos/own/oehrlis/oracle-free-labs/scripts/tde-verify/tests/20_variant_a.sh
  Time:   2026-09-11 09:35:43
========================================================================
2026-09-11 09:35:43 INFO  Starting 20_variant_a.sh 0.1.0

========================================================================
== Step 20: Variant A - plain RESTORE with source keystore
========================================================================

========================================================================
== Reset odbencdev
========================================================================
2026-09-11 09:35:43 INFO  resetting service 'odbencdev' ...
 Container odbencdev Stopping 
 Container odbencdev Stopped 
 Container odbencdev Removing 
 Container odbencdev Removed 
 Network oracle-free-labs_default Removing 
 Network oracle-free-labs_default Resource is still in use 
2026-09-11 09:35:45 INFO  removing /Users/stefan.oehrli/Repos/own/oehrlis/oracle-free-labs/data/odbencdev
2026-09-11 09:35:45 INFO  restored tracked files under data/odbencdev
2026-09-11 09:35:45 INFO  service 'odbencdev' reset complete
2026-09-11 09:35:46 INFO  starting service 'odbencdev' ...
 Container odbencdev Creating 
 Container odbencdev Created 
 Container odbencdev Starting 
 Container odbencdev Started 
2026-09-11 09:35:46 INFO  waiting for odbencdev to be ready (timeout 600s) ...
2026-09-11 09:37:49 INFO  odbencdev is ready

========================================================================
== Clone via tde_clone.sh --variant a
========================================================================
2026-09-11 09:37:49 INFO  DBID: 1515732537
2026-09-11 09:37:50 INFO  Starting tde_clone.sh 0.1.0
2026-09-11 09:37:50 INFO  variant a: replacing the target keystore with the source keystore
2026-09-11 09:37:50 INFO  backing the target keystore up to /opt/oracle/xchange/wallet_dev_pristine
2026-09-11 09:37:50 INFO  backup verified, keystore file present and non-empty
2026-09-11 09:37:50 INFO  staging the source keystore into /opt/oracle/dbconfig/FREE/wallet
2026-09-11 09:37:50 INFO  shutting the target down and starting it NOMOUNT
Database closed.
Database dismounted.
ORACLE instance shut down.
ORACLE instance started.

Total System Global Area 1603392144 bytes
Fixed Size		    5026448 bytes
Variable Size		  419430400 bytes
Database Buffers	 1174405120 bytes
Redo Buffers		    4530176 bytes
2026-09-11 09:37:53 INFO  moving stale online redo logs to /opt/oracle/xchange/stale_redo_odbencdev
moved /opt/oracle/oradata/FREE/redo01.log
moved /opt/oracle/oradata/FREE/redo02.log
moved /opt/oracle/oradata/FREE/redo03.log
2026-09-11 09:37:54 INFO  restoring the source control file and mounting
2026-09-11 09:37:54 INFO  control file autobackup: cf_c-1515732537-20260911-00

Recovery Manager: Release 23.26.3.0.0 - Production on Fri Sep 11 09:37:54 2026
Version 23.26.3.0.0

Copyright (c) 1982, 2026, Oracle and/or its affiliates.  All rights reserved.

connected to target database: FREE (not mounted)

RMAN> 

RMAN> SET DBID 1515732537;
executing command: SET DBID


RMAN> RUN {
2>   ALLOCATE CHANNEL c1 DEVICE TYPE DISK;
3>   SET CONTROLFILE AUTOBACKUP FORMAT FOR DEVICE TYPE DISK TO '/opt/oracle/xchange/backup/cf_%F';
4>   RESTORE CONTROLFILE FROM '/opt/oracle/xchange/backup/cf_c-1515732537-20260911-00';
5>   ALTER DATABASE MOUNT;
6>   RELEASE CHANNEL c1;
7> }
using target database control file instead of recovery catalog
allocated channel: c1
channel c1: SID=162 device type=DISK

executing command: SET CONTROLFILE AUTOBACKUP FORMAT

Starting restore at 11-SEP-26

channel c1: restoring control file
channel c1: restore complete, elapsed time: 00:00:01
output file name=/opt/oracle/oradata/FREE/control01.ctl
output file name=/opt/oracle/oradata/FREE/control02.ctl
Finished restore at 11-SEP-26

Statement processed

released channel: c1


RMAN> EXIT


Recovery Manager complete.

Recovery Manager: Release 23.26.3.0.0 - Production on Fri Sep 11 09:37:56 2026
Version 23.26.3.0.0

Copyright (c) 1982, 2026, Oracle and/or its affiliates.  All rights reserved.

connected to target database: FREE (DBID=1515732537, not open)

RMAN> 

RMAN> CONFIGURE CONTROLFILE AUTOBACKUP FORMAT FOR DEVICE TYPE DISK TO '/opt/oracle/oradata/cf_target_%F';
using target database control file instead of recovery catalog
old RMAN configuration parameters:
CONFIGURE CONTROLFILE AUTOBACKUP FORMAT FOR DEVICE TYPE DISK TO '/opt/oracle/xchange/backup/cf_%F';
new RMAN configuration parameters:
CONFIGURE CONTROLFILE AUTOBACKUP FORMAT FOR DEVICE TYPE DISK TO '/opt/oracle/oradata/cf_target_%F';
new RMAN configuration parameters are successfully stored


RMAN> EXIT


Recovery Manager complete.
2026-09-11 09:37:57 INFO  opening the target keystore with the stored keystore password

    CON_ID STATUS	  WALLET_TYPE
---------- -------------- ----------------
	 1 OPEN 	  PASSWORD
2026-09-11 09:37:57 INFO  cataloging the backup pieces

Recovery Manager: Release 23.26.3.0.0 - Production on Fri Sep 11 09:37:57 2026
Version 23.26.3.0.0

Copyright (c) 1982, 2026, Oracle and/or its affiliates.  All rights reserved.

connected to target database: FREE (DBID=1515732537, not open)

RMAN> 

RMAN> RUN {
2>   ALLOCATE CHANNEL c1 DEVICE TYPE DISK;
3>   # No CATALOG: both containers see the exchange directory at the same path, so
4>   # the restored control file already knows the source pieces. Cataloging would
5>   # also pick up a previous clone's control file autobackup and its incarnation,
6>   # which makes recovery fail with ORA-19912.
7>   RELEASE CHANNEL c1;
8> }
using target database control file instead of recovery catalog
allocated channel: c1
channel c1: SID=4 device type=DISK

released channel: c1


RMAN> EXIT


Recovery Manager complete.
2026-09-11 09:37:58 INFO  restoring with: RESTORE DATABASE;
2026-09-11 09:37:58 INFO  recovery will stop before archived log sequence 6

Recovery Manager: Release 23.26.3.0.0 - Production on Fri Sep 11 09:37:58 2026
Version 23.26.3.0.0

Copyright (c) 1982, 2026, Oracle and/or its affiliates.  All rights reserved.

connected to target database: FREE (DBID=1515732537, not open)

RMAN> 

RMAN> RUN {
2>   ALLOCATE CHANNEL c1 DEVICE TYPE DISK;
3>   SET UNTIL SEQUENCE 6 THREAD 1;
4>   RESTORE DATABASE;
5>   RECOVER DATABASE;
6>   RELEASE CHANNEL c1;
7> }
using target database control file instead of recovery catalog
allocated channel: c1
channel c1: SID=38 device type=DISK

executing command: SET until clause (SEQUENCE)

Starting restore at 11-SEP-26

channel c1: starting datafile backup set restore
channel c1: specifying datafile(s) to restore from backup set
channel c1: restoring datafile 00001 to /opt/oracle/oradata/FREE/system01.dbf
channel c1: restoring datafile 00003 to /opt/oracle/oradata/FREE/sysaux01.dbf
channel c1: restoring datafile 00007 to /opt/oracle/oradata/FREE/users01.dbf
channel c1: restoring datafile 00011 to /opt/oracle/oradata/FREE/undotbs01.dbf
channel c1: reading from backup piece /opt/oracle/xchange/backup/026qbvf6_2_1_1
channel c1: piece handle=/opt/oracle/xchange/backup/026qbvf6_2_1_1 tag=TAG20260911T093534
channel c1: restored backup piece 1
channel c1: restore complete, elapsed time: 00:00:03
channel c1: starting datafile backup set restore
channel c1: specifying datafile(s) to restore from backup set
channel c1: restoring datafile 00016 to /opt/oracle/oradata/FREE/5B31168468011059E063020013ACDA14/datafile/o1_mf_system_ob7cnlqv_.dbf
channel c1: restoring datafile 00017 to /opt/oracle/oradata/FREE/5B31168468011059E063020013ACDA14/datafile/o1_mf_sysaux_ob7cnlqx_.dbf
channel c1: restoring datafile 00018 to /opt/oracle/oradata/FREE/5B31168468011059E063020013ACDA14/datafile/o1_mf_undotbs1_ob7cnlqx_.dbf
channel c1: restoring datafile 00019 to /opt/oracle/oradata/FREE/5B31168468011059E063020013ACDA14/datafile/o1_mf_audit_da_ob7cnocy_.dbf
channel c1: restoring datafile 00020 to /opt/oracle/oradata/FREE/5B31168468011059E063020013ACDA14/datafile/o1_mf_users_ob7co9bt_.dbf
channel c1: restoring datafile 00021 to /opt/oracle/oradata/FREE/5B31168468011059E063020013ACDA14/datafile/o1_mf_canary_p_ob7csz16_.dbf
channel c1: reading from backup piece /opt/oracle/xchange/backup/03aqbvfa_3_1_1
channel c1: piece handle=/opt/oracle/xchange/backup/03aqbvfa_3_1_1 tag=TAG20260911T093534
channel c1: restored backup piece 1
channel c1: restore complete, elapsed time: 00:00:03
channel c1: starting datafile backup set restore
channel c1: specifying datafile(s) to restore from backup set
channel c1: restoring datafile 00002 to /opt/oracle/oradata/FREE/pdbseed/system01.dbf
channel c1: restoring datafile 00004 to /opt/oracle/oradata/FREE/pdbseed/sysaux01.dbf
channel c1: restoring datafile 00009 to /opt/oracle/oradata/FREE/pdbseed/undotbs01.dbf
channel c1: reading from backup piece /opt/oracle/xchange/backup/04bqbvfb_4_1_1
channel c1: piece handle=/opt/oracle/xchange/backup/04bqbvfb_4_1_1 tag=TAG20260911T093534
channel c1: restored backup piece 1
channel c1: restore complete, elapsed time: 00:00:01
Finished restore at 11-SEP-26

Starting recover at 11-SEP-26
datafile 20 not processed because file is read-only
datafile 21 not processed because file is read-only

starting media recovery

channel c1: starting archived log restore to default destination
channel c1: restoring archived log
archived log thread=1 sequence=5
channel c1: reading from backup piece /opt/oracle/xchange/backup/05cqbvfc_5_1_1
channel c1: piece handle=/opt/oracle/xchange/backup/05cqbvfc_5_1_1 tag=TAG20260911T093540
channel c1: restored backup piece 1
channel c1: restore complete, elapsed time: 00:00:01
recovery status time_needed 2026-09-11 09:35:34
archived log file name=/opt/oracle/product/26ai/dbhomeFree/dbs/arch1_5_1243675897.dbf thread=1 sequence=5
media recovery complete, elapsed time: 00:00:00
Finished recover at 11-SEP-26

released channel: c1


RMAN> EXIT


Recovery Manager complete.
2026-09-11 09:38:07 INFO  opening the target with RESETLOGS

Database altered.


Pluggable database altered.


      DBID NAME      OPEN_MODE		  LOG_MODE
---------- --------- -------------------- ------------
1515732537 FREE      READ WRITE 	  ARCHIVELOG

2026-09-11 09:38:10 INFO  recreating the auto-login keystore on the target host

    CON_ID STATUS		WALLET_TYPE
---------- -------------------- ----------------
	 1 OPEN 		PASSWORD
	 2 CLOSED		UNKNOWN
	 4 OPEN 		PASSWORD
2026-09-11 09:38:10 INFO  target keystore open via local auto-login
2026-09-11 09:38:10 INFO  Done.

========================================================================
== Collect evidence set 'variant_a'
========================================================================
2026-09-11 09:38:10 INFO  collecting evidence set 'variant_a' from odbencdev
2026-09-11 09:38:10 INFO  Starting tde_evidence.sh 0.1.0
2026-09-11 09:38:10 INFO  evidence set 'variant_a' -> /Users/stefan.oehrli/Repos/own/oehrlis/oracle-free-labs/data/xchange/evidence/variant_a
2026-09-11 09:38:10 INFO  collecting key chain evidence from odbencdev (CDB$ROOT)

Session altered.

========================================================================
== TDE key chain evidence snapshot =====================================
========================================================================
== Identity of this database ===========================================

CONTAINER	     DB_NAME	  DB_UNIQUE_NAME	 DBID CREATED	LOG_MODE     OPEN_MODE
-------------------- ------------ ---------------- ---------- --------- ------------ --------------------
CDB$ROOT	     FREE	  FREE		   1515732537 11-SEP-26 ARCHIVELOG   READ WRITE

1 row selected.

== Keystore state from v$encryption_wallet =============================

WRL_TYPE WRL_PARAMETER								STATUS		   WALLET_TYPE	   KEYSTORE CON_ID
-------- ---------------------------------------------------------------------- ------------------ --------------- -------- ------
FILE	 /opt/oracle/dbconfig/FREE/wallet/tde/					OPEN		   PASSWORD	   NONE 	 1
FILE										CLOSED		   UNKNOWN	   UNITED	 2
FILE										OPEN		   PASSWORD	   UNITED	 4

3 rows selected.

== Master encryption keys from v$encryption_keys =======================

KEY_ID							 KEY_USE    KEYSTORE_TYPE  ORIGIN     BACKED_UP CREATION_TIME	       ACTIVATION_TIME
-------------------------------------------------------- ---------- -------------- ---------- --------- ---------------------- ----------------------
CREATOR_PDBNAME
--------------------------------------------------------------------------------------------------------------------------------
ACTIVATING_PDBNAME														 CON_ID
-------------------------------------------------------------------------------------------------------------------------------- ------
AfbcNSHAE0H8oa8yTTlGdNcAAAAAAAAAAAAAAAAAAAAAAAAAAAAA	 TDE IN PDB SOFTWARE KEYST LOCAL      YES	11.09.2026 07:32:53    11.09.2026 07:32:53
								    ORE
CDB$ROOT
CDB$ROOT															      1

AfUC3/VFkEu+oghTAX+EvjkAAAAAAAAAAAAAAAAAAAAAAAAAAAAA	 TDE IN PDB SOFTWARE KEYST LOCAL      NO	11.09.2026 07:32:57    11.09.2026 07:32:57
								    ORE
ODBENCPROD
ODBENCPROD															      4


2 rows selected.

== Tablespace key chain from v$encrypted_tablespaces ===================

TS_NAME 		    TS# ENCRYPTI ENC MASTERKEYID_HEX			KEY_VERSION STATUS	       ENCRYPTEDKEY_HEX 						  BLOCKS_ENCRYPTED BLOCKS_DECRYPTED CON_ID
-------------------- ---------- -------- --- ---------------------------------- ----------- ------------------ ------------------------------------------------------------------ ---------------- ---------------- ------
USERS			      6 AES256	 YES F502DFF545904BBEA20853017F84BE39		  1 NORMAL	       FF27143DE967554706317B6691C471226EA029147FF3E1905F29270F341846BC 		 0		  1	 4

1 row selected.

== Full v$encrypted_tablespaces row (version specific columns) =========

       TS# ENCRYPTI ENC ENCRYPTEDKEY							 MASTERKEYID			  BLOCKS_ENCRYPTED BLOCKS_DECRYPTED KEY_VERSION STATUS		   CIPHERMODE	 CON_ID
---------- -------- --- ---------------------------------------------------------------- -------------------------------- ---------------- ---------------- ----------- ------------------ ------------- ------
	 6 AES256   YES FF27143DE967554706317B6691C471226EA029147FF3E1905F29270F341846BC F502DFF545904BBEA20853017F84BE39		 0		  1	      1 NORMAL		   XTS		      4

1 row selected.

== Implicit database key for SYSTEM / UNDO / TEMP ======================

ENCRYPTI ENCRYPTEDKEY											  MASTERKEYID			   MAS CIPHERMODE    CON_ID
-------- ------------------------------------------------------------------------------------------------ -------------------------------- --- ------------- ------
AES256	 C57590ABF3E38E41CB7AD79BFC94BC66344AB2DF0C158ECB8608EC71708FBF1B00000000000000000000000000000000 F6DC3521C01341FCA1AF324D394674D7 YES XTS		  1
NONE	 000000000000000000000000000000000000000000000000000000000000000000000000000000000000000000000000 00000000000000000000000000000000 NO  CFB		  2
AES256	 C994595FF4121EB6743BC291E4499AC8823B0749B855ABC64F5931E93229467600000000000000000000000000000000 F502DFF545904BBEA20853017F84BE39 YES XTS		  4

3 rows selected.

== Datafiles of encrypted tablespaces ==================================

no rows selected

2026-09-11 09:38:10 INFO  collecting key chain evidence from odbencdev (PDB ODBENCPROD)

Session altered.


Session altered.

========================================================================
== TDE key chain evidence snapshot =====================================
========================================================================
== Identity of this database ===========================================

CONTAINER	     DB_NAME	  DB_UNIQUE_NAME	 DBID CREATED	LOG_MODE     OPEN_MODE
-------------------- ------------ ---------------- ---------- --------- ------------ --------------------
ODBENCPROD	     FREE	  FREE		   1515732537 11-SEP-26 ARCHIVELOG   READ WRITE

1 row selected.

== Keystore state from v$encryption_wallet =============================

WRL_TYPE WRL_PARAMETER								STATUS		   WALLET_TYPE	   KEYSTORE CON_ID
-------- ---------------------------------------------------------------------- ------------------ --------------- -------- ------
FILE										OPEN		   PASSWORD	   UNITED	 4

1 row selected.

== Master encryption keys from v$encryption_keys =======================

KEY_ID							 KEY_USE    KEYSTORE_TYPE  ORIGIN     BACKED_UP CREATION_TIME	       ACTIVATION_TIME
-------------------------------------------------------- ---------- -------------- ---------- --------- ---------------------- ----------------------
CREATOR_PDBNAME
--------------------------------------------------------------------------------------------------------------------------------
ACTIVATING_PDBNAME														 CON_ID
-------------------------------------------------------------------------------------------------------------------------------- ------
AfUC3/VFkEu+oghTAX+EvjkAAAAAAAAAAAAAAAAAAAAAAAAAAAAA	 TDE IN PDB SOFTWARE KEYST LOCAL      NO	11.09.2026 07:32:57    11.09.2026 07:32:57
								    ORE
ODBENCPROD
ODBENCPROD															      4


1 row selected.

== Tablespace key chain from v$encrypted_tablespaces ===================

TS_NAME 		    TS# ENCRYPTI ENC MASTERKEYID_HEX			KEY_VERSION STATUS	       ENCRYPTEDKEY_HEX 						  BLOCKS_ENCRYPTED BLOCKS_DECRYPTED CON_ID
-------------------- ---------- -------- --- ---------------------------------- ----------- ------------------ ------------------------------------------------------------------ ---------------- ---------------- ------
USERS			      6 AES256	 YES F502DFF545904BBEA20853017F84BE39		  1 NORMAL	       FF27143DE967554706317B6691C471226EA029147FF3E1905F29270F341846BC 		 0		  1	 4

1 row selected.

== Full v$encrypted_tablespaces row (version specific columns) =========

       TS# ENCRYPTI ENC ENCRYPTEDKEY							 MASTERKEYID			  BLOCKS_ENCRYPTED BLOCKS_DECRYPTED KEY_VERSION STATUS		   CIPHERMODE	 CON_ID
---------- -------- --- ---------------------------------------------------------------- -------------------------------- ---------------- ---------------- ----------- ------------------ ------------- ------
	 6 AES256   YES FF27143DE967554706317B6691C471226EA029147FF3E1905F29270F341846BC F502DFF545904BBEA20853017F84BE39		 0		  1	      1 NORMAL		   XTS		      4

1 row selected.

== Implicit database key for SYSTEM / UNDO / TEMP ======================

ENCRYPTI ENCRYPTEDKEY											  MASTERKEYID			   MAS CIPHERMODE    CON_ID
-------- ------------------------------------------------------------------------------------------------ -------------------------------- --- ------------- ------
AES256	 C994595FF4121EB6743BC291E4499AC8823B0749B855ABC64F5931E93229467600000000000000000000000000000000 F502DFF545904BBEA20853017F84BE39 YES XTS		  4

1 row selected.

== Datafiles of encrypted tablespaces ==================================

TS_NAME 	     RELATIVE_FNO FILE_NAME								     BLOCKS BLOCK_SIZE	    BYTES
-------------------- ------------ ---------------------------------------------------------------------- ---------- ---------- ----------
USERS			     1024 /opt/oracle/oradata/FREE/5B31168468011059E063020013ACDA14/datafile/o1_       2560	  8192	 20971520
				  mf_users_ob7co9bt_.dbf


1 row selected.

2026-09-11 09:38:11 INFO  listing datafiles of tablespace USERS in PDB ODBENCPROD
2026-09-11 09:38:11 INFO  found 1 datafile(s)
2026-09-11 09:38:11 INFO  fingerprinting o1_mf_users_ob7co9bt_.dbf (block size 8192)
wrote /Users/stefan.oehrli/Repos/own/oehrlis/oracle-free-labs/data/xchange/evidence/variant_a/o1_mf_users_ob7co9bt_.dbf.fp
2026-09-11 09:38:11 INFO  scanning o1_mf_users_ob7co9bt_.dbf for the clear-text marker
no hits - needle not present as plaintext in this datafile
2026-09-11 09:38:12 INFO  manifest written to /Users/stefan.oehrli/Repos/own/oehrlis/oracle-free-labs/data/xchange/evidence/variant_a/manifest.txt
2026-09-11 09:38:12 INFO  Done.

========================================================================
== Compare 'variant_a' vs 'baseline'
========================================================================
2026-09-11 09:38:12 INFO  comparing evidence sets 'baseline' vs 'variant_a'
2026-09-11 09:38:12 INFO  Starting tde_evidence.sh 0.1.0

== Block-level ciphertext comparison ==
A: baseline/o1_mf_users_ob7co9bt_.dbf.fp
B: variant_a/o1_mf_users_ob7co9bt_.dbf.fp
block_size A/B: 8192/8192
blocks compared: 2561
identical: 1271
differing: 1290
first differing blocks: [0, 1, 771, 772, 773, 774, 775, 788, 789, 790, 791, 796, 797, 798, 799, 812, 813, 814, 815, 828]
... and 1270 more
verdict: MIXED - 1290 of 2561 blocks changed; inspect which ranges differ before drawing a conclusion
2026-09-11 09:38:12 INFO  compared 1 datafile(s)
2026-09-11 09:38:12 INFO  Done.
canary blocks:   identical 313 differing 0 total 313
2026-09-11 09:38:14 INFO  clone DBID: 1515732537 (source: 1515732537)

Key summary for variant_a (clone):
  MASTERKEYID : F502DFF545904BBEA20853017F84BE39
  Wrapped TEK : FF27143DE967554706317B6691C471226EA029147FF3E1905F29270F341846BC

Key summary for baseline  (source):
  MASTERKEYID : F502DFF545904BBEA20853017F84BE39
  Wrapped TEK : FF27143DE967554706317B6691C471226EA029147FF3E1905F29270F341846BC

TEK comparison: IDENTICAL
MASTERKEYID:    IDENTICAL

------------------------------------------------------------------------
VERDICT: PASS - TEK IDENTICAL and canary ciphertext IDENTICAL (identical 313 differing 0 total 313) - pure re-wrap, no new TEK (expected for variant A)
------------------------------------------------------------------------
2026-09-11 09:38:14 INFO  Done.

========================================================================
  STEP 30: Variant B2: AS ENCRYPTED USING KEY without prod MEK
  Script: /Users/stefan.oehrli/Repos/own/oehrlis/oracle-free-labs/scripts/tde-verify/tests/30_variant_b2.sh
  Time:   2026-09-11 09:38:14
========================================================================
2026-09-11 09:38:14 INFO  Starting 30_variant_b2.sh 0.1.0

========================================================================
== Step 30: Variant B2 - AS ENCRYPTED without prod MEK
========================================================================

========================================================================
== Reset odbencdev
========================================================================
2026-09-11 09:38:14 INFO  resetting service 'odbencdev' ...
 Container odbencdev Stopping 
 Container odbencdev Stopped 
 Container odbencdev Removing 
 Container odbencdev Removed 
 Network oracle-free-labs_default Removing 
 Network oracle-free-labs_default Resource is still in use 
2026-09-11 09:38:17 INFO  removing /Users/stefan.oehrli/Repos/own/oehrlis/oracle-free-labs/data/odbencdev
2026-09-11 09:38:17 INFO  restored tracked files under data/odbencdev
2026-09-11 09:38:17 INFO  service 'odbencdev' reset complete
2026-09-11 09:38:17 INFO  starting service 'odbencdev' ...
 Container odbencdev Creating 
 Container odbencdev Created 
 Container odbencdev Starting 
 Container odbencdev Started 
2026-09-11 09:38:18 INFO  waiting for odbencdev to be ready (timeout 600s) ...
2026-09-11 09:40:21 INFO  odbencdev is ready

========================================================================
== Create dev-own MEK (no prod MEK)
========================================================================
2026-09-11 09:40:21 INFO  dev key ID: AcZiSc58Ek8ls/E9...

========================================================================
== Attempt RESTORE AS ENCRYPTED USING KEY (expected to fail)
========================================================================
2026-09-11 09:40:21 INFO  DBID: 1515732537, dev key: AcZiSc58Ek8ls/E9...
2026-09-11 09:40:21 INFO  Starting tde_clone.sh 0.1.0
2026-09-11 09:40:21 INFO  variant b2: target keystore holds only its own MEK, source MEK absent
2026-09-11 09:40:21 INFO  shutting the target down and starting it NOMOUNT
Database closed.
Database dismounted.
ORACLE instance shut down.
ORACLE instance started.

Total System Global Area 1603392144 bytes
Fixed Size		    5026448 bytes
Variable Size		  419430400 bytes
Database Buffers	 1174405120 bytes
Redo Buffers		    4530176 bytes
2026-09-11 09:40:24 INFO  moving stale online redo logs to /opt/oracle/xchange/stale_redo_odbencdev
moved /opt/oracle/oradata/FREE/redo01.log
moved /opt/oracle/oradata/FREE/redo02.log
moved /opt/oracle/oradata/FREE/redo03.log
2026-09-11 09:40:25 INFO  restoring the source control file and mounting
2026-09-11 09:40:25 INFO  control file autobackup: cf_c-1515732537-20260911-00

Recovery Manager: Release 23.26.3.0.0 - Production on Fri Sep 11 09:40:25 2026
Version 23.26.3.0.0

Copyright (c) 1982, 2026, Oracle and/or its affiliates.  All rights reserved.

connected to target database: FREE (not mounted)

RMAN> 

RMAN> SET DBID 1515732537;
executing command: SET DBID


RMAN> RUN {
2>   ALLOCATE CHANNEL c1 DEVICE TYPE DISK;
3>   SET CONTROLFILE AUTOBACKUP FORMAT FOR DEVICE TYPE DISK TO '/opt/oracle/xchange/backup/cf_%F';
4>   RESTORE CONTROLFILE FROM '/opt/oracle/xchange/backup/cf_c-1515732537-20260911-00';
5>   ALTER DATABASE MOUNT;
6>   RELEASE CHANNEL c1;
7> }
using target database control file instead of recovery catalog
allocated channel: c1
channel c1: SID=162 device type=DISK

executing command: SET CONTROLFILE AUTOBACKUP FORMAT

Starting restore at 11-SEP-26

channel c1: restoring control file
channel c1: restore complete, elapsed time: 00:00:01
output file name=/opt/oracle/oradata/FREE/control01.ctl
output file name=/opt/oracle/oradata/FREE/control02.ctl
Finished restore at 11-SEP-26

Statement processed

released channel: c1


RMAN> EXIT


Recovery Manager complete.

Recovery Manager: Release 23.26.3.0.0 - Production on Fri Sep 11 09:40:27 2026
Version 23.26.3.0.0

Copyright (c) 1982, 2026, Oracle and/or its affiliates.  All rights reserved.

connected to target database: FREE (DBID=1515732537, not open)

RMAN> 

RMAN> CONFIGURE CONTROLFILE AUTOBACKUP FORMAT FOR DEVICE TYPE DISK TO '/opt/oracle/oradata/cf_target_%F';
using target database control file instead of recovery catalog
old RMAN configuration parameters:
CONFIGURE CONTROLFILE AUTOBACKUP FORMAT FOR DEVICE TYPE DISK TO '/opt/oracle/xchange/backup/cf_%F';
new RMAN configuration parameters:
CONFIGURE CONTROLFILE AUTOBACKUP FORMAT FOR DEVICE TYPE DISK TO '/opt/oracle/oradata/cf_target_%F';
new RMAN configuration parameters are successfully stored


RMAN> EXIT


Recovery Manager complete.
2026-09-11 09:40:27 INFO  opening the target keystore with the stored keystore password

    CON_ID STATUS	  WALLET_TYPE
---------- -------------- ----------------
	 1 OPEN 	  PASSWORD
2026-09-11 09:40:28 INFO  cataloging the backup pieces

Recovery Manager: Release 23.26.3.0.0 - Production on Fri Sep 11 09:40:28 2026
Version 23.26.3.0.0

Copyright (c) 1982, 2026, Oracle and/or its affiliates.  All rights reserved.

connected to target database: FREE (DBID=1515732537, not open)

RMAN> 

RMAN> RUN {
2>   ALLOCATE CHANNEL c1 DEVICE TYPE DISK;
3>   # No CATALOG: both containers see the exchange directory at the same path, so
4>   # the restored control file already knows the source pieces. Cataloging would
5>   # also pick up a previous clone's control file autobackup and its incarnation,
6>   # which makes recovery fail with ORA-19912.
7>   RELEASE CHANNEL c1;
8> }
using target database control file instead of recovery catalog
allocated channel: c1
channel c1: SID=4 device type=DISK

released channel: c1


RMAN> EXIT


Recovery Manager complete.
2026-09-11 09:40:29 INFO  restoring with: RESTORE DATABASE AS ENCRYPTED USING KEY 'AcZiSc58Ek8ls/E9GqvFGeMAAAAAAAAAAAAAAAAAAAAAAAAAAAAA';
2026-09-11 09:40:29 INFO  recovery will stop before archived log sequence 6

Recovery Manager: Release 23.26.3.0.0 - Production on Fri Sep 11 09:40:29 2026
Version 23.26.3.0.0

Copyright (c) 1982, 2026, Oracle and/or its affiliates.  All rights reserved.

connected to target database: FREE (DBID=1515732537, not open)

RMAN> 

RMAN> RUN {
2>   ALLOCATE CHANNEL c1 DEVICE TYPE DISK;
3>   SET UNTIL SEQUENCE 6 THREAD 1;
4>   RESTORE DATABASE AS ENCRYPTED USING KEY 'AcZiSc58Ek8ls/E9GqvFGeMAAAAAAAAAAAAAAAAAAAAAAAAAAAAA';
5>   RECOVER DATABASE;
6>   RELEASE CHANNEL c1;
7> }
using target database control file instead of recovery catalog
allocated channel: c1
channel c1: SID=38 device type=DISK

executing command: SET until clause (SEQUENCE)

Starting restore at 11-SEP-26

channel c1: starting datafile backup set restore
channel c1: specifying datafile(s) to restore from backup set
channel c1: restoring datafile 00001 to /opt/oracle/oradata/FREE/system01.dbf
channel c1: restoring datafile 00003 to /opt/oracle/oradata/FREE/sysaux01.dbf
channel c1: restoring datafile 00007 to /opt/oracle/oradata/FREE/users01.dbf
channel c1: restoring datafile 00011 to /opt/oracle/oradata/FREE/undotbs01.dbf
channel c1: reading from backup piece /opt/oracle/xchange/backup/026qbvf6_2_1_1
RMAN Command Id : 2026-09-11T09:40:29
RMAN Command Id : 2026-09-11T09:40:29
released channel: c1
RMAN-00571: ===========================================================
RMAN-00569: =============== ERROR MESSAGE STACK FOLLOWS ===============
RMAN-00571: ===========================================================
RMAN-03002: failure of restore command at 09/11/2026 09:40:31
ORA-19870: error while restoring backup piece /opt/oracle/xchange/backup/026qbvf6_2_1_1
ORA-28374: typed master key not found in wallet
RMAN Client Diagnostic Trace file : /opt/oracle/diag/clients/user_oracle/RMAN_2145370381_116/trace/ora_rman_5191_0.trc
RMAN Server Diagnostic Trace file : /opt/oracle/diag/rdbms/free/FREE/trace/FREE_ora_5208.trc
RMAN Server Diagnostic Trace file : /opt/oracle/diag/rdbms/free/FREE/trace/FREE_ora_5202.trc


RMAN> EXIT


Recovery Manager complete.

========================================================================
== Result
========================================================================

------------------------------------------------------------------------
VERDICT: PASS - RMAN failed as expected (exit 1): ORA-19870/ORA-28374 without prod MEK
------------------------------------------------------------------------
2026-09-11 09:40:31 INFO  Done.

========================================================================
  STEP 35: Variant B1: AS ENCRYPTED USING KEY with prod MEK
  Script: /Users/stefan.oehrli/Repos/own/oehrlis/oracle-free-labs/scripts/tde-verify/tests/35_variant_b1.sh
  Time:   2026-09-11 09:40:31
========================================================================
2026-09-11 09:40:31 INFO  Starting 35_variant_b1.sh 0.1.0

========================================================================
== Step 35: Variant B1 - AS ENCRYPTED with prod MEK + new dev MEK
========================================================================

========================================================================
== Reset odbencdev
========================================================================
2026-09-11 09:40:31 INFO  resetting service 'odbencdev' ...
 Container odbencdev Stopping 
 Container odbencdev Stopped 
 Container odbencdev Removing 
 Container odbencdev Removed 
 Network oracle-free-labs_default Removing 
 Network oracle-free-labs_default Resource is still in use 
2026-09-11 09:40:33 INFO  removing /Users/stefan.oehrli/Repos/own/oehrlis/oracle-free-labs/data/odbencdev
2026-09-11 09:40:33 INFO  restored tracked files under data/odbencdev
2026-09-11 09:40:33 INFO  service 'odbencdev' reset complete
2026-09-11 09:40:33 INFO  starting service 'odbencdev' ...
 Container odbencdev Creating 
 Container odbencdev Created 
 Container odbencdev Starting 
 Container odbencdev Started 
2026-09-11 09:40:33 INFO  waiting for odbencdev to be ready (timeout 600s) ...
2026-09-11 09:42:37 INFO  odbencdev is ready

========================================================================
== Attempt RESTORE AS ENCRYPTED USING KEY (prod MEK present)
========================================================================
2026-09-11 09:42:37 INFO  DBID: 1515732537
2026-09-11 09:42:37 INFO  Starting tde_clone.sh 0.1.0
2026-09-11 09:42:37 ERROR --key is required for variant b1

========================================================================
== Result
========================================================================

------------------------------------------------------------------------
VERDICT: PASS - RMAN failed as expected (exit 1): ORA-00600 on encrypted source datafile
------------------------------------------------------------------------
2026-09-11 09:42:37 INFO  Done.

========================================================================
  STEP 40: Variant C: DUPLICATE ... AS ENCRYPTED
  Script: /Users/stefan.oehrli/Repos/own/oehrlis/oracle-free-labs/scripts/tde-verify/tests/40_variant_c.sh
  Time:   2026-09-11 09:42:37
========================================================================
2026-09-11 09:42:37 INFO  Starting 40_variant_c.sh 0.1.0

========================================================================
== Step 40: Variant C - DUPLICATE ... AS ENCRYPTED
========================================================================

========================================================================
== Reset odbencdev (required for DUPLICATE)
========================================================================
2026-09-11 09:42:37 INFO  resetting service 'odbencdev' ...
 Container odbencdev Stopping 
 Container odbencdev Stopped 
 Container odbencdev Removing 
 Container odbencdev Removed 
 Network oracle-free-labs_default Removing 
 Network oracle-free-labs_default Resource is still in use 
2026-09-11 09:42:40 INFO  removing /Users/stefan.oehrli/Repos/own/oehrlis/oracle-free-labs/data/odbencdev
2026-09-11 09:42:40 INFO  restored tracked files under data/odbencdev
2026-09-11 09:42:40 INFO  service 'odbencdev' reset complete
2026-09-11 09:42:40 INFO  starting service 'odbencdev' ...
 Container odbencdev Creating 
 Container odbencdev Created 
 Container odbencdev Starting 
 Container odbencdev Started 
2026-09-11 09:42:41 INFO  waiting for odbencdev to be ready (timeout 600s) ...
2026-09-11 09:44:44 INFO  odbencdev is ready

========================================================================
== DUPLICATE DATABASE ... AS ENCRYPTED
========================================================================
2026-09-11 09:44:44 INFO  DBID: 1515732537
2026-09-11 09:44:44 INFO  Starting tde_clone.sh 0.1.0
2026-09-11 09:44:44 INFO  variant c: staging the source keystore on the auxiliary
2026-09-11 09:44:45 INFO  recreating the auto-login keystore on the target host

    CON_ID STATUS		WALLET_TYPE
---------- -------------------- ----------------
	 1 OPEN 		LOCAL_AUTOLOGIN
	 2 OPEN 		LOCAL_AUTOLOGIN
	 3 OPEN_NO_MASTER_KEY	LOCAL_AUTOLOGIN
2026-09-11 09:44:45 INFO  target keystore open via local auto-login
2026-09-11 09:44:45 INFO  shutting the auxiliary down and starting it NOMOUNT
Database closed.
Database dismounted.
ORACLE instance shut down.
ORACLE instance started.

Total System Global Area 1603392144 bytes
Fixed Size		    5026448 bytes
Variable Size		  419430400 bytes
Database Buffers	 1174405120 bytes
Redo Buffers		    4530176 bytes

STATUS
------------
STARTED

2026-09-11 09:44:48 INFO  moving stale online redo logs to /opt/oracle/xchange/stale_redo_odbencdev
moved /opt/oracle/oradata/FREE/redo01.log
moved /opt/oracle/oradata/FREE/redo02.log
moved /opt/oracle/oradata/FREE/redo03.log
2026-09-11 09:44:48 INFO  DUPLICATE DATABASE ... BACKUP LOCATION ... AS ENCRYPTED

Recovery Manager: Release 23.26.3.0.0 - Production on Fri Sep 11 09:44:48 2026
Version 23.26.3.0.0

Copyright (c) 1982, 2026, Oracle and/or its affiliates.  All rights reserved.

RMAN> 

RMAN> connect auxiliary *
connected to auxiliary database: FREE (not mounted)

RMAN> DUPLICATE DATABASE TO FREE
2>   BACKUP LOCATION '/opt/oracle/xchange/backup'
3>   NOFILENAMECHECK
4>   AS ENCRYPTED;
Starting Duplicate Db at 11-SEP-26
Starting Search Files at 11-SEP-26
Finished Search Files at 11-SEP-26
searching for database ID
found backup of database ID 1515732537

contents of Memory Script:
{
   sql clone "alter system set  db_name = 
 ''FREE'' comment=
 ''Modified by RMAN duplicate'' scope=spfile";
   sql clone "alter system set  db_unique_name = 
 ''FREE'' comment=
 ''Modified by RMAN duplicate'' scope=spfile";
   shutdown clone immediate;
   startup clone force nomount
   restore clone primary controlfile from  '/opt/oracle/xchange/backup/cf_c-1515732537-20260911-00';
   alter clone database mount;
}
executing Memory Script

sql statement: alter system set  db_name =  ''FREE'' comment= ''Modified by RMAN duplicate'' scope=spfile

sql statement: alter system set  db_unique_name =  ''FREE'' comment= ''Modified by RMAN duplicate'' scope=spfile

Oracle instance shut down

Oracle instance started

Total System Global Area    1603392144 bytes

Fixed Size                     5026448 bytes
Variable Size                419430400 bytes
Database Buffers            1174405120 bytes
Redo Buffers                   4530176 bytes

Starting restore at 11-SEP-26
allocated channel: ORA_AUX_DISK_1
channel ORA_AUX_DISK_1: SID=40 device type=DISK

channel ORA_AUX_DISK_1: restoring control file
channel ORA_AUX_DISK_1: restore complete, elapsed time: 00:00:01
output file name=/opt/oracle/oradata/FREE/control01.ctl
output file name=/opt/oracle/oradata/FREE/control02.ctl
Finished restore at 11-SEP-26

database mounted
released channel: ORA_AUX_DISK_1
Starting Search Files at 11-SEP-26
Finished Search Files at 11-SEP-26
allocated channel: ORA_AUX_DISK_1
channel ORA_AUX_DISK_1: SID=40 device type=DISK
RMAN-05158: WARNING: auxiliary (logfile) file name /opt/oracle/oradata/FREE/redo01.log conflicts with a file used by the target database
RMAN-05158: WARNING: auxiliary (logfile) file name /opt/oracle/oradata/FREE/redo02.log conflicts with a file used by the target database
RMAN-05158: WARNING: auxiliary (logfile) file name /opt/oracle/oradata/FREE/redo03.log conflicts with a file used by the target database
RMAN-05158: WARNING: auxiliary (datafile) file name /opt/oracle/oradata/FREE/system01.dbf conflicts with a file used by the target database
RMAN-05158: WARNING: auxiliary (datafile) file name /opt/oracle/oradata/FREE/pdbseed/system01.dbf conflicts with a file used by the target database
RMAN-05158: WARNING: auxiliary (datafile) file name /opt/oracle/oradata/FREE/sysaux01.dbf conflicts with a file used by the target database
RMAN-05158: WARNING: auxiliary (datafile) file name /opt/oracle/oradata/FREE/pdbseed/sysaux01.dbf conflicts with a file used by the target database
RMAN-05158: WARNING: auxiliary (datafile) file name /opt/oracle/oradata/FREE/users01.dbf conflicts with a file used by the target database
RMAN-05158: WARNING: auxiliary (datafile) file name /opt/oracle/oradata/FREE/pdbseed/undotbs01.dbf conflicts with a file used by the target database
RMAN-05158: WARNING: auxiliary (datafile) file name /opt/oracle/oradata/FREE/undotbs01.dbf conflicts with a file used by the target database
RMAN-05158: WARNING: auxiliary (datafile) file name /opt/oracle/oradata/FREE/5B31168468011059E063020013ACDA14/datafile/o1_mf_system_ob7cnlqv_.dbf conflicts with a file used by the target database
RMAN-05158: WARNING: auxiliary (datafile) file name /opt/oracle/oradata/FREE/5B31168468011059E063020013ACDA14/datafile/o1_mf_sysaux_ob7cnlqx_.dbf conflicts with a file used by the target database
RMAN-05158: WARNING: auxiliary (datafile) file name /opt/oracle/oradata/FREE/5B31168468011059E063020013ACDA14/datafile/o1_mf_undotbs1_ob7cnlqx_.dbf conflicts with a file used by the target database
RMAN-05158: WARNING: auxiliary (datafile) file name /opt/oracle/oradata/FREE/5B31168468011059E063020013ACDA14/datafile/o1_mf_audit_da_ob7cnocy_.dbf conflicts with a file used by the target database
RMAN-05158: WARNING: auxiliary (datafile) file name /opt/oracle/oradata/FREE/5B31168468011059E063020013ACDA14/datafile/o1_mf_users_ob7co9bt_.dbf conflicts with a file used by the target database
RMAN-05158: WARNING: auxiliary (datafile) file name /opt/oracle/oradata/FREE/5B31168468011059E063020013ACDA14/datafile/o1_mf_canary_p_ob7csz16_.dbf conflicts with a file used by the target database
RMAN-05158: WARNING: auxiliary (tempfile) file name /opt/oracle/oradata/FREE/temp01.dbf conflicts with a file used by the target database
RMAN-05158: WARNING: auxiliary (tempfile) file name /opt/oracle/oradata/FREE/pdbseed/temp01.dbf conflicts with a file used by the target database
RMAN-05158: WARNING: auxiliary (tempfile) file name /opt/oracle/oradata/FREE/5B31168468011059E063020013ACDA14/datafile/o1_mf_temp_ob7cnlqx_.dbf conflicts with a file used by the target database

contents of Memory Script:
{
   set until scn  3970995;
   set newname for datafile  1 to 
 "/opt/oracle/oradata/FREE/system01.dbf";
   set newname for datafile  2 to 
 "/opt/oracle/oradata/FREE/pdbseed/system01.dbf";
   set newname for datafile  3 to 
 "/opt/oracle/oradata/FREE/sysaux01.dbf";
   set newname for datafile  4 to 
 "/opt/oracle/oradata/FREE/pdbseed/sysaux01.dbf";
   set newname for datafile  7 to 
 "/opt/oracle/oradata/FREE/users01.dbf";
   set newname for datafile  9 to 
 "/opt/oracle/oradata/FREE/pdbseed/undotbs01.dbf";
   set newname for datafile  11 to 
 "/opt/oracle/oradata/FREE/undotbs01.dbf";
   set newname for datafile  16 to 
 "/opt/oracle/oradata/FREE/5B31168468011059E063020013ACDA14/datafile/o1_mf_system_ob7cnlqv_.dbf";
   set newname for datafile  17 to 
 "/opt/oracle/oradata/FREE/5B31168468011059E063020013ACDA14/datafile/o1_mf_sysaux_ob7cnlqx_.dbf";
   set newname for datafile  18 to 
 "/opt/oracle/oradata/FREE/5B31168468011059E063020013ACDA14/datafile/o1_mf_undotbs1_ob7cnlqx_.dbf";
   set newname for datafile  19 to 
 "/opt/oracle/oradata/FREE/5B31168468011059E063020013ACDA14/datafile/o1_mf_audit_da_ob7cnocy_.dbf";
   set newname for datafile  20 to 
 "/opt/oracle/oradata/FREE/5B31168468011059E063020013ACDA14/datafile/o1_mf_users_ob7co9bt_.dbf";
   set newname for datafile  21 to 
 "/opt/oracle/oradata/FREE/5B31168468011059E063020013ACDA14/datafile/o1_mf_canary_p_ob7csz16_.dbf";
   restore
   as encrypted 
   clone database
   ;
}
executing Memory Script

executing command: SET until clause (SCN)

executing command: SET NEWNAME

executing command: SET NEWNAME

executing command: SET NEWNAME

executing command: SET NEWNAME

executing command: SET NEWNAME

executing command: SET NEWNAME

executing command: SET NEWNAME

executing command: SET NEWNAME

executing command: SET NEWNAME

executing command: SET NEWNAME

executing command: SET NEWNAME

executing command: SET NEWNAME

executing command: SET NEWNAME

Starting restore at 11-SEP-26
using channel ORA_AUX_DISK_1

channel ORA_AUX_DISK_1: starting datafile backup set restore
channel ORA_AUX_DISK_1: specifying datafile(s) to restore from backup set
channel ORA_AUX_DISK_1: restoring datafile 00001 to /opt/oracle/oradata/FREE/system01.dbf
channel ORA_AUX_DISK_1: restoring datafile 00003 to /opt/oracle/oradata/FREE/sysaux01.dbf
channel ORA_AUX_DISK_1: restoring datafile 00007 to /opt/oracle/oradata/FREE/users01.dbf
channel ORA_AUX_DISK_1: restoring datafile 00011 to /opt/oracle/oradata/FREE/undotbs01.dbf
channel ORA_AUX_DISK_1: reading from backup piece /opt/oracle/xchange/backup/026qbvf6_2_1_1
channel ORA_AUX_DISK_1: piece handle=/opt/oracle/xchange/backup/026qbvf6_2_1_1 tag=TAG20260911T093534
channel ORA_AUX_DISK_1: restored backup piece 1
channel ORA_AUX_DISK_1: restore complete, elapsed time: 00:00:03
channel ORA_AUX_DISK_1: starting datafile backup set restore
channel ORA_AUX_DISK_1: specifying datafile(s) to restore from backup set
channel ORA_AUX_DISK_1: restoring datafile 00002 to /opt/oracle/oradata/FREE/pdbseed/system01.dbf
channel ORA_AUX_DISK_1: restoring datafile 00004 to /opt/oracle/oradata/FREE/pdbseed/sysaux01.dbf
channel ORA_AUX_DISK_1: restoring datafile 00009 to /opt/oracle/oradata/FREE/pdbseed/undotbs01.dbf
channel ORA_AUX_DISK_1: reading from backup piece /opt/oracle/xchange/backup/04bqbvfb_4_1_1
channel ORA_AUX_DISK_1: piece handle=/opt/oracle/xchange/backup/04bqbvfb_4_1_1 tag=TAG20260911T093534
channel ORA_AUX_DISK_1: restored backup piece 1
channel ORA_AUX_DISK_1: restore complete, elapsed time: 00:00:01
channel ORA_AUX_DISK_1: starting datafile backup set restore
channel ORA_AUX_DISK_1: specifying datafile(s) to restore from backup set
channel ORA_AUX_DISK_1: restoring datafile 00016 to /opt/oracle/oradata/FREE/5B31168468011059E063020013ACDA14/datafile/o1_mf_system_ob7cnlqv_.dbf
channel ORA_AUX_DISK_1: restoring datafile 00017 to /opt/oracle/oradata/FREE/5B31168468011059E063020013ACDA14/datafile/o1_mf_sysaux_ob7cnlqx_.dbf
channel ORA_AUX_DISK_1: restoring datafile 00018 to /opt/oracle/oradata/FREE/5B31168468011059E063020013ACDA14/datafile/o1_mf_undotbs1_ob7cnlqx_.dbf
channel ORA_AUX_DISK_1: restoring datafile 00019 to /opt/oracle/oradata/FREE/5B31168468011059E063020013ACDA14/datafile/o1_mf_audit_da_ob7cnocy_.dbf
channel ORA_AUX_DISK_1: restoring datafile 00020 to /opt/oracle/oradata/FREE/5B31168468011059E063020013ACDA14/datafile/o1_mf_users_ob7co9bt_.dbf
channel ORA_AUX_DISK_1: restoring datafile 00021 to /opt/oracle/oradata/FREE/5B31168468011059E063020013ACDA14/datafile/o1_mf_canary_p_ob7csz16_.dbf
channel ORA_AUX_DISK_1: reading from backup piece /opt/oracle/xchange/backup/03aqbvfa_3_1_1
channel ORA_AUX_DISK_1: piece handle=/opt/oracle/xchange/backup/03aqbvfa_3_1_1 tag=TAG20260911T093534
channel ORA_AUX_DISK_1: restored backup piece 1
channel ORA_AUX_DISK_1: restore complete, elapsed time: 00:00:03
Finished restore at 11-SEP-26

contents of Memory Script:
{
   switch clone datafile all;
}
executing Memory Script

datafile 1 switched to datafile copy
input datafile copy RECID=1 STAMP=1243676699 file name=/opt/oracle/oradata/FREE/system01.dbf
datafile 2 switched to datafile copy
input datafile copy RECID=2 STAMP=1243676699 file name=/opt/oracle/oradata/FREE/pdbseed/system01.dbf
datafile 3 switched to datafile copy
input datafile copy RECID=3 STAMP=1243676699 file name=/opt/oracle/oradata/FREE/sysaux01.dbf
datafile 4 switched to datafile copy
input datafile copy RECID=4 STAMP=1243676699 file name=/opt/oracle/oradata/FREE/pdbseed/sysaux01.dbf
datafile 7 switched to datafile copy
input datafile copy RECID=5 STAMP=1243676699 file name=/opt/oracle/oradata/FREE/users01.dbf
datafile 9 switched to datafile copy
input datafile copy RECID=6 STAMP=1243676699 file name=/opt/oracle/oradata/FREE/pdbseed/undotbs01.dbf
datafile 11 switched to datafile copy
input datafile copy RECID=7 STAMP=1243676699 file name=/opt/oracle/oradata/FREE/undotbs01.dbf
datafile 16 switched to datafile copy
input datafile copy RECID=8 STAMP=1243676699 file name=/opt/oracle/oradata/FREE/5B31168468011059E063020013ACDA14/datafile/o1_mf_system_ob7cnlqv_.dbf
datafile 17 switched to datafile copy
input datafile copy RECID=9 STAMP=1243676699 file name=/opt/oracle/oradata/FREE/5B31168468011059E063020013ACDA14/datafile/o1_mf_sysaux_ob7cnlqx_.dbf
datafile 18 switched to datafile copy
input datafile copy RECID=10 STAMP=1243676699 file name=/opt/oracle/oradata/FREE/5B31168468011059E063020013ACDA14/datafile/o1_mf_undotbs1_ob7cnlqx_.dbf
datafile 19 switched to datafile copy
input datafile copy RECID=11 STAMP=1243676699 file name=/opt/oracle/oradata/FREE/5B31168468011059E063020013ACDA14/datafile/o1_mf_audit_da_ob7cnocy_.dbf
datafile 20 switched to datafile copy
input datafile copy RECID=12 STAMP=1243676699 file name=/opt/oracle/oradata/FREE/5B31168468011059E063020013ACDA14/datafile/o1_mf_users_ob7co9bt_.dbf
datafile 21 switched to datafile copy
input datafile copy RECID=13 STAMP=1243676699 file name=/opt/oracle/oradata/FREE/5B31168468011059E063020013ACDA14/datafile/o1_mf_canary_p_ob7csz16_.dbf

contents of Memory Script:
{
   set until scn  3970995;
   recover
   clone database
    delete archivelog
   ;
}
executing Memory Script

executing command: SET until clause (SCN)

Starting recover at 11-SEP-26
using channel ORA_AUX_DISK_1
datafile 20 not processed because file is read-only
datafile 21 not processed because file is read-only

starting media recovery

channel ORA_AUX_DISK_1: starting archived log restore to default destination
channel ORA_AUX_DISK_1: restoring archived log
archived log thread=1 sequence=5
channel ORA_AUX_DISK_1: reading from backup piece /opt/oracle/xchange/backup/05cqbvfc_5_1_1
channel ORA_AUX_DISK_1: piece handle=/opt/oracle/xchange/backup/05cqbvfc_5_1_1 tag=TAG20260911T093540
channel ORA_AUX_DISK_1: restored backup piece 1
channel ORA_AUX_DISK_1: restore complete, elapsed time: 00:00:01
recovery status time_needed 2026-09-11 09:35:34
archived log file name=/opt/oracle/product/26ai/dbhomeFree/dbs/arch1_5_1243675897.dbf thread=1 sequence=5
channel ORA_AUX_DISK_1: deleting archived log(s)
archived log file name=/opt/oracle/product/26ai/dbhomeFree/dbs/arch1_5_1243675897.dbf RECID=1 STAMP=1243676700
media recovery complete, elapsed time: 00:00:00
Finished recover at 11-SEP-26
Oracle instance started

Total System Global Area    1603392144 bytes

Fixed Size                     5026448 bytes
Variable Size                419430400 bytes
Database Buffers            1174405120 bytes
Redo Buffers                   4530176 bytes

contents of Memory Script:
{
   sql clone "alter system set  db_name = 
 ''FREE'' comment=
 ''Reset to original value by RMAN'' scope=spfile";
   sql clone "alter system reset  db_unique_name scope=spfile";
}
executing Memory Script

sql statement: alter system set  db_name =  ''FREE'' comment= ''Reset to original value by RMAN'' scope=spfile

sql statement: alter system reset  db_unique_name scope=spfile
Oracle instance started

Total System Global Area    1603392144 bytes

Fixed Size                     5026448 bytes
Variable Size                419430400 bytes
Database Buffers            1174405120 bytes
Redo Buffers                   4530176 bytes
sql statement: CREATE CONTROLFILE REUSE SET DATABASE "FREE" RESETLOGS ARCHIVELOG 
  MAXLOGFILES     16
  MAXLOGMEMBERS      3
  MAXDATAFILES     1024
  MAXINSTANCES     8
  MAXLOGHISTORY      292
 LOGFILE
  GROUP     1 ( '/opt/oracle/oradata/FREE/redo01.log' ) SIZE 200 M  REUSE,
  GROUP     2 ( '/opt/oracle/oradata/FREE/redo02.log' ) SIZE 200 M  REUSE,
  GROUP     3 ( '/opt/oracle/oradata/FREE/redo03.log' ) SIZE 200 M  REUSE
 DATAFILE
  '/opt/oracle/oradata/FREE/system01.dbf',
  '/opt/oracle/oradata/FREE/pdbseed/system01.dbf',
  '/opt/oracle/oradata/FREE/5B31168468011059E063020013ACDA14/datafile/o1_mf_system_ob7cnlqv_.dbf'
 CHARACTER SET AL32UTF8


contents of Memory Script:
{
   set newname for tempfile  1 to 
 "/opt/oracle/oradata/FREE/temp01.dbf";
   set newname for tempfile  2 to 
 "/opt/oracle/oradata/FREE/pdbseed/temp01.dbf";
   set newname for tempfile  5 to 
 "/opt/oracle/oradata/FREE/5B31168468011059E063020013ACDA14/datafile/o1_mf_temp_ob7cnlqx_.dbf";
   switch clone tempfile all;
   catalog clone datafilecopy  "/opt/oracle/oradata/FREE/sysaux01.dbf", 
 "/opt/oracle/oradata/FREE/pdbseed/sysaux01.dbf", 
 "/opt/oracle/oradata/FREE/users01.dbf", 
 "/opt/oracle/oradata/FREE/pdbseed/undotbs01.dbf", 
 "/opt/oracle/oradata/FREE/undotbs01.dbf", 
 "/opt/oracle/oradata/FREE/5B31168468011059E063020013ACDA14/datafile/o1_mf_sysaux_ob7cnlqx_.dbf", 
 "/opt/oracle/oradata/FREE/5B31168468011059E063020013ACDA14/datafile/o1_mf_undotbs1_ob7cnlqx_.dbf", 
 "/opt/oracle/oradata/FREE/5B31168468011059E063020013ACDA14/datafile/o1_mf_audit_da_ob7cnocy_.dbf";
   switch clone datafile all;
}
executing Memory Script

executing command: SET NEWNAME

executing command: SET NEWNAME

executing command: SET NEWNAME

renamed tempfile 1 to /opt/oracle/oradata/FREE/temp01.dbf in control file
renamed tempfile 2 to /opt/oracle/oradata/FREE/pdbseed/temp01.dbf in control file
renamed tempfile 5 to /opt/oracle/oradata/FREE/5B31168468011059E063020013ACDA14/datafile/o1_mf_temp_ob7cnlqx_.dbf in control file

cataloged datafile copy
datafile copy file name=/opt/oracle/oradata/FREE/sysaux01.dbf RECID=1 STAMP=1243676703
cataloged datafile copy
datafile copy file name=/opt/oracle/oradata/FREE/pdbseed/sysaux01.dbf RECID=2 STAMP=1243676703
cataloged datafile copy
datafile copy file name=/opt/oracle/oradata/FREE/users01.dbf RECID=3 STAMP=1243676703
cataloged datafile copy
datafile copy file name=/opt/oracle/oradata/FREE/pdbseed/undotbs01.dbf RECID=4 STAMP=1243676703
cataloged datafile copy
datafile copy file name=/opt/oracle/oradata/FREE/undotbs01.dbf RECID=5 STAMP=1243676703
cataloged datafile copy
datafile copy file name=/opt/oracle/oradata/FREE/5B31168468011059E063020013ACDA14/datafile/o1_mf_sysaux_ob7cnlqx_.dbf RECID=6 STAMP=1243676703
cataloged datafile copy
datafile copy file name=/opt/oracle/oradata/FREE/5B31168468011059E063020013ACDA14/datafile/o1_mf_undotbs1_ob7cnlqx_.dbf RECID=7 STAMP=1243676703
cataloged datafile copy
datafile copy file name=/opt/oracle/oradata/FREE/5B31168468011059E063020013ACDA14/datafile/o1_mf_audit_da_ob7cnocy_.dbf RECID=8 STAMP=1243676703

datafile 3 switched to datafile copy
input datafile copy RECID=1 STAMP=1243676703 file name=/opt/oracle/oradata/FREE/sysaux01.dbf
datafile 4 switched to datafile copy
input datafile copy RECID=2 STAMP=1243676703 file name=/opt/oracle/oradata/FREE/pdbseed/sysaux01.dbf
datafile 7 switched to datafile copy
input datafile copy RECID=3 STAMP=1243676703 file name=/opt/oracle/oradata/FREE/users01.dbf
datafile 9 switched to datafile copy
input datafile copy RECID=4 STAMP=1243676703 file name=/opt/oracle/oradata/FREE/pdbseed/undotbs01.dbf
datafile 11 switched to datafile copy
input datafile copy RECID=5 STAMP=1243676703 file name=/opt/oracle/oradata/FREE/undotbs01.dbf
datafile 17 switched to datafile copy
input datafile copy RECID=6 STAMP=1243676703 file name=/opt/oracle/oradata/FREE/5B31168468011059E063020013ACDA14/datafile/o1_mf_sysaux_ob7cnlqx_.dbf
datafile 18 switched to datafile copy
input datafile copy RECID=7 STAMP=1243676703 file name=/opt/oracle/oradata/FREE/5B31168468011059E063020013ACDA14/datafile/o1_mf_undotbs1_ob7cnlqx_.dbf
datafile 19 switched to datafile copy
input datafile copy RECID=8 STAMP=1243676703 file name=/opt/oracle/oradata/FREE/5B31168468011059E063020013ACDA14/datafile/o1_mf_audit_da_ob7cnocy_.dbf
Reenabling controlfile options for auxiliary database
Executing: alter database force logging
Executing: alter system set tde_configuration='KEYSTORE_CONFIGURATION=FILE'

contents of Memory Script:
{
   Alter clone database open resetlogs;
}
executing Memory Script

database opened

contents of Memory Script:
{
   sql clone "alter pluggable database all open";
}
executing Memory Script

sql statement: alter pluggable database all open

contents of Memory Script:
{
   catalog clone datafilecopy  "/opt/oracle/oradata/FREE/5B31168468011059E063020013ACDA14/datafile/o1_mf_users_ob7co9bt_.dbf", 
 "/opt/oracle/oradata/FREE/5B31168468011059E063020013ACDA14/datafile/o1_mf_canary_p_ob7csz16_.dbf";
   switch clone datafile  20 to datafilecopy 
 "/opt/oracle/oradata/FREE/5B31168468011059E063020013ACDA14/datafile/o1_mf_users_ob7co9bt_.dbf";
   switch clone datafile  21 to datafilecopy 
 "/opt/oracle/oradata/FREE/5B31168468011059E063020013ACDA14/datafile/o1_mf_canary_p_ob7csz16_.dbf";
   #online the readonly tablespace
   sql clone 'ODBENCPROD' "alter tablespace 
 USERS online";
   #read write the online tablespace
   sql clone 'ODBENCPROD' "alter tablespace 
 USERS read write";
   #readonly the read write tablespace
   sql clone 'ODBENCPROD' "alter tablespace 
 USERS read only";
   #online the readonly tablespace
   sql clone 'ODBENCPROD' "alter tablespace 
 CANARY_PLAIN online";
   #read write the online tablespace
   sql clone 'ODBENCPROD' "alter tablespace 
 CANARY_PLAIN read write";
   #readonly the read write tablespace
   sql clone 'ODBENCPROD' "alter tablespace 
 CANARY_PLAIN read only";
}
executing Memory Script

cataloged datafile copy
datafile copy file name=/opt/oracle/oradata/FREE/5B31168468011059E063020013ACDA14/datafile/o1_mf_users_ob7co9bt_.dbf RECID=9 STAMP=1243676706
cataloged datafile copy
datafile copy file name=/opt/oracle/oradata/FREE/5B31168468011059E063020013ACDA14/datafile/o1_mf_canary_p_ob7csz16_.dbf RECID=10 STAMP=1243676706

datafile 20 switched to datafile copy
input datafile copy RECID=9 STAMP=1243676706 file name=/opt/oracle/oradata/FREE/5B31168468011059E063020013ACDA14/datafile/o1_mf_users_ob7co9bt_.dbf

datafile 21 switched to datafile copy
input datafile copy RECID=10 STAMP=1243676706 file name=/opt/oracle/oradata/FREE/5B31168468011059E063020013ACDA14/datafile/o1_mf_canary_p_ob7csz16_.dbf

sql statement: alter tablespace  USERS online

sql statement: alter tablespace  USERS read write

sql statement: alter tablespace  USERS read only

sql statement: alter tablespace  CANARY_PLAIN online

sql statement: alter tablespace  CANARY_PLAIN read write

sql statement: alter tablespace  CANARY_PLAIN read only
Finished Duplicate Db at 11-SEP-26


RMAN> EXIT


Recovery Manager complete.
2026-09-11 09:45:06 INFO  opening the pluggable databases

Pluggable database altered.


      DBID NAME      OPEN_MODE
---------- --------- --------------------
1515733343 FREE      READ WRITE


NAME
--------------------------------------------------------------------------------
OPEN_MODE
----------
PDB$SEED
READ ONLY

ODBENCPROD
READ WRITE


2026-09-11 09:45:06 INFO  Done.

========================================================================
== Collect evidence set 'variant_c'
========================================================================
2026-09-11 09:45:06 INFO  collecting evidence set 'variant_c' from odbencdev
2026-09-11 09:45:06 INFO  Starting tde_evidence.sh 0.1.0
2026-09-11 09:45:06 INFO  evidence set 'variant_c' -> /Users/stefan.oehrli/Repos/own/oehrlis/oracle-free-labs/data/xchange/evidence/variant_c
2026-09-11 09:45:06 INFO  collecting key chain evidence from odbencdev (CDB$ROOT)

Session altered.

========================================================================
== TDE key chain evidence snapshot =====================================
========================================================================
== Identity of this database ===========================================

CONTAINER	     DB_NAME	  DB_UNIQUE_NAME	 DBID CREATED	LOG_MODE     OPEN_MODE
-------------------- ------------ ---------------- ---------- --------- ------------ --------------------
CDB$ROOT	     FREE	  FREE		   1515733343 11-SEP-26 ARCHIVELOG   READ WRITE

1 row selected.

== Keystore state from v$encryption_wallet =============================

WRL_TYPE WRL_PARAMETER								STATUS		   WALLET_TYPE	   KEYSTORE CON_ID
-------- ---------------------------------------------------------------------- ------------------ --------------- -------- ------
FILE	 /opt/oracle/dbconfig/FREE/wallet/tde/					OPEN		   LOCAL_AUTOLOGIN NONE 	 1
FILE										OPEN		   LOCAL_AUTOLOGIN UNITED	 2
FILE										OPEN		   LOCAL_AUTOLOGIN UNITED	 4

3 rows selected.

== Master encryption keys from v$encryption_keys =======================

KEY_ID							 KEY_USE    KEYSTORE_TYPE  ORIGIN     BACKED_UP CREATION_TIME	       ACTIVATION_TIME
-------------------------------------------------------- ---------- -------------- ---------- --------- ---------------------- ----------------------
CREATOR_PDBNAME
--------------------------------------------------------------------------------------------------------------------------------
ACTIVATING_PDBNAME														 CON_ID
-------------------------------------------------------------------------------------------------------------------------------- ------
AfbcNSHAE0H8oa8yTTlGdNcAAAAAAAAAAAAAAAAAAAAAAAAAAAAA	 TDE IN PDB SOFTWARE KEYST LOCAL      YES	11.09.2026 07:32:53    11.09.2026 07:32:53
								    ORE
CDB$ROOT
CDB$ROOT															      1

AfUC3/VFkEu+oghTAX+EvjkAAAAAAAAAAAAAAAAAAAAAAAAAAAAA	 TDE IN PDB SOFTWARE KEYST LOCAL      NO	11.09.2026 07:32:57    11.09.2026 07:32:57
								    ORE
ODBENCPROD
ODBENCPROD															      4


2 rows selected.

== Tablespace key chain from v$encrypted_tablespaces ===================

TS_NAME 		    TS# ENCRYPTI ENC MASTERKEYID_HEX			KEY_VERSION STATUS	       ENCRYPTEDKEY_HEX 						  BLOCKS_ENCRYPTED BLOCKS_DECRYPTED CON_ID
-------------------- ---------- -------- --- ---------------------------------- ----------- ------------------ ------------------------------------------------------------------ ---------------- ---------------- ------
AUDIT_DATA		      5 AES256	 YES F502DFF545904BBEA20853017F84BE39		  0 NORMAL	       C994595FF4121EB6743BC291E4499AC8823B0749B855ABC64F5931E932294676 		 0		  5	 4
CANARY_PLAIN		      7 AES256	 YES F502DFF545904BBEA20853017F84BE39		  0 NORMAL	       C994595FF4121EB6743BC291E4499AC8823B0749B855ABC64F5931E932294676 		 0		  3	 4
SYSAUX			      1 AES256	 YES F6DC3521C01341FCA1AF324D394674D7		  0 NORMAL	       C57590ABF3E38E41CB7AD79BFC94BC66344AB2DF0C158ECB8608EC71708FBF1B 	       303	       1820	 1
SYSAUX			      1 AES256	 YES F502DFF545904BBEA20853017F84BE39		  0 NORMAL	       C994595FF4121EB6743BC291E4499AC8823B0749B855ABC64F5931E932294676 		 0		297	 4
SYSTEM			      0 AES256	 YES F502DFF545904BBEA20853017F84BE39		  0 NORMAL	       C994595FF4121EB6743BC291E4499AC8823B0749B855ABC64F5931E932294676 		 0	       3842	 4
SYSTEM			      0 AES256	 YES F6DC3521C01341FCA1AF324D394674D7		  0 NORMAL	       C57590ABF3E38E41CB7AD79BFC94BC66344AB2DF0C158ECB8608EC71708FBF1B 		 0	       7321	 1
UNDOTBS1		      2 AES256	 YES F502DFF545904BBEA20853017F84BE39		  0 NORMAL	       C994595FF4121EB6743BC291E4499AC8823B0749B855ABC64F5931E932294676 		 8		 42	 4
UNDOTBS1		      2 AES256	 YES F6DC3521C01341FCA1AF324D394674D7		  0 NORMAL	       C57590ABF3E38E41CB7AD79BFC94BC66344AB2DF0C158ECB8608EC71708FBF1B 		 0		 22	 1
USERS			      6 AES256	 YES F502DFF545904BBEA20853017F84BE39		  0 NORMAL	       FF27143DE967554706317B6691C471226EA029147FF3E1905F29270F341846BC 		 0		  1	 4
USERS			      4 AES256	 YES F6DC3521C01341FCA1AF324D394674D7		  0 NORMAL	       C57590ABF3E38E41CB7AD79BFC94BC66344AB2DF0C158ECB8608EC71708FBF1B 		 0		  2	 1

10 rows selected.

== Full v$encrypted_tablespaces row (version specific columns) =========

       TS# ENCRYPTI ENC ENCRYPTEDKEY							 MASTERKEYID			  BLOCKS_ENCRYPTED BLOCKS_DECRYPTED KEY_VERSION STATUS		   CIPHERMODE	 CON_ID
---------- -------- --- ---------------------------------------------------------------- -------------------------------- ---------------- ---------------- ----------- ------------------ ------------- ------
	 0 AES256   YES C57590ABF3E38E41CB7AD79BFC94BC66344AB2DF0C158ECB8608EC71708FBF1B F6DC3521C01341FCA1AF324D394674D7		 0	       7325	      0 NORMAL		   XTS		      1
	 1 AES256   YES C57590ABF3E38E41CB7AD79BFC94BC66344AB2DF0C158ECB8608EC71708FBF1B F6DC3521C01341FCA1AF324D394674D7	       303	       1821	      0 NORMAL		   XTS		      1
	 4 AES256   YES C57590ABF3E38E41CB7AD79BFC94BC66344AB2DF0C158ECB8608EC71708FBF1B F6DC3521C01341FCA1AF324D394674D7		 0		  2	      0 NORMAL		   XTS		      1
	 2 AES256   YES C57590ABF3E38E41CB7AD79BFC94BC66344AB2DF0C158ECB8608EC71708FBF1B F6DC3521C01341FCA1AF324D394674D7		 0		 22	      0 NORMAL		   XTS		      1
	 0 AES256   YES C994595FF4121EB6743BC291E4499AC8823B0749B855ABC64F5931E932294676 F502DFF545904BBEA20853017F84BE39		 0	       3842	      0 NORMAL		   XTS		      4
	 1 AES256   YES C994595FF4121EB6743BC291E4499AC8823B0749B855ABC64F5931E932294676 F502DFF545904BBEA20853017F84BE39		 0		297	      0 NORMAL		   XTS		      4
	 2 AES256   YES C994595FF4121EB6743BC291E4499AC8823B0749B855ABC64F5931E932294676 F502DFF545904BBEA20853017F84BE39		 8		 42	      0 NORMAL		   XTS		      4
	 5 AES256   YES C994595FF4121EB6743BC291E4499AC8823B0749B855ABC64F5931E932294676 F502DFF545904BBEA20853017F84BE39		 0		  5	      0 NORMAL		   XTS		      4
	 6 AES256   YES FF27143DE967554706317B6691C471226EA029147FF3E1905F29270F341846BC F502DFF545904BBEA20853017F84BE39		 0		  1	      0 NORMAL		   XTS		      4
	 7 AES256   YES C994595FF4121EB6743BC291E4499AC8823B0749B855ABC64F5931E932294676 F502DFF545904BBEA20853017F84BE39		 0		  3	      0 NORMAL		   XTS		      4

10 rows selected.

== Implicit database key for SYSTEM / UNDO / TEMP ======================

ENCRYPTI ENCRYPTEDKEY											  MASTERKEYID			   MAS CIPHERMODE    CON_ID
-------- ------------------------------------------------------------------------------------------------ -------------------------------- --- ------------- ------
AES256	 C57590ABF3E38E41CB7AD79BFC94BC66344AB2DF0C158ECB8608EC71708FBF1B00000000000000000000000000000000 F6DC3521C01341FCA1AF324D394674D7 YES XTS		  1
NONE	 000000000000000000000000000000000000000000000000000000000000000000000000000000000000000000000000 00000000000000000000000000000000 NO  CFB		  2
AES256	 C994595FF4121EB6743BC291E4499AC8823B0749B855ABC64F5931E93229467600000000000000000000000000000000 F502DFF545904BBEA20853017F84BE39 YES XTS		  4

3 rows selected.

== Datafiles of encrypted tablespaces ==================================

TS_NAME 	     RELATIVE_FNO FILE_NAME								     BLOCKS BLOCK_SIZE	    BYTES
-------------------- ------------ ---------------------------------------------------------------------- ---------- ---------- ----------
SYSAUX			     1024 /opt/oracle/oradata/FREE/sysaux01.dbf 				      87040	  8192	713031680
SYSTEM			     1024 /opt/oracle/oradata/FREE/system01.dbf 				     139520	  8192 1142947840
UNDOTBS1		     1024 /opt/oracle/oradata/FREE/undotbs01.dbf				       4480	  8192	 36700160
USERS			     1024 /opt/oracle/oradata/FREE/users01.dbf						896	  8192	  7340032

4 rows selected.

2026-09-11 09:45:07 INFO  collecting key chain evidence from odbencdev (PDB ODBENCPROD)

Session altered.


Session altered.

========================================================================
== TDE key chain evidence snapshot =====================================
========================================================================
== Identity of this database ===========================================

CONTAINER	     DB_NAME	  DB_UNIQUE_NAME	 DBID CREATED	LOG_MODE     OPEN_MODE
-------------------- ------------ ---------------- ---------- --------- ------------ --------------------
ODBENCPROD	     FREE	  FREE		   1515733343 11-SEP-26 ARCHIVELOG   READ WRITE

1 row selected.

== Keystore state from v$encryption_wallet =============================

WRL_TYPE WRL_PARAMETER								STATUS		   WALLET_TYPE	   KEYSTORE CON_ID
-------- ---------------------------------------------------------------------- ------------------ --------------- -------- ------
FILE										OPEN		   LOCAL_AUTOLOGIN UNITED	 4

1 row selected.

== Master encryption keys from v$encryption_keys =======================

KEY_ID							 KEY_USE    KEYSTORE_TYPE  ORIGIN     BACKED_UP CREATION_TIME	       ACTIVATION_TIME
-------------------------------------------------------- ---------- -------------- ---------- --------- ---------------------- ----------------------
CREATOR_PDBNAME
--------------------------------------------------------------------------------------------------------------------------------
ACTIVATING_PDBNAME														 CON_ID
-------------------------------------------------------------------------------------------------------------------------------- ------
AfUC3/VFkEu+oghTAX+EvjkAAAAAAAAAAAAAAAAAAAAAAAAAAAAA	 TDE IN PDB SOFTWARE KEYST LOCAL      NO	11.09.2026 07:32:57    11.09.2026 07:32:57
								    ORE
ODBENCPROD
ODBENCPROD															      4


1 row selected.

== Tablespace key chain from v$encrypted_tablespaces ===================

TS_NAME 		    TS# ENCRYPTI ENC MASTERKEYID_HEX			KEY_VERSION STATUS	       ENCRYPTEDKEY_HEX 						  BLOCKS_ENCRYPTED BLOCKS_DECRYPTED CON_ID
-------------------- ---------- -------- --- ---------------------------------- ----------- ------------------ ------------------------------------------------------------------ ---------------- ---------------- ------
AUDIT_DATA		      5 AES256	 YES F502DFF545904BBEA20853017F84BE39		  0 NORMAL	       C994595FF4121EB6743BC291E4499AC8823B0749B855ABC64F5931E932294676 		 0		  5	 4
CANARY_PLAIN		      7 AES256	 YES F502DFF545904BBEA20853017F84BE39		  0 NORMAL	       C994595FF4121EB6743BC291E4499AC8823B0749B855ABC64F5931E932294676 		 0		  3	 4
SYSAUX			      1 AES256	 YES F502DFF545904BBEA20853017F84BE39		  0 NORMAL	       C994595FF4121EB6743BC291E4499AC8823B0749B855ABC64F5931E932294676 		 0		583	 4
SYSTEM			      0 AES256	 YES F502DFF545904BBEA20853017F84BE39		  0 NORMAL	       C994595FF4121EB6743BC291E4499AC8823B0749B855ABC64F5931E932294676 		 0	       5054	 4
UNDOTBS1		      2 AES256	 YES F502DFF545904BBEA20853017F84BE39		  0 NORMAL	       C994595FF4121EB6743BC291E4499AC8823B0749B855ABC64F5931E932294676 		 8		 42	 4
USERS			      6 AES256	 YES F502DFF545904BBEA20853017F84BE39		  0 NORMAL	       FF27143DE967554706317B6691C471226EA029147FF3E1905F29270F341846BC 		 0		  1	 4

6 rows selected.

== Full v$encrypted_tablespaces row (version specific columns) =========

       TS# ENCRYPTI ENC ENCRYPTEDKEY							 MASTERKEYID			  BLOCKS_ENCRYPTED BLOCKS_DECRYPTED KEY_VERSION STATUS		   CIPHERMODE	 CON_ID
---------- -------- --- ---------------------------------------------------------------- -------------------------------- ---------------- ---------------- ----------- ------------------ ------------- ------
	 0 AES256   YES C994595FF4121EB6743BC291E4499AC8823B0749B855ABC64F5931E932294676 F502DFF545904BBEA20853017F84BE39		 0	       5054	      0 NORMAL		   XTS		      4
	 1 AES256   YES C994595FF4121EB6743BC291E4499AC8823B0749B855ABC64F5931E932294676 F502DFF545904BBEA20853017F84BE39		 0		583	      0 NORMAL		   XTS		      4
	 2 AES256   YES C994595FF4121EB6743BC291E4499AC8823B0749B855ABC64F5931E932294676 F502DFF545904BBEA20853017F84BE39		 8		 42	      0 NORMAL		   XTS		      4
	 5 AES256   YES C994595FF4121EB6743BC291E4499AC8823B0749B855ABC64F5931E932294676 F502DFF545904BBEA20853017F84BE39		 0		  5	      0 NORMAL		   XTS		      4
	 6 AES256   YES FF27143DE967554706317B6691C471226EA029147FF3E1905F29270F341846BC F502DFF545904BBEA20853017F84BE39		 0		  1	      0 NORMAL		   XTS		      4
	 7 AES256   YES C994595FF4121EB6743BC291E4499AC8823B0749B855ABC64F5931E932294676 F502DFF545904BBEA20853017F84BE39		 0		  3	      0 NORMAL		   XTS		      4

6 rows selected.

== Implicit database key for SYSTEM / UNDO / TEMP ======================

ENCRYPTI ENCRYPTEDKEY											  MASTERKEYID			   MAS CIPHERMODE    CON_ID
-------- ------------------------------------------------------------------------------------------------ -------------------------------- --- ------------- ------
AES256	 C994595FF4121EB6743BC291E4499AC8823B0749B855ABC64F5931E93229467600000000000000000000000000000000 F502DFF545904BBEA20853017F84BE39 YES XTS		  4

1 row selected.

== Datafiles of encrypted tablespaces ==================================

TS_NAME 	     RELATIVE_FNO FILE_NAME								     BLOCKS BLOCK_SIZE	    BYTES
-------------------- ------------ ---------------------------------------------------------------------- ---------- ---------- ----------
AUDIT_DATA		     1024 /opt/oracle/oradata/FREE/5B31168468011059E063020013ACDA14/datafile/o1_       2560	  8192	 20971520
				  mf_audit_da_ob7cnocy_.dbf

CANARY_PLAIN		     1024 /opt/oracle/oradata/FREE/5B31168468011059E063020013ACDA14/datafile/o1_       2560	  8192	 20971520
				  mf_canary_p_ob7csz16_.dbf

SYSAUX			     1024 /opt/oracle/oradata/FREE/5B31168468011059E063020013ACDA14/datafile/o1_      51200	  8192	419430400
				  mf_sysaux_ob7cnlqx_.dbf

SYSTEM			     1024 /opt/oracle/oradata/FREE/5B31168468011059E063020013ACDA14/datafile/o1_      38400	  8192	314572800
				  mf_system_ob7cnlqv_.dbf

UNDOTBS1		     1024 /opt/oracle/oradata/FREE/5B31168468011059E063020013ACDA14/datafile/o1_      12800	  8192	104857600
				  mf_undotbs1_ob7cnlqx_.dbf

USERS			     1024 /opt/oracle/oradata/FREE/5B31168468011059E063020013ACDA14/datafile/o1_       2560	  8192	 20971520
				  mf_users_ob7co9bt_.dbf


6 rows selected.

2026-09-11 09:45:07 INFO  listing datafiles of tablespace USERS in PDB ODBENCPROD
2026-09-11 09:45:07 INFO  found 1 datafile(s)
2026-09-11 09:45:07 INFO  fingerprinting o1_mf_users_ob7co9bt_.dbf (block size 8192)
wrote /Users/stefan.oehrli/Repos/own/oehrlis/oracle-free-labs/data/xchange/evidence/variant_c/o1_mf_users_ob7co9bt_.dbf.fp
2026-09-11 09:45:07 INFO  scanning o1_mf_users_ob7co9bt_.dbf for the clear-text marker
no hits - needle not present as plaintext in this datafile
2026-09-11 09:45:08 INFO  manifest written to /Users/stefan.oehrli/Repos/own/oehrlis/oracle-free-labs/data/xchange/evidence/variant_c/manifest.txt
2026-09-11 09:45:08 INFO  Done.

========================================================================
== Compare 'variant_c' vs 'baseline'
========================================================================
2026-09-11 09:45:08 INFO  comparing evidence sets 'baseline' vs 'variant_c'
2026-09-11 09:45:08 INFO  Starting tde_evidence.sh 0.1.0

== Block-level ciphertext comparison ==
A: baseline/o1_mf_users_ob7co9bt_.dbf.fp
B: variant_c/o1_mf_users_ob7co9bt_.dbf.fp
block_size A/B: 8192/8192
blocks compared: 2561
identical: 1272
differing: 1289
first differing blocks: [1, 771, 772, 773, 774, 775, 788, 789, 790, 791, 796, 797, 798, 799, 812, 813, 814, 815, 828, 829]
... and 1269 more
verdict: MIXED - 1289 of 2561 blocks changed; inspect which ranges differ before drawing a conclusion
2026-09-11 09:45:08 INFO  compared 1 datafile(s)
2026-09-11 09:45:08 INFO  Done.
canary blocks:   identical 313 differing 0 total 313
2026-09-11 09:45:10 INFO  clone DBID: 1515733343 (source: 1515732537)

Key summary for variant_c (clone):
  MASTERKEYID : F502DFF545904BBEA20853017F84BE39
  Wrapped TEK : FF27143DE967554706317B6691C471226EA029147FF3E1905F29270F341846BC

Key summary for baseline  (source):
  MASTERKEYID : F502DFF545904BBEA20853017F84BE39
  Wrapped TEK : FF27143DE967554706317B6691C471226EA029147FF3E1905F29270F341846BC

TEK comparison: IDENTICAL

------------------------------------------------------------------------
VERDICT: PASS - TEK IDENTICAL and canary ciphertext IDENTICAL (identical 313 differing 0 total 313) - DUPLICATE preserved the existing TEK, no new TEK for encrypted source
------------------------------------------------------------------------
2026-09-11 09:45:10 INFO  Done.

========================================================================
  STEP 50: Variant D: RESTORE AS DECRYPTED + SET KEY + OFFLINE ENCRYPT
  Script: /Users/stefan.oehrli/Repos/own/oehrlis/oracle-free-labs/scripts/tde-verify/tests/50_variant_d.sh
  Time:   2026-09-11 09:45:10
========================================================================
2026-09-11 09:45:10 INFO  Starting 50_variant_d.sh 0.1.1

========================================================================
== Step 50: Variant D - RESTORE AS DECRYPTED + SET KEY + OFFLINE ENCRYPT
========================================================================
2026-09-11 09:45:11 INFO  control file autobackup: cf_c-1515732537-20260911-00

========================================================================
== Reset odbencdev
========================================================================
2026-09-11 09:45:11 INFO  resetting service 'odbencdev' ...
 Container odbencdev Stopping 
 Container odbencdev Stopped 
 Container odbencdev Removing 
 Container odbencdev Removed 
 Network oracle-free-labs_default Removing 
 Network oracle-free-labs_default Resource is still in use 
2026-09-11 09:45:13 INFO  removing /Users/stefan.oehrli/Repos/own/oehrlis/oracle-free-labs/data/odbencdev
2026-09-11 09:45:13 INFO  restored tracked files under data/odbencdev
2026-09-11 09:45:14 INFO  service 'odbencdev' reset complete
2026-09-11 09:45:14 INFO  starting service 'odbencdev' ...
 Container odbencdev Creating 
 Container odbencdev Created 
 Container odbencdev Starting 
 Container odbencdev Started 
2026-09-11 09:45:14 INFO  waiting for odbencdev to be ready (timeout 600s) ...
2026-09-11 09:47:18 INFO  odbencdev is ready

========================================================================
== RESTORE FORCE AS DECRYPTED (variant a base + decrypted clause)
========================================================================
2026-09-11 09:47:18 INFO  DBID: 1515732537
Database closed.
Database dismounted.
ORACLE instance shut down.
ORACLE instance started.

Total System Global Area 1603392144 bytes
Fixed Size		    5026448 bytes
Variable Size		  419430400 bytes
Database Buffers	 1174405120 bytes
Redo Buffers		    4530176 bytes
moved /opt/oracle/oradata/FREE/redo01.log
moved /opt/oracle/oradata/FREE/redo02.log
moved /opt/oracle/oradata/FREE/redo03.log

Recovery Manager: Release 23.26.3.0.0 - Production on Fri Sep 11 09:47:21 2026
Version 23.26.3.0.0

Copyright (c) 1982, 2026, Oracle and/or its affiliates.  All rights reserved.

connected to target database: FREE (not mounted)

RMAN> 

RMAN> SET DBID 1515732537;
executing command: SET DBID


RMAN> RUN {
2>   ALLOCATE CHANNEL c1 DEVICE TYPE DISK;
3>   SET CONTROLFILE AUTOBACKUP FORMAT FOR DEVICE TYPE DISK TO '/opt/oracle/xchange/backup/cf_%F';
4>   RESTORE CONTROLFILE FROM '/opt/oracle/xchange/backup/cf_c-1515732537-20260911-00';
5>   ALTER DATABASE MOUNT;
6>   RELEASE CHANNEL c1;
7> }
using target database control file instead of recovery catalog
allocated channel: c1
channel c1: SID=162 device type=DISK

executing command: SET CONTROLFILE AUTOBACKUP FORMAT

Starting restore at 11-SEP-26

channel c1: restoring control file
channel c1: restore complete, elapsed time: 00:00:01
output file name=/opt/oracle/oradata/FREE/control01.ctl
output file name=/opt/oracle/oradata/FREE/control02.ctl
Finished restore at 11-SEP-26

Statement processed

released channel: c1


RMAN> # CONFIGURE is a standalone command and is not allowed inside RUN.
2> # The restored control file carries the SOURCE autobackup path, so every
3> # autobackup this target triggers would land next to the source pieces under the
4> # same DBID. Redirect right after the mount, before recovery writes one.
5> CONFIGURE CONTROLFILE AUTOBACKUP FORMAT FOR DEVICE TYPE DISK TO '/opt/oracle/oradata/cf_target_%F';
old RMAN configuration parameters:
CONFIGURE CONTROLFILE AUTOBACKUP FORMAT FOR DEVICE TYPE DISK TO '/opt/oracle/xchange/backup/cf_%F';
new RMAN configuration parameters:
CONFIGURE CONTROLFILE AUTOBACKUP FORMAT FOR DEVICE TYPE DISK TO '/opt/oracle/oradata/cf_target_%F';
new RMAN configuration parameters are successfully stored


RMAN> SHOW CONTROLFILE AUTOBACKUP FORMAT;
RMAN configuration parameters for database with db_unique_name FREE are:
CONFIGURE CONTROLFILE AUTOBACKUP FORMAT FOR DEVICE TYPE DISK TO '/opt/oracle/oradata/cf_target_%F';


RMAN> EXIT


Recovery Manager complete.

keystore altered.


    CON_ID STATUS			  WALLET_TYPE
---------- ------------------------------ --------------------
	 1 OPEN 			  PASSWORD


Recovery Manager: Release 23.26.3.0.0 - Production on Fri Sep 11 09:47:23 2026
Version 23.26.3.0.0

Copyright (c) 1982, 2026, Oracle and/or its affiliates.  All rights reserved.

connected to target database: FREE (DBID=1515732537, not open)

RMAN> 

RMAN> RUN {
2>   ALLOCATE CHANNEL c1 DEVICE TYPE DISK;
3>   # No CATALOG here on purpose. Both containers mount the exchange directory at
4>   # the same path, so the restored control file already knows every source
5>   # piece. Cataloging the directory would also register any control file
6>   # autobackup a previous clone left there, and with it that clone incarnation.
7>   # Recovery then fails with ORA-19912, cannot recover to target incarnation.
8>   SET UNTIL SEQUENCE 6 THREAD 1;
9>   RESTORE DATABASE FORCE AS DECRYPTED;
10>   RECOVER DATABASE;
11>   RELEASE CHANNEL c1;
12> }
using target database control file instead of recovery catalog
allocated channel: c1
channel c1: SID=4 device type=DISK

executing command: SET until clause (SEQUENCE)

Starting restore at 11-SEP-26

channel c1: starting datafile backup set restore
channel c1: specifying datafile(s) to restore from backup set
channel c1: restoring datafile 00001 to /opt/oracle/oradata/FREE/system01.dbf
channel c1: restoring datafile 00003 to /opt/oracle/oradata/FREE/sysaux01.dbf
channel c1: restoring datafile 00007 to /opt/oracle/oradata/FREE/users01.dbf
channel c1: restoring datafile 00011 to /opt/oracle/oradata/FREE/undotbs01.dbf
channel c1: reading from backup piece /opt/oracle/xchange/backup/026qbvf6_2_1_1
channel c1: piece handle=/opt/oracle/xchange/backup/026qbvf6_2_1_1 tag=TAG20260911T093534
channel c1: restored backup piece 1
channel c1: restore complete, elapsed time: 00:00:03
channel c1: starting datafile backup set restore
channel c1: specifying datafile(s) to restore from backup set
channel c1: restoring datafile 00016 to /opt/oracle/oradata/FREE/5B31168468011059E063020013ACDA14/datafile/o1_mf_system_ob7cnlqv_.dbf
channel c1: restoring datafile 00017 to /opt/oracle/oradata/FREE/5B31168468011059E063020013ACDA14/datafile/o1_mf_sysaux_ob7cnlqx_.dbf
channel c1: restoring datafile 00018 to /opt/oracle/oradata/FREE/5B31168468011059E063020013ACDA14/datafile/o1_mf_undotbs1_ob7cnlqx_.dbf
channel c1: restoring datafile 00019 to /opt/oracle/oradata/FREE/5B31168468011059E063020013ACDA14/datafile/o1_mf_audit_da_ob7cnocy_.dbf
channel c1: restoring datafile 00020 to /opt/oracle/oradata/FREE/5B31168468011059E063020013ACDA14/datafile/o1_mf_users_ob7co9bt_.dbf
channel c1: restoring datafile 00021 to /opt/oracle/oradata/FREE/5B31168468011059E063020013ACDA14/datafile/o1_mf_canary_p_ob7csz16_.dbf
channel c1: reading from backup piece /opt/oracle/xchange/backup/03aqbvfa_3_1_1
channel c1: piece handle=/opt/oracle/xchange/backup/03aqbvfa_3_1_1 tag=TAG20260911T093534
channel c1: restored backup piece 1
channel c1: restore complete, elapsed time: 00:00:03
channel c1: starting datafile backup set restore
channel c1: specifying datafile(s) to restore from backup set
channel c1: restoring datafile 00002 to /opt/oracle/oradata/FREE/pdbseed/system01.dbf
channel c1: restoring datafile 00004 to /opt/oracle/oradata/FREE/pdbseed/sysaux01.dbf
channel c1: restoring datafile 00009 to /opt/oracle/oradata/FREE/pdbseed/undotbs01.dbf
channel c1: reading from backup piece /opt/oracle/xchange/backup/04bqbvfb_4_1_1
channel c1: piece handle=/opt/oracle/xchange/backup/04bqbvfb_4_1_1 tag=TAG20260911T093534
channel c1: restored backup piece 1
channel c1: restore complete, elapsed time: 00:00:01
Finished restore at 11-SEP-26

Starting recover at 11-SEP-26
datafile 20 not processed because file is read-only
datafile 21 not processed because file is read-only

starting media recovery

channel c1: starting archived log restore to default destination
channel c1: restoring archived log
archived log thread=1 sequence=5
channel c1: reading from backup piece /opt/oracle/xchange/backup/05cqbvfc_5_1_1
channel c1: piece handle=/opt/oracle/xchange/backup/05cqbvfc_5_1_1 tag=TAG20260911T093540
channel c1: restored backup piece 1
channel c1: restore complete, elapsed time: 00:00:01
recovery status time_needed 2026-09-11 09:35:34
archived log file name=/opt/oracle/product/26ai/dbhomeFree/dbs/arch1_5_1243675897.dbf thread=1 sequence=5
media recovery complete, elapsed time: 00:00:00
Finished recover at 11-SEP-26

released channel: c1


RMAN> EXIT


Recovery Manager complete.

Database altered.


      DBID NAME      OPEN_MODE		  LOG_MODE
---------- --------- -------------------- ------------
1515732537 FREE      READ WRITE 	  ARCHIVELOG

========================================================================
== Reopen the keystore after RESETLOGS
========================================================================
2026-09-11 09:47:35 INFO  recreating the auto-login keystore in odbencdev

    CON_ID STATUS		WALLET_TYPE
---------- -------------------- ----------------
	 1 OPEN 		PASSWORD
	 2 CLOSED		UNKNOWN
	 4 OPEN 		PASSWORD
2026-09-11 09:47:36 INFO  keystore in odbencdev open via local auto-login

========================================================================
== Open ODBENCPROD if it came back MOUNTED
========================================================================
ALTER PLUGGABLE DATABASE ODBENCPROD OPEN
*
ERROR at line 1:
ORA-65019: pluggable database ODBENCPROD already open
Help: https://docs.oracle.com/error-help/db/ora-65019/



NAME
--------------------------------------------------------------------------------
OPEN_MODE
----------
ODBENCPROD
READ WRITE

========================================================================
== Verify USERS is fully decrypted
========================================================================

Session altered.


TABLESPACE_NAME 	       ENC
------------------------------ ---
USERS			       NO


ENC_TS_COUNT
------------
	   0

========================================================================
== SET KEY to dev-own MEK (CDB$ROOT and ODBENCPROD separately)
========================================================================

KEY_ID						       ORIGIN					     CON_ID
------------------------------------------------------ ----------------------------------------- ----------
AfbcNSHAE0H8oa8yTTlGdNcAAAAAAAAAAAAAAAAAAAAAAAAAAAAA   LOCAL						  1
ARJfmS7k3kilrvOlp5h6uxkAAAAAAAAAAAAAAAAAAAAAAAAAAAAA   LOCAL						  1
AfUC3/VFkEu+oghTAX+EvjkAAAAAAAAAAAAAAAAAAAAAAAAAAAAA   LOCAL						  4
AdWTkPS3xk3ljcz1tgQdHCgAAAAAAAAAAAAAAAAAAAAAAAAAAAAA   LOCAL						  4

========================================================================
== ALTER TABLESPACE USERS ENCRYPTION OFFLINE ENCRYPT
========================================================================

Session altered.


Tablespace altered.


Tablespace altered.


Tablespace altered.


Tablespace altered.


System altered.


TABLESPACE_NAME 	       STATUS	 ENC
------------------------------ --------- ---
USERS			       ONLINE	 YES

========================================================================
== Collect evidence set 'variant_d'
========================================================================
2026-09-11 09:47:45 INFO  collecting evidence set 'variant_d' from odbencdev
2026-09-11 09:47:45 INFO  Starting tde_evidence.sh 0.1.0
2026-09-11 09:47:45 INFO  evidence set 'variant_d' -> /Users/stefan.oehrli/Repos/own/oehrlis/oracle-free-labs/data/xchange/evidence/variant_d
2026-09-11 09:47:45 INFO  collecting key chain evidence from odbencdev (CDB$ROOT)

Session altered.

========================================================================
== TDE key chain evidence snapshot =====================================
========================================================================
== Identity of this database ===========================================

CONTAINER	     DB_NAME	  DB_UNIQUE_NAME	 DBID CREATED	LOG_MODE     OPEN_MODE
-------------------- ------------ ---------------- ---------- --------- ------------ --------------------
CDB$ROOT	     FREE	  FREE		   1515732537 11-SEP-26 ARCHIVELOG   READ WRITE

1 row selected.

== Keystore state from v$encryption_wallet =============================

WRL_TYPE WRL_PARAMETER								STATUS		   WALLET_TYPE	   KEYSTORE CON_ID
-------- ---------------------------------------------------------------------- ------------------ --------------- -------- ------
FILE	 /opt/oracle/dbconfig/FREE/wallet/tde/					OPEN		   PASSWORD	   NONE 	 1
FILE										CLOSED		   UNKNOWN	   UNITED	 2
FILE										OPEN		   PASSWORD	   UNITED	 4

3 rows selected.

== Master encryption keys from v$encryption_keys =======================

KEY_ID							 KEY_USE    KEYSTORE_TYPE  ORIGIN     BACKED_UP CREATION_TIME	       ACTIVATION_TIME
-------------------------------------------------------- ---------- -------------- ---------- --------- ---------------------- ----------------------
CREATOR_PDBNAME
--------------------------------------------------------------------------------------------------------------------------------
ACTIVATING_PDBNAME														 CON_ID
-------------------------------------------------------------------------------------------------------------------------------- ------
AfbcNSHAE0H8oa8yTTlGdNcAAAAAAAAAAAAAAAAAAAAAAAAAAAAA	 TDE IN PDB SOFTWARE KEYST LOCAL      YES	11.09.2026 07:32:53    11.09.2026 07:32:53
								    ORE
CDB$ROOT
CDB$ROOT															      1

AfUC3/VFkEu+oghTAX+EvjkAAAAAAAAAAAAAAAAAAAAAAAAAAAAA	 TDE IN PDB SOFTWARE KEYST LOCAL      YES	11.09.2026 07:32:57    11.09.2026 07:32:57
								    ORE
ODBENCPROD
ODBENCPROD															      4

ARJfmS7k3kilrvOlp5h6uxkAAAAAAAAAAAAAAAAAAAAAAAAAAAAA	 TDE IN PDB SOFTWARE KEYST LOCAL      YES	11.09.2026 07:47:36    11.09.2026 07:47:36
								    ORE
CDB$ROOT
CDB$ROOT															      1

AdWTkPS3xk3ljcz1tgQdHCgAAAAAAAAAAAAAAAAAAAAAAAAAAAAA	 TDE IN PDB SOFTWARE KEYST LOCAL      NO	11.09.2026 07:47:36    11.09.2026 07:47:36
								    ORE
ODBENCPROD
ODBENCPROD															      4


4 rows selected.

== Tablespace key chain from v$encrypted_tablespaces ===================

TS_NAME 		    TS# ENCRYPTI ENC MASTERKEYID_HEX			KEY_VERSION STATUS	       ENCRYPTEDKEY_HEX 						  BLOCKS_ENCRYPTED BLOCKS_DECRYPTED CON_ID
-------------------- ---------- -------- --- ---------------------------------- ----------- ------------------ ------------------------------------------------------------------ ---------------- ---------------- ------
USERS			      6 AES256	 YES D59390F4B7C64DE58DCCF5B6041D1C28		  3 NORMAL	       0BD4854AC09E1B1FB84D3D208CBAE2C8A8BE77DC4EF7E7B918C4643B1F32D087 		 0		  1	 4

1 row selected.

== Full v$encrypted_tablespaces row (version specific columns) =========

       TS# ENCRYPTI ENC ENCRYPTEDKEY							 MASTERKEYID			  BLOCKS_ENCRYPTED BLOCKS_DECRYPTED KEY_VERSION STATUS		   CIPHERMODE	 CON_ID
---------- -------- --- ---------------------------------------------------------------- -------------------------------- ---------------- ---------------- ----------- ------------------ ------------- ------
	 6 AES256   YES 0BD4854AC09E1B1FB84D3D208CBAE2C8A8BE77DC4EF7E7B918C4643B1F32D087 D59390F4B7C64DE58DCCF5B6041D1C28		 0		  1	      3 NORMAL		   XTS		      4

1 row selected.

== Implicit database key for SYSTEM / UNDO / TEMP ======================

ENCRYPTI ENCRYPTEDKEY											  MASTERKEYID			   MAS CIPHERMODE    CON_ID
-------- ------------------------------------------------------------------------------------------------ -------------------------------- --- ------------- ------
AES256	 1A0FF2DA2A9E126F5833A7CA7A925A6CA07FC7179F75B90564CF358E9E47738200000000000000000000000000000000 125F992EE4DE48A5AEF3A5A7987ABB19 YES XTS		  1
NONE	 000000000000000000000000000000000000000000000000000000000000000000000000000000000000000000000000 00000000000000000000000000000000 NO  CFB		  2
AES256	 B29D9A726BE4E514BD8E1FE645C7C2F3872229CAD94E86C96443B55B57CF841C00000000000000000000000000000000 D59390F4B7C64DE58DCCF5B6041D1C28 YES XTS		  4

3 rows selected.

== Datafiles of encrypted tablespaces ==================================

no rows selected

2026-09-11 09:47:45 INFO  collecting key chain evidence from odbencdev (PDB ODBENCPROD)

Session altered.


Session altered.

========================================================================
== TDE key chain evidence snapshot =====================================
========================================================================
== Identity of this database ===========================================

CONTAINER	     DB_NAME	  DB_UNIQUE_NAME	 DBID CREATED	LOG_MODE     OPEN_MODE
-------------------- ------------ ---------------- ---------- --------- ------------ --------------------
ODBENCPROD	     FREE	  FREE		   1515732537 11-SEP-26 ARCHIVELOG   READ WRITE

1 row selected.

== Keystore state from v$encryption_wallet =============================

WRL_TYPE WRL_PARAMETER								STATUS		   WALLET_TYPE	   KEYSTORE CON_ID
-------- ---------------------------------------------------------------------- ------------------ --------------- -------- ------
FILE										OPEN		   PASSWORD	   UNITED	 4

1 row selected.

== Master encryption keys from v$encryption_keys =======================

KEY_ID							 KEY_USE    KEYSTORE_TYPE  ORIGIN     BACKED_UP CREATION_TIME	       ACTIVATION_TIME
-------------------------------------------------------- ---------- -------------- ---------- --------- ---------------------- ----------------------
CREATOR_PDBNAME
--------------------------------------------------------------------------------------------------------------------------------
ACTIVATING_PDBNAME														 CON_ID
-------------------------------------------------------------------------------------------------------------------------------- ------
AfUC3/VFkEu+oghTAX+EvjkAAAAAAAAAAAAAAAAAAAAAAAAAAAAA	 TDE IN PDB SOFTWARE KEYST LOCAL      YES	11.09.2026 07:32:57    11.09.2026 07:32:57
								    ORE
ODBENCPROD
ODBENCPROD															      4

AdWTkPS3xk3ljcz1tgQdHCgAAAAAAAAAAAAAAAAAAAAAAAAAAAAA	 TDE IN PDB SOFTWARE KEYST LOCAL      NO	11.09.2026 07:47:36    11.09.2026 07:47:36
								    ORE
ODBENCPROD
ODBENCPROD															      4


2 rows selected.

== Tablespace key chain from v$encrypted_tablespaces ===================

TS_NAME 		    TS# ENCRYPTI ENC MASTERKEYID_HEX			KEY_VERSION STATUS	       ENCRYPTEDKEY_HEX 						  BLOCKS_ENCRYPTED BLOCKS_DECRYPTED CON_ID
-------------------- ---------- -------- --- ---------------------------------- ----------- ------------------ ------------------------------------------------------------------ ---------------- ---------------- ------
USERS			      6 AES256	 YES D59390F4B7C64DE58DCCF5B6041D1C28		  3 NORMAL	       0BD4854AC09E1B1FB84D3D208CBAE2C8A8BE77DC4EF7E7B918C4643B1F32D087 		 0		  1	 4

1 row selected.

== Full v$encrypted_tablespaces row (version specific columns) =========

       TS# ENCRYPTI ENC ENCRYPTEDKEY							 MASTERKEYID			  BLOCKS_ENCRYPTED BLOCKS_DECRYPTED KEY_VERSION STATUS		   CIPHERMODE	 CON_ID
---------- -------- --- ---------------------------------------------------------------- -------------------------------- ---------------- ---------------- ----------- ------------------ ------------- ------
	 6 AES256   YES 0BD4854AC09E1B1FB84D3D208CBAE2C8A8BE77DC4EF7E7B918C4643B1F32D087 D59390F4B7C64DE58DCCF5B6041D1C28		 0		  1	      3 NORMAL		   XTS		      4

1 row selected.

== Implicit database key for SYSTEM / UNDO / TEMP ======================

ENCRYPTI ENCRYPTEDKEY											  MASTERKEYID			   MAS CIPHERMODE    CON_ID
-------- ------------------------------------------------------------------------------------------------ -------------------------------- --- ------------- ------
AES256	 B29D9A726BE4E514BD8E1FE645C7C2F3872229CAD94E86C96443B55B57CF841C00000000000000000000000000000000 D59390F4B7C64DE58DCCF5B6041D1C28 YES XTS		  4

1 row selected.

== Datafiles of encrypted tablespaces ==================================

TS_NAME 	     RELATIVE_FNO FILE_NAME								     BLOCKS BLOCK_SIZE	    BYTES
-------------------- ------------ ---------------------------------------------------------------------- ---------- ---------- ----------
USERS			     1024 /opt/oracle/oradata/FREE/5B31168468011059E063020013ACDA14/datafile/o1_       2560	  8192	 20971520
				  mf_users_ob7co9bt_.dbf


1 row selected.

2026-09-11 09:47:45 INFO  listing datafiles of tablespace USERS in PDB ODBENCPROD
2026-09-11 09:47:45 INFO  found 1 datafile(s)
2026-09-11 09:47:45 INFO  fingerprinting o1_mf_users_ob7co9bt_.dbf (block size 8192)
wrote /Users/stefan.oehrli/Repos/own/oehrlis/oracle-free-labs/data/xchange/evidence/variant_d/o1_mf_users_ob7co9bt_.dbf.fp
2026-09-11 09:47:46 INFO  scanning o1_mf_users_ob7co9bt_.dbf for the clear-text marker
no hits - needle not present as plaintext in this datafile
2026-09-11 09:47:46 INFO  manifest written to /Users/stefan.oehrli/Repos/own/oehrlis/oracle-free-labs/data/xchange/evidence/variant_d/manifest.txt
2026-09-11 09:47:46 INFO  Done.

========================================================================
== Compare 'variant_d' vs 'baseline'
========================================================================
2026-09-11 09:47:46 INFO  comparing evidence sets 'baseline' vs 'variant_d'
2026-09-11 09:47:46 INFO  Starting tde_evidence.sh 0.1.0

== Block-level ciphertext comparison ==
A: baseline/o1_mf_users_ob7co9bt_.dbf.fp
B: variant_d/o1_mf_users_ob7co9bt_.dbf.fp
block_size A/B: 8192/8192
blocks compared: 2561
identical: 1406
differing: 1155
first differing blocks: [0, 1, 1408, 1409, 1410, 1411, 1412, 1413, 1414, 1415, 1416, 1417, 1418, 1419, 1420, 1421, 1422, 1423, 1424, 1425]
... and 1135 more
verdict: MIXED - 1155 of 2561 blocks changed; inspect which ranges differ before drawing a conclusion
2026-09-11 09:47:46 INFO  compared 1 datafile(s)
2026-09-11 09:47:46 INFO  Done.
canary blocks:   identical 313 differing 0 total 313

Key summary for variant_d (clone):
  MASTERKEYID : D59390F4B7C64DE58DCCF5B6041D1C28
  Wrapped TEK : 0BD4854AC09E1B1FB84D3D208CBAE2C8A8BE77DC4EF7E7B918C4643B1F32D087

Key summary for baseline  (source):
  MASTERKEYID : F502DFF545904BBEA20853017F84BE39
  Wrapped TEK : FF27143DE967554706317B6691C471226EA029147FF3E1905F29270F341846BC

Wrapped TEK:     DIFFERENT (expected - re-wrapped under the new dev MEK)
MASTERKEYID:     DIFFERENT (expected - a new dev MEK was set)
Note:            the wrapped TEK is not evidence either way - it
                 changes on a pure re-wrap as well. The verdict is
                 taken from the canary ciphertext above.

------------------------------------------------------------------------
VERDICT: PASS - canary ciphertext IDENTICAL (identical 313 differing 0 total 313) - the OFFLINE DECRYPT/ENCRYPT cycle reproduces the source ciphertext, so the tablespace key material is unchanged; the differing wrapped TEK is the re-wrap under the new dev MEK
------------------------------------------------------------------------
2026-09-11 09:47:47 INFO  Done.

========================================================================
  STEP 60: Variant F: chain-breaking path (new TEK)
  Script: /Users/stefan.oehrli/Repos/own/oehrlis/oracle-free-labs/scripts/tde-verify/tests/60_variant_f.sh
  Time:   2026-09-11 09:47:47
========================================================================
2026-09-11 09:47:47 INFO  Starting 60_variant_f.sh 0.1.0

========================================================================
== Step 60: Variant F - chain-breaking path (new TEK)
========================================================================

========================================================================
== Reset odbencdev
========================================================================
2026-09-11 09:47:48 INFO  resetting service 'odbencdev' ...
 Container odbencdev Stopping 
 Container odbencdev Stopped 
 Container odbencdev Removing 
 Container odbencdev Removed 
 Network oracle-free-labs_default Removing 
 Network oracle-free-labs_default Resource is still in use 
2026-09-11 09:47:50 INFO  removing /Users/stefan.oehrli/Repos/own/oehrlis/oracle-free-labs/data/odbencdev
2026-09-11 09:47:50 INFO  restored tracked files under data/odbencdev
2026-09-11 09:47:50 INFO  service 'odbencdev' reset complete
2026-09-11 09:47:50 INFO  starting service 'odbencdev' ...
 Container odbencdev Creating 
 Container odbencdev Created 
 Container odbencdev Starting 
 Container odbencdev Started 
2026-09-11 09:47:51 INFO  waiting for odbencdev to be ready (timeout 600s) ...
2026-09-11 09:49:54 INFO  odbencdev is ready

========================================================================
== Phase 1: Variant A base (RESTORE with prod keystore)
========================================================================
2026-09-11 09:49:54 INFO  Starting tde_clone.sh 0.1.0
2026-09-11 09:49:54 INFO  variant a: replacing the target keystore with the source keystore
2026-09-11 09:49:54 INFO  backing the target keystore up to /opt/oracle/xchange/wallet_dev_pristine
2026-09-11 09:49:54 INFO  backup verified, keystore file present and non-empty
2026-09-11 09:49:55 INFO  staging the source keystore into /opt/oracle/dbconfig/FREE/wallet
2026-09-11 09:49:55 INFO  shutting the target down and starting it NOMOUNT
Database closed.
Database dismounted.
ORACLE instance shut down.
ORACLE instance started.

Total System Global Area 1603392144 bytes
Fixed Size		    5026448 bytes
Variable Size		  419430400 bytes
Database Buffers	 1174405120 bytes
Redo Buffers		    4530176 bytes
2026-09-11 09:49:57 INFO  moving stale online redo logs to /opt/oracle/xchange/stale_redo_odbencdev
moved /opt/oracle/oradata/FREE/redo01.log
moved /opt/oracle/oradata/FREE/redo02.log
moved /opt/oracle/oradata/FREE/redo03.log
2026-09-11 09:49:58 INFO  restoring the source control file and mounting
2026-09-11 09:49:58 INFO  control file autobackup: cf_c-1515732537-20260911-00

Recovery Manager: Release 23.26.3.0.0 - Production on Fri Sep 11 09:49:58 2026
Version 23.26.3.0.0

Copyright (c) 1982, 2026, Oracle and/or its affiliates.  All rights reserved.

connected to target database: FREE (not mounted)

RMAN> 

RMAN> SET DBID 1515732537;
executing command: SET DBID


RMAN> RUN {
2>   ALLOCATE CHANNEL c1 DEVICE TYPE DISK;
3>   SET CONTROLFILE AUTOBACKUP FORMAT FOR DEVICE TYPE DISK TO '/opt/oracle/xchange/backup/cf_%F';
4>   RESTORE CONTROLFILE FROM '/opt/oracle/xchange/backup/cf_c-1515732537-20260911-00';
5>   ALTER DATABASE MOUNT;
6>   RELEASE CHANNEL c1;
7> }
using target database control file instead of recovery catalog
allocated channel: c1
channel c1: SID=37 device type=DISK

executing command: SET CONTROLFILE AUTOBACKUP FORMAT

Starting restore at 11-SEP-26

channel c1: restoring control file
channel c1: restore complete, elapsed time: 00:00:01
output file name=/opt/oracle/oradata/FREE/control01.ctl
output file name=/opt/oracle/oradata/FREE/control02.ctl
Finished restore at 11-SEP-26

Statement processed

released channel: c1


RMAN> EXIT


Recovery Manager complete.

Recovery Manager: Release 23.26.3.0.0 - Production on Fri Sep 11 09:50:00 2026
Version 23.26.3.0.0

Copyright (c) 1982, 2026, Oracle and/or its affiliates.  All rights reserved.

connected to target database: FREE (DBID=1515732537, not open)

RMAN> 

RMAN> CONFIGURE CONTROLFILE AUTOBACKUP FORMAT FOR DEVICE TYPE DISK TO '/opt/oracle/oradata/cf_target_%F';
using target database control file instead of recovery catalog
old RMAN configuration parameters:
CONFIGURE CONTROLFILE AUTOBACKUP FORMAT FOR DEVICE TYPE DISK TO '/opt/oracle/xchange/backup/cf_%F';
new RMAN configuration parameters:
CONFIGURE CONTROLFILE AUTOBACKUP FORMAT FOR DEVICE TYPE DISK TO '/opt/oracle/oradata/cf_target_%F';
new RMAN configuration parameters are successfully stored


RMAN> EXIT


Recovery Manager complete.
2026-09-11 09:50:01 INFO  opening the target keystore with the stored keystore password

    CON_ID STATUS	  WALLET_TYPE
---------- -------------- ----------------
	 1 OPEN 	  PASSWORD
2026-09-11 09:50:01 INFO  cataloging the backup pieces

Recovery Manager: Release 23.26.3.0.0 - Production on Fri Sep 11 09:50:01 2026
Version 23.26.3.0.0

Copyright (c) 1982, 2026, Oracle and/or its affiliates.  All rights reserved.

connected to target database: FREE (DBID=1515732537, not open)

RMAN> 

RMAN> RUN {
2>   ALLOCATE CHANNEL c1 DEVICE TYPE DISK;
3>   # No CATALOG: both containers see the exchange directory at the same path, so
4>   # the restored control file already knows the source pieces. Cataloging would
5>   # also pick up a previous clone's control file autobackup and its incarnation,
6>   # which makes recovery fail with ORA-19912.
7>   RELEASE CHANNEL c1;
8> }
using target database control file instead of recovery catalog
allocated channel: c1
channel c1: SID=4 device type=DISK

released channel: c1


RMAN> EXIT


Recovery Manager complete.
2026-09-11 09:50:02 INFO  restoring with: RESTORE DATABASE;
2026-09-11 09:50:02 INFO  recovery will stop before archived log sequence 6

Recovery Manager: Release 23.26.3.0.0 - Production on Fri Sep 11 09:50:02 2026
Version 23.26.3.0.0

Copyright (c) 1982, 2026, Oracle and/or its affiliates.  All rights reserved.

connected to target database: FREE (DBID=1515732537, not open)

RMAN> 

RMAN> RUN {
2>   ALLOCATE CHANNEL c1 DEVICE TYPE DISK;
3>   SET UNTIL SEQUENCE 6 THREAD 1;
4>   RESTORE DATABASE;
5>   RECOVER DATABASE;
6>   RELEASE CHANNEL c1;
7> }
using target database control file instead of recovery catalog
allocated channel: c1
channel c1: SID=37 device type=DISK

executing command: SET until clause (SEQUENCE)

Starting restore at 11-SEP-26

channel c1: starting datafile backup set restore
channel c1: specifying datafile(s) to restore from backup set
channel c1: restoring datafile 00001 to /opt/oracle/oradata/FREE/system01.dbf
channel c1: restoring datafile 00003 to /opt/oracle/oradata/FREE/sysaux01.dbf
channel c1: restoring datafile 00007 to /opt/oracle/oradata/FREE/users01.dbf
channel c1: restoring datafile 00011 to /opt/oracle/oradata/FREE/undotbs01.dbf
channel c1: reading from backup piece /opt/oracle/xchange/backup/026qbvf6_2_1_1
channel c1: piece handle=/opt/oracle/xchange/backup/026qbvf6_2_1_1 tag=TAG20260911T093534
channel c1: restored backup piece 1
channel c1: restore complete, elapsed time: 00:00:03
channel c1: starting datafile backup set restore
channel c1: specifying datafile(s) to restore from backup set
channel c1: restoring datafile 00016 to /opt/oracle/oradata/FREE/5B31168468011059E063020013ACDA14/datafile/o1_mf_system_ob7cnlqv_.dbf
channel c1: restoring datafile 00017 to /opt/oracle/oradata/FREE/5B31168468011059E063020013ACDA14/datafile/o1_mf_sysaux_ob7cnlqx_.dbf
channel c1: restoring datafile 00018 to /opt/oracle/oradata/FREE/5B31168468011059E063020013ACDA14/datafile/o1_mf_undotbs1_ob7cnlqx_.dbf
channel c1: restoring datafile 00019 to /opt/oracle/oradata/FREE/5B31168468011059E063020013ACDA14/datafile/o1_mf_audit_da_ob7cnocy_.dbf
channel c1: restoring datafile 00020 to /opt/oracle/oradata/FREE/5B31168468011059E063020013ACDA14/datafile/o1_mf_users_ob7co9bt_.dbf
channel c1: restoring datafile 00021 to /opt/oracle/oradata/FREE/5B31168468011059E063020013ACDA14/datafile/o1_mf_canary_p_ob7csz16_.dbf
channel c1: reading from backup piece /opt/oracle/xchange/backup/03aqbvfa_3_1_1
channel c1: piece handle=/opt/oracle/xchange/backup/03aqbvfa_3_1_1 tag=TAG20260911T093534
channel c1: restored backup piece 1
channel c1: restore complete, elapsed time: 00:00:03
channel c1: starting datafile backup set restore
channel c1: specifying datafile(s) to restore from backup set
channel c1: restoring datafile 00002 to /opt/oracle/oradata/FREE/pdbseed/system01.dbf
channel c1: restoring datafile 00004 to /opt/oracle/oradata/FREE/pdbseed/sysaux01.dbf
channel c1: restoring datafile 00009 to /opt/oracle/oradata/FREE/pdbseed/undotbs01.dbf
channel c1: reading from backup piece /opt/oracle/xchange/backup/04bqbvfb_4_1_1
channel c1: piece handle=/opt/oracle/xchange/backup/04bqbvfb_4_1_1 tag=TAG20260911T093534
channel c1: restored backup piece 1
channel c1: restore complete, elapsed time: 00:00:01
Finished restore at 11-SEP-26

Starting recover at 11-SEP-26
datafile 20 not processed because file is read-only
datafile 21 not processed because file is read-only

starting media recovery

channel c1: starting archived log restore to default destination
channel c1: restoring archived log
archived log thread=1 sequence=5
channel c1: reading from backup piece /opt/oracle/xchange/backup/05cqbvfc_5_1_1
channel c1: piece handle=/opt/oracle/xchange/backup/05cqbvfc_5_1_1 tag=TAG20260911T093540
channel c1: restored backup piece 1
channel c1: restore complete, elapsed time: 00:00:01
recovery status time_needed 2026-09-11 09:35:34
archived log file name=/opt/oracle/product/26ai/dbhomeFree/dbs/arch1_5_1243675897.dbf thread=1 sequence=5
media recovery complete, elapsed time: 00:00:00
Finished recover at 11-SEP-26

released channel: c1


RMAN> EXIT


Recovery Manager complete.
2026-09-11 09:50:12 INFO  opening the target with RESETLOGS

Database altered.


Pluggable database altered.


      DBID NAME      OPEN_MODE		  LOG_MODE
---------- --------- -------------------- ------------
1515732537 FREE      READ WRITE 	  ARCHIVELOG

2026-09-11 09:50:14 INFO  recreating the auto-login keystore on the target host

    CON_ID STATUS		WALLET_TYPE
---------- -------------------- ----------------
	 1 OPEN 		PASSWORD
	 2 CLOSED		UNKNOWN
	 4 OPEN 		PASSWORD
2026-09-11 09:50:15 INFO  target keystore open via local auto-login
2026-09-11 09:50:15 INFO  Done.

========================================================================
== Phase 2: OFFLINE DECRYPT USERS
========================================================================

Session altered.


Tablespace altered.


Tablespace altered.


Tablespace altered.


Tablespace altered.


System altered.


ENC_TS_REMAINING
----------------
	       0
2026-09-11 09:50:23 INFO  Gate OK: V$ENCRYPTED_TABLESPACES = 0 rows, all tablespaces decrypted

========================================================================
== Phase 2b: swap the PDB undo tablespace to drop encrypted undo
========================================================================

Session altered.


Tablespace created.


System altered.
2026-09-11 09:50:24 INFO  old undo tablespace dropped on attempt 1

Session altered.


TABLESPACE_NAME 	       STATUS	 CONTENTS
------------------------------ --------- ---------------------
UNDOTBS_CLEAN		       ONLINE	 UNDO

1 row selected.

========================================================================
== Phase 3: Remove prod keystore, create fresh dev keystore
========================================================================
prod keystore moved to /opt/oracle/xchange/wallet_prod_used_f
fresh empty keystore directory: /opt/oracle/dbconfig/FREE/wallet/tde

========================================================================
== Restart instance to drop the auto-login keystore from memory
========================================================================
Database closed.
Database dismounted.
ORACLE instance shut down.
ORACLE instance started.

Total System Global Area 1603392144 bytes
Fixed Size		    5026448 bytes
Variable Size		  436207616 bytes
Database Buffers	 1157627904 bytes
Redo Buffers		    4530176 bytes
Database mounted.
Database opened.

Pluggable database altered.


    CON_ID STATUS			  WALLET_TYPE
---------- ------------------------------ --------------------
	 1 NOT_AVAILABLE		  UNKNOWN
	 2 NOT_AVAILABLE		  UNKNOWN
	 4 NOT_AVAILABLE		  UNKNOWN


keystore altered.


keystore altered.


no rows selected


========================================================================
== Phase 4+5: In PDB - _db_discard_lost_masterkey + SET KEY
========================================================================

Session altered.


System altered.


keystore altered.


    CON_ID
----------
KEY_ID
------------------------------------------------------------------------------
KEYSTORE_TYPE	  ORIGIN
----------------- -----------------------------------------
	 4
AWJYb+tH7Ehjl5xdTVxaJ+0AAAAAAAAAAAAAAAAAAAAAAAAAAAAA
SOFTWARE KEYSTORE LOCAL



PROD_KEYS_REMAINING
-------------------
		  0


========================================================================
== Phase 6: OFFLINE ENCRYPT USERS
========================================================================

Session altered.


Tablespace altered.


Tablespace altered.


Tablespace altered.


System altered.


TABLESPACE_NAME 	       STATUS	 ENC
------------------------------ --------- ---
USERS			       ONLINE	 YES


RAWTOHEX(MASTERKEYID)
--------------------------------
RAWTOHEX(ENCRYPTEDKEY)						 KEY_VERSION
---------------------------------------------------------------- -----------
62586FEB47EC4863979C5D4D5C5A27ED
D6627397B86CDCFE6091EB82B49CD1AB0F1F294F4F138A23F095CE8B342BB187	   3

========================================================================
== Collect evidence set 'variant_f'
========================================================================
2026-09-11 09:50:37 INFO  collecting evidence set 'variant_f' from odbencdev
2026-09-11 09:50:37 INFO  Starting tde_evidence.sh 0.1.0
2026-09-11 09:50:37 INFO  evidence set 'variant_f' -> /Users/stefan.oehrli/Repos/own/oehrlis/oracle-free-labs/data/xchange/evidence/variant_f
2026-09-11 09:50:37 INFO  collecting key chain evidence from odbencdev (CDB$ROOT)

Session altered.

========================================================================
== TDE key chain evidence snapshot =====================================
========================================================================
== Identity of this database ===========================================

CONTAINER	     DB_NAME	  DB_UNIQUE_NAME	 DBID CREATED	LOG_MODE     OPEN_MODE
-------------------- ------------ ---------------- ---------- --------- ------------ --------------------
CDB$ROOT	     FREE	  FREE		   1515732537 11-SEP-26 ARCHIVELOG   READ WRITE

1 row selected.

== Keystore state from v$encryption_wallet =============================

WRL_TYPE WRL_PARAMETER								STATUS		   WALLET_TYPE	   KEYSTORE CON_ID
-------- ---------------------------------------------------------------------- ------------------ --------------- -------- ------
FILE	 /opt/oracle/dbconfig/FREE/wallet/tde/					OPEN		   PASSWORD	   NONE 	 1
FILE										OPEN		   PASSWORD	   UNITED	 2
FILE										OPEN		   PASSWORD	   UNITED	 4

3 rows selected.

== Master encryption keys from v$encryption_keys =======================

KEY_ID							 KEY_USE    KEYSTORE_TYPE  ORIGIN     BACKED_UP CREATION_TIME	       ACTIVATION_TIME
-------------------------------------------------------- ---------- -------------- ---------- --------- ---------------------- ----------------------
CREATOR_PDBNAME
--------------------------------------------------------------------------------------------------------------------------------
ACTIVATING_PDBNAME														 CON_ID
-------------------------------------------------------------------------------------------------------------------------------- ------
AWJYb+tH7Ehjl5xdTVxaJ+0AAAAAAAAAAAAAAAAAAAAAAAAAAAAA	 TDE IN PDB SOFTWARE KEYST LOCAL      NO	11.09.2026 07:50:28    11.09.2026 07:50:28
								    ORE
ODBENCPROD
ODBENCPROD															      4


1 row selected.

== Tablespace key chain from v$encrypted_tablespaces ===================

TS_NAME 		    TS# ENCRYPTI ENC MASTERKEYID_HEX			KEY_VERSION STATUS	       ENCRYPTEDKEY_HEX 						  BLOCKS_ENCRYPTED BLOCKS_DECRYPTED CON_ID
-------------------- ---------- -------- --- ---------------------------------- ----------- ------------------ ------------------------------------------------------------------ ---------------- ---------------- ------
USERS			      6 AES256	 YES 62586FEB47EC4863979C5D4D5C5A27ED		  3 NORMAL	       D6627397B86CDCFE6091EB82B49CD1AB0F1F294F4F138A23F095CE8B342BB187 		 0		  1	 4

1 row selected.

== Full v$encrypted_tablespaces row (version specific columns) =========

       TS# ENCRYPTI ENC ENCRYPTEDKEY							 MASTERKEYID			  BLOCKS_ENCRYPTED BLOCKS_DECRYPTED KEY_VERSION STATUS		   CIPHERMODE	 CON_ID
---------- -------- --- ---------------------------------------------------------------- -------------------------------- ---------------- ---------------- ----------- ------------------ ------------- ------
	 6 AES256   YES D6627397B86CDCFE6091EB82B49CD1AB0F1F294F4F138A23F095CE8B342BB187 62586FEB47EC4863979C5D4D5C5A27ED		 0		  1	      3 NORMAL		   XTS		      4

1 row selected.

== Implicit database key for SYSTEM / UNDO / TEMP ======================

ENCRYPTI ENCRYPTEDKEY											  MASTERKEYID			   MAS CIPHERMODE    CON_ID
-------- ------------------------------------------------------------------------------------------------ -------------------------------- --- ------------- ------
AES256	 C57590ABF3E38E41CB7AD79BFC94BC66344AB2DF0C158ECB8608EC71708FBF1B00000000000000000000000000000000 F6DC3521C01341FCA1AF324D394674D7 YES XTS		  1
NONE	 000000000000000000000000000000000000000000000000000000000000000000000000000000000000000000000000 00000000000000000000000000000000 NO  CFB		  2
AES256	 D6627397B86CDCFE6091EB82B49CD1AB0F1F294F4F138A23F095CE8B342BB18700000000000000000000000000000000 62586FEB47EC4863979C5D4D5C5A27ED YES XTS		  4

3 rows selected.

== Datafiles of encrypted tablespaces ==================================

no rows selected

2026-09-11 09:50:37 INFO  collecting key chain evidence from odbencdev (PDB ODBENCPROD)

Session altered.


Session altered.

========================================================================
== TDE key chain evidence snapshot =====================================
========================================================================
== Identity of this database ===========================================

CONTAINER	     DB_NAME	  DB_UNIQUE_NAME	 DBID CREATED	LOG_MODE     OPEN_MODE
-------------------- ------------ ---------------- ---------- --------- ------------ --------------------
ODBENCPROD	     FREE	  FREE		   1515732537 11-SEP-26 ARCHIVELOG   READ WRITE

1 row selected.

== Keystore state from v$encryption_wallet =============================

WRL_TYPE WRL_PARAMETER								STATUS		   WALLET_TYPE	   KEYSTORE CON_ID
-------- ---------------------------------------------------------------------- ------------------ --------------- -------- ------
FILE										OPEN		   PASSWORD	   UNITED	 4

1 row selected.

== Master encryption keys from v$encryption_keys =======================

KEY_ID							 KEY_USE    KEYSTORE_TYPE  ORIGIN     BACKED_UP CREATION_TIME	       ACTIVATION_TIME
-------------------------------------------------------- ---------- -------------- ---------- --------- ---------------------- ----------------------
CREATOR_PDBNAME
--------------------------------------------------------------------------------------------------------------------------------
ACTIVATING_PDBNAME														 CON_ID
-------------------------------------------------------------------------------------------------------------------------------- ------
AWJYb+tH7Ehjl5xdTVxaJ+0AAAAAAAAAAAAAAAAAAAAAAAAAAAAA	 TDE IN PDB SOFTWARE KEYST LOCAL      NO	11.09.2026 07:50:28    11.09.2026 07:50:28
								    ORE
ODBENCPROD
ODBENCPROD															      4


1 row selected.

== Tablespace key chain from v$encrypted_tablespaces ===================

TS_NAME 		    TS# ENCRYPTI ENC MASTERKEYID_HEX			KEY_VERSION STATUS	       ENCRYPTEDKEY_HEX 						  BLOCKS_ENCRYPTED BLOCKS_DECRYPTED CON_ID
-------------------- ---------- -------- --- ---------------------------------- ----------- ------------------ ------------------------------------------------------------------ ---------------- ---------------- ------
USERS			      6 AES256	 YES 62586FEB47EC4863979C5D4D5C5A27ED		  3 NORMAL	       D6627397B86CDCFE6091EB82B49CD1AB0F1F294F4F138A23F095CE8B342BB187 		 0		  1	 4

1 row selected.

== Full v$encrypted_tablespaces row (version specific columns) =========

       TS# ENCRYPTI ENC ENCRYPTEDKEY							 MASTERKEYID			  BLOCKS_ENCRYPTED BLOCKS_DECRYPTED KEY_VERSION STATUS		   CIPHERMODE	 CON_ID
---------- -------- --- ---------------------------------------------------------------- -------------------------------- ---------------- ---------------- ----------- ------------------ ------------- ------
	 6 AES256   YES D6627397B86CDCFE6091EB82B49CD1AB0F1F294F4F138A23F095CE8B342BB187 62586FEB47EC4863979C5D4D5C5A27ED		 0		  1	      3 NORMAL		   XTS		      4

1 row selected.

== Implicit database key for SYSTEM / UNDO / TEMP ======================

ENCRYPTI ENCRYPTEDKEY											  MASTERKEYID			   MAS CIPHERMODE    CON_ID
-------- ------------------------------------------------------------------------------------------------ -------------------------------- --- ------------- ------
AES256	 D6627397B86CDCFE6091EB82B49CD1AB0F1F294F4F138A23F095CE8B342BB18700000000000000000000000000000000 62586FEB47EC4863979C5D4D5C5A27ED YES XTS		  4

1 row selected.

== Datafiles of encrypted tablespaces ==================================

TS_NAME 	     RELATIVE_FNO FILE_NAME								     BLOCKS BLOCK_SIZE	    BYTES
-------------------- ------------ ---------------------------------------------------------------------- ---------- ---------- ----------
USERS			     1024 /opt/oracle/oradata/FREE/5B31168468011059E063020013ACDA14/datafile/o1_       2560	  8192	 20971520
				  mf_users_ob7co9bt_.dbf


1 row selected.

2026-09-11 09:50:38 INFO  listing datafiles of tablespace USERS in PDB ODBENCPROD
2026-09-11 09:50:38 INFO  found 1 datafile(s)
2026-09-11 09:50:38 INFO  fingerprinting o1_mf_users_ob7co9bt_.dbf (block size 8192)
wrote /Users/stefan.oehrli/Repos/own/oehrlis/oracle-free-labs/data/xchange/evidence/variant_f/o1_mf_users_ob7co9bt_.dbf.fp
2026-09-11 09:50:38 INFO  scanning o1_mf_users_ob7co9bt_.dbf for the clear-text marker
no hits - needle not present as plaintext in this datafile
2026-09-11 09:50:38 INFO  manifest written to /Users/stefan.oehrli/Repos/own/oehrlis/oracle-free-labs/data/xchange/evidence/variant_f/manifest.txt
2026-09-11 09:50:38 INFO  Done.

========================================================================
== Compare 'variant_f' vs 'baseline' (expect DIFFERENT)
========================================================================
2026-09-11 09:50:38 INFO  comparing evidence sets 'baseline' vs 'variant_f'
2026-09-11 09:50:38 INFO  Starting tde_evidence.sh 0.1.0

== Block-level ciphertext comparison ==
A: baseline/o1_mf_users_ob7co9bt_.dbf.fp
B: variant_f/o1_mf_users_ob7co9bt_.dbf.fp
block_size A/B: 8192/8192
blocks compared: 2561
identical: 0
differing: 2561
first differing blocks: [0, 1, 2, 3, 4, 5, 6, 7, 8, 9, 10, 11, 12, 13, 14, 15, 16, 17, 18, 19]
... and 2541 more
verdict: RE-ENCRYPT INDICATED - every comparable block changed
2026-09-11 09:50:39 INFO  compared 1 datafile(s)
2026-09-11 09:50:39 INFO  Done.
canary blocks:   identical 0 differing 313 total 313 (expect all differing)

Key summary for variant_f (clone):
  MASTERKEYID : 62586FEB47EC4863979C5D4D5C5A27ED
  Wrapped TEK : D6627397B86CDCFE6091EB82B49CD1AB0F1F294F4F138A23F095CE8B342BB187

Key summary for baseline  (source):
  MASTERKEYID : F502DFF545904BBEA20853017F84BE39
  Wrapped TEK : FF27143DE967554706317B6691C471226EA029147FF3E1905F29270F341846BC

TEK comparison: DIFFERENT (expected)

------------------------------------------------------------------------
VERDICT: PASS - TEK DIFFERS and the canary ciphertext changed with it (identical 0 differing 313 total 313) - new key material, chain broken. Same OFFLINE ENCRYPT as variant D, which reproduced the ciphertext: the difference is the renewed Database Key
------------------------------------------------------------------------
2026-09-11 09:50:40 INFO  Done.

========================================================================
  STEP 61: PDB testbed: create PDBCLONE with canary tables and c##clone user
  Script: /Users/stefan.oehrli/Repos/own/oehrlis/oracle-free-labs/scripts/tde-verify/tests/61_pdb_testbed.sh
  Time:   2026-09-11 09:50:40
========================================================================
2026-09-11 09:50:40 INFO  Starting 61_pdb_testbed.sh 0.1.0

========================================================================
== Step 61: PDB testbed - create PDBCLONE with canary tables
========================================================================
2026-09-11 09:50:41 INFO  db_create_file_dest set to /opt/oracle/oradata in odbencprod

========================================================================
== Drop PDBCLONE if exists (idempotency)
========================================================================
ALTER PLUGGABLE DATABASE PDBCLONE CLOSE IMMEDIATE
*
ERROR at line 1:
ORA-65011: Pluggable database PDBCLONE does not exist.
Help: https://docs.oracle.com/error-help/db/ora-65011/


DROP PLUGGABLE DATABASE PDBCLONE INCLUDING DATAFILES
*
ERROR at line 1:
ORA-65011: Pluggable database PDBCLONE does not exist.
Help: https://docs.oracle.com/error-help/db/ora-65011/



STATUS
--------------------------
PDBCLONE drop attempt done

========================================================================
== Create PDB PDBCLONE
========================================================================

Pluggable database created.


Pluggable database altered.


Pluggable database altered.


NAME
--------------------------------------------------------------------------------
OPEN_MODE
----------
PDBCLONE
READ WRITE



========================================================================
== Set master key for PDBCLONE
========================================================================

Session altered.


keystore altered.


    CON_ID
----------
KEY_ID
------------------------------------------------------------------------------
ORIGIN
-----------------------------------------
	 3
AWTLB7QCe0QJtQNb7UleDfoAAAAAAAAAAAAAAAAAAAAAAAAAAAAA
LOCAL



========================================================================
== Create tablespaces CLONE_ENC and CLONE_PLAIN in PDBCLONE
========================================================================

Session altered.

DROP TABLESPACE CLONE_ENC INCLUDING CONTENTS AND DATAFILES
*
ERROR at line 1:
ORA-00959: tablespace 'CLONE_ENC' does not exist
Help: https://docs.oracle.com/error-help/db/ora-00959/


DROP TABLESPACE CLONE_PLAIN INCLUDING CONTENTS AND DATAFILES
*
ERROR at line 1:
ORA-00959: tablespace 'CLONE_PLAIN' does not exist
Help: https://docs.oracle.com/error-help/db/ora-00959/



Tablespace created.


Tablespace created.


TABLESPACE_NAME 	       ENC
------------------------------ ---
CLONE_ENC		       YES
CLONE_PLAIN		       NO

========================================================================
== Create canary schema SCOTT in PDBCLONE
========================================================================

Session altered.


User created.


Grant succeeded.


User altered.


User altered.


USERNAME
--------------------------------------------------------------------------------
ACCOUNT_STATUS
--------------------------------
SCOTT
OPEN

========================================================================
== Create canary in CLONE_ENC (encrypted)
========================================================================

Session altered.

========================================================================
== Create canary table SCOTT.CANARY_CLONEENC in CLONE_ENC
========================================================================
no existing SCOTT.CANARY_CLONEENC to drop

PL/SQL procedure successfully completed.


Table created.


5000 rows created.


Commit complete.

== Row count and segment size ==========================================

CANARY_ROWS
-----------
       5000

1 row selected.


OWNER		     TABLE_NAME 	  TS_NAME		   BLOCKS      BYTES
-------------------- -------------------- -------------------- ---------- ----------
SCOTT		     CANARY_CLONEENC	  CLONE_ENC		      384    3145728

1 row selected.

== Physical block range of the canary rows =============================

RELATIVE_FNO  MIN_BLOCK  MAX_BLOCK DISTINCT_BLOCKS ROWS_TOTAL
------------ ---------- ---------- --------------- ----------
	   0	    779       1279	       313	 5000

1 row selected.

== Datafile holding the canary ==========================================

RELATIVE_FNO FILE_NAME								    BLOCK_SIZE	   BLOCKS      BYTES
------------ ---------------------------------------------------------------------- ---------- ---------- ----------
	1024 /opt/oracle/oradata/FREE/5B31574F5B0318F4E063020013AC1417/datafile/o1_	  8192	     6400   52428800
	     mf_clone_en_ob7dpobr_.dbf


1 row selected.

== Marker for the host side plain-text scan ============================

MARKER
----------------------------------------
OEHRLI-CANARY-2026-09-03

1 row selected.

========================================================================
== Create canary in CLONE_PLAIN (plain control)
========================================================================

Session altered.

========================================================================
== Create canary table SCOTT.CANARY_CLONEPLAIN in CLONE_PLAIN
========================================================================
no existing SCOTT.CANARY_CLONEPLAIN to drop

PL/SQL procedure successfully completed.


Table created.


5000 rows created.


Commit complete.

== Row count and segment size ==========================================

CANARY_ROWS
-----------
       5000

1 row selected.


OWNER		     TABLE_NAME 	  TS_NAME		   BLOCKS      BYTES
-------------------- -------------------- -------------------- ---------- ----------
SCOTT		     CANARY_CLONEPLAIN	  CLONE_PLAIN		      384    3145728

1 row selected.

== Physical block range of the canary rows =============================

RELATIVE_FNO  MIN_BLOCK  MAX_BLOCK DISTINCT_BLOCKS ROWS_TOTAL
------------ ---------- ---------- --------------- ----------
	   0	    779       1279	       313	 5000

1 row selected.

== Datafile holding the canary ==========================================

RELATIVE_FNO FILE_NAME								    BLOCK_SIZE	   BLOCKS      BYTES
------------ ---------------------------------------------------------------------- ---------- ---------- ----------
	1024 /opt/oracle/oradata/FREE/5B31574F5B0318F4E063020013AC1417/datafile/o1_	  8192	     6400   52428800
	     mf_clone_pl_ob7dpofd_.dbf


1 row selected.

== Marker for the host side plain-text scan ============================

MARKER
----------------------------------------
OEHRLI-CANARY-2026-09-03

1 row selected.

========================================================================
== Set CLONE_ENC and CLONE_PLAIN READ ONLY
========================================================================

Session altered.


Tablespace altered.


Tablespace altered.


TABLESPACE_NAME 	       STATUS
------------------------------ ---------
CLONE_ENC		       READ ONLY
CLONE_PLAIN		       READ ONLY

========================================================================
== Create common user c##clone
========================================================================
DROP USER c##clone CASCADE
          *
ERROR at line 1:
ORA-01918: user 'C##CLONE' does not exist
Help: https://docs.oracle.com/error-help/db/ora-01918/



User created.


Grant succeeded.


Grant succeeded.


USERNAME
--------------------------------------------------------------------------------
COM ACCOUNT_STATUS
--- --------------------------------
C##CLONE
YES OPEN



========================================================================
== Collect evidence set 'pdb_baseline'
========================================================================
2026-09-11 09:50:46 INFO  collecting evidence set 'pdb_baseline' from odbencprod
2026-09-11 09:50:46 INFO  Starting tde_evidence.sh 0.1.0
2026-09-11 09:50:46 INFO  evidence set 'pdb_baseline' -> /Users/stefan.oehrli/Repos/own/oehrlis/oracle-free-labs/data/xchange/evidence/pdb_baseline
2026-09-11 09:50:46 INFO  collecting key chain evidence from odbencprod (CDB$ROOT)

Session altered.

========================================================================
== TDE key chain evidence snapshot =====================================
========================================================================
== Identity of this database ===========================================

CONTAINER	     DB_NAME	  DB_UNIQUE_NAME	 DBID CREATED	LOG_MODE     OPEN_MODE
-------------------- ------------ ---------------- ---------- --------- ------------ --------------------
CDB$ROOT	     FREE	  FREE		   1515732537 11-SEP-26 ARCHIVELOG   READ WRITE

1 row selected.

== Keystore state from v$encryption_wallet =============================

WRL_TYPE WRL_PARAMETER								STATUS		   WALLET_TYPE	   KEYSTORE CON_ID
-------- ---------------------------------------------------------------------- ------------------ --------------- -------- ------
FILE	 /opt/oracle/dbconfig/FREE/wallet/tde/					OPEN		   LOCAL_AUTOLOGIN NONE 	 1
FILE										OPEN		   LOCAL_AUTOLOGIN UNITED	 2
FILE										OPEN		   LOCAL_AUTOLOGIN UNITED	 3
FILE										OPEN		   LOCAL_AUTOLOGIN UNITED	 4

4 rows selected.

== Master encryption keys from v$encryption_keys =======================

KEY_ID							 KEY_USE    KEYSTORE_TYPE  ORIGIN     BACKED_UP CREATION_TIME	       ACTIVATION_TIME
-------------------------------------------------------- ---------- -------------- ---------- --------- ---------------------- ----------------------
CREATOR_PDBNAME
--------------------------------------------------------------------------------------------------------------------------------
ACTIVATING_PDBNAME														 CON_ID
-------------------------------------------------------------------------------------------------------------------------------- ------
AfbcNSHAE0H8oa8yTTlGdNcAAAAAAAAAAAAAAAAAAAAAAAAAAAAA	 TDE IN PDB SOFTWARE KEYST LOCAL      YES	11.09.2026 07:32:53    11.09.2026 07:32:53
								    ORE
CDB$ROOT
CDB$ROOT															      1

AfUC3/VFkEu+oghTAX+EvjkAAAAAAAAAAAAAAAAAAAAAAAAAAAAA	 TDE IN PDB SOFTWARE KEYST LOCAL      YES	11.09.2026 07:32:57    11.09.2026 07:32:57
								    ORE
ODBENCPROD
ODBENCPROD															      4

AWTLB7QCe0QJtQNb7UleDfoAAAAAAAAAAAAAAAAAAAAAAAAAAAAA	 TDE IN PDB SOFTWARE KEYST LOCAL      NO	11.09.2026 07:50:45    11.09.2026 07:50:45
								    ORE
PDBCLONE
PDBCLONE															      3


3 rows selected.

== Tablespace key chain from v$encrypted_tablespaces ===================

TS_NAME 		    TS# ENCRYPTI ENC MASTERKEYID_HEX			KEY_VERSION STATUS	       ENCRYPTEDKEY_HEX 						  BLOCKS_ENCRYPTED BLOCKS_DECRYPTED CON_ID
-------------------- ---------- -------- --- ---------------------------------- ----------- ------------------ ------------------------------------------------------------------ ---------------- ---------------- ------
CLONE_ENC		      5 AES256	 YES 64CB07B4027B4409B5035BED495E0DFA		  0 NORMAL	       3C6BE579296ECB9A77EFE8D88E32A9D8B3141A6B6F56E3786F2D66D9912EC0A3 	      1141		  0	 3
USERS			      6 AES256	 YES F502DFF545904BBEA20853017F84BE39		  1 NORMAL	       FF27143DE967554706317B6691C471226EA029147FF3E1905F29270F341846BC 	       372		  3	 4

2 rows selected.

== Full v$encrypted_tablespaces row (version specific columns) =========

       TS# ENCRYPTI ENC ENCRYPTEDKEY							 MASTERKEYID			  BLOCKS_ENCRYPTED BLOCKS_DECRYPTED KEY_VERSION STATUS		   CIPHERMODE	 CON_ID
---------- -------- --- ---------------------------------------------------------------- -------------------------------- ---------------- ---------------- ----------- ------------------ ------------- ------
	 6 AES256   YES FF27143DE967554706317B6691C471226EA029147FF3E1905F29270F341846BC F502DFF545904BBEA20853017F84BE39	       372		  3	      1 NORMAL		   XTS		      4
	 5 AES256   YES 3C6BE579296ECB9A77EFE8D88E32A9D8B3141A6B6F56E3786F2D66D9912EC0A3 64CB07B4027B4409B5035BED495E0DFA	      1141		  0	      0 NORMAL		   XTS		      3

2 rows selected.

== Implicit database key for SYSTEM / UNDO / TEMP ======================

ENCRYPTI ENCRYPTEDKEY											  MASTERKEYID			   MAS CIPHERMODE    CON_ID
-------- ------------------------------------------------------------------------------------------------ -------------------------------- --- ------------- ------
AES256	 C57590ABF3E38E41CB7AD79BFC94BC66344AB2DF0C158ECB8608EC71708FBF1B00000000000000000000000000000000 F6DC3521C01341FCA1AF324D394674D7 YES XTS		  1
NONE	 000000000000000000000000000000000000000000000000000000000000000000000000000000000000000000000000 00000000000000000000000000000000 NO  CFB		  2
AES256	 3FEC0ADD0A290405B16690986CE31FB6C51C8B54DC50094E557965E06BCE261100000000000000000000000000000000 64CB07B4027B4409B5035BED495E0DFA YES XTS		  3
AES256	 C994595FF4121EB6743BC291E4499AC8823B0749B855ABC64F5931E93229467600000000000000000000000000000000 F502DFF545904BBEA20853017F84BE39 YES XTS		  4

4 rows selected.

== Datafiles of encrypted tablespaces ==================================

no rows selected

2026-09-11 09:50:47 INFO  collecting key chain evidence from odbencprod (PDB PDBCLONE)

Session altered.


Session altered.

========================================================================
== TDE key chain evidence snapshot =====================================
========================================================================
== Identity of this database ===========================================

CONTAINER	     DB_NAME	  DB_UNIQUE_NAME	 DBID CREATED	LOG_MODE     OPEN_MODE
-------------------- ------------ ---------------- ---------- --------- ------------ --------------------
PDBCLONE	     FREE	  FREE		   1515732537 11-SEP-26 ARCHIVELOG   READ WRITE

1 row selected.

== Keystore state from v$encryption_wallet =============================

WRL_TYPE WRL_PARAMETER								STATUS		   WALLET_TYPE	   KEYSTORE CON_ID
-------- ---------------------------------------------------------------------- ------------------ --------------- -------- ------
FILE										OPEN		   LOCAL_AUTOLOGIN UNITED	 3

1 row selected.

== Master encryption keys from v$encryption_keys =======================

KEY_ID							 KEY_USE    KEYSTORE_TYPE  ORIGIN     BACKED_UP CREATION_TIME	       ACTIVATION_TIME
-------------------------------------------------------- ---------- -------------- ---------- --------- ---------------------- ----------------------
CREATOR_PDBNAME
--------------------------------------------------------------------------------------------------------------------------------
ACTIVATING_PDBNAME														 CON_ID
-------------------------------------------------------------------------------------------------------------------------------- ------
AWTLB7QCe0QJtQNb7UleDfoAAAAAAAAAAAAAAAAAAAAAAAAAAAAA	 TDE IN PDB SOFTWARE KEYST LOCAL      NO	11.09.2026 07:50:45    11.09.2026 07:50:45
								    ORE
PDBCLONE
PDBCLONE															      3


1 row selected.

== Tablespace key chain from v$encrypted_tablespaces ===================

TS_NAME 		    TS# ENCRYPTI ENC MASTERKEYID_HEX			KEY_VERSION STATUS	       ENCRYPTEDKEY_HEX 						  BLOCKS_ENCRYPTED BLOCKS_DECRYPTED CON_ID
-------------------- ---------- -------- --- ---------------------------------- ----------- ------------------ ------------------------------------------------------------------ ---------------- ---------------- ------
CLONE_ENC		      5 AES256	 YES 64CB07B4027B4409B5035BED495E0DFA		  0 NORMAL	       3C6BE579296ECB9A77EFE8D88E32A9D8B3141A6B6F56E3786F2D66D9912EC0A3 	      1141		  0	 3

1 row selected.

== Full v$encrypted_tablespaces row (version specific columns) =========

       TS# ENCRYPTI ENC ENCRYPTEDKEY							 MASTERKEYID			  BLOCKS_ENCRYPTED BLOCKS_DECRYPTED KEY_VERSION STATUS		   CIPHERMODE	 CON_ID
---------- -------- --- ---------------------------------------------------------------- -------------------------------- ---------------- ---------------- ----------- ------------------ ------------- ------
	 5 AES256   YES 3C6BE579296ECB9A77EFE8D88E32A9D8B3141A6B6F56E3786F2D66D9912EC0A3 64CB07B4027B4409B5035BED495E0DFA	      1141		  0	      0 NORMAL		   XTS		      3

1 row selected.

== Implicit database key for SYSTEM / UNDO / TEMP ======================

ENCRYPTI ENCRYPTEDKEY											  MASTERKEYID			   MAS CIPHERMODE    CON_ID
-------- ------------------------------------------------------------------------------------------------ -------------------------------- --- ------------- ------
AES256	 3FEC0ADD0A290405B16690986CE31FB6C51C8B54DC50094E557965E06BCE261100000000000000000000000000000000 64CB07B4027B4409B5035BED495E0DFA YES XTS		  3

1 row selected.

== Datafiles of encrypted tablespaces ==================================

TS_NAME 	     RELATIVE_FNO FILE_NAME								     BLOCKS BLOCK_SIZE	    BYTES
-------------------- ------------ ---------------------------------------------------------------------- ---------- ---------- ----------
CLONE_ENC		     1024 /opt/oracle/oradata/FREE/5B31574F5B0318F4E063020013AC1417/datafile/o1_       6400	  8192	 52428800
				  mf_clone_en_ob7dpobr_.dbf


1 row selected.

2026-09-11 09:50:47 INFO  listing datafiles of tablespace CLONE_ENC in PDB PDBCLONE
2026-09-11 09:50:47 INFO  found 1 datafile(s)
2026-09-11 09:50:47 INFO  fingerprinting o1_mf_clone_en_ob7dpobr_.dbf (block size 8192)
wrote /Users/stefan.oehrli/Repos/own/oehrlis/oracle-free-labs/data/xchange/evidence/pdb_baseline/o1_mf_clone_en_ob7dpobr_.dbf.fp
2026-09-11 09:50:47 INFO  scanning o1_mf_clone_en_ob7dpobr_.dbf for the clear-text marker
no hits - needle not present as plaintext in this datafile
2026-09-11 09:50:48 INFO  manifest written to /Users/stefan.oehrli/Repos/own/oehrlis/oracle-free-labs/data/xchange/evidence/pdb_baseline/manifest.txt
2026-09-11 09:50:48 INFO  Done.

========================================================================
== Read key values from PDBCLONE/CLONE_ENC
========================================================================

Key summary for pdb_baseline (PDBCLONE/CLONE_ENC):
  MASTERKEYID : 64CB07B4027B4409B5035BED495E0DFA
  Wrapped TEK : 3C6BE579296ECB9A77EFE8D88E32A9D8B3141A6B6F56E3786F2D66D9912EC0A3
  Notes       : marker=OEHRLI-CANARY-2026-09-03

------------------------------------------------------------------------
VERDICT: PASS - PDB testbed ready: PDBCLONE with canary tables and c##clone
------------------------------------------------------------------------
2026-09-11 09:50:49 INFO  Done.

========================================================================
  STEP 62: PDB P1: local clone in same CDB (reference case)
  Script: /Users/stefan.oehrli/Repos/own/oehrlis/oracle-free-labs/scripts/tde-verify/tests/62_pdb_p1_local.sh
  Time:   2026-09-11 09:50:49
========================================================================
2026-09-11 09:50:49 INFO  Starting 62_pdb_p1_local.sh 0.1.0

========================================================================
== Step 62: PDB P1 - local clone in same CDB
========================================================================
2026-09-11 09:50:50 INFO  db_create_file_dest already /opt/oracle/oradata in odbencprod

========================================================================
== Clone PDBCLONE -> PDBCLONE_P1 (local)
========================================================================
ALTER PLUGGABLE DATABASE PDBCLONE_P1 CLOSE IMMEDIATE
*
ERROR at line 1:
ORA-65011: Pluggable database PDBCLONE_P1 does not exist.
Help: https://docs.oracle.com/error-help/db/ora-65011/


DROP PLUGGABLE DATABASE PDBCLONE_P1 INCLUDING DATAFILES
*
ERROR at line 1:
ORA-65011: Pluggable database PDBCLONE_P1 does not exist.
Help: https://docs.oracle.com/error-help/db/ora-65011/



Pluggable database created.


Pluggable database altered.


NAME
--------------------------------------------------------------------------------
OPEN_MODE
----------
PDBCLONE_P1
READ WRITE



========================================================================
== Query key chain in PDBCLONE_P1
========================================================================

Session altered.


KEY_ID									       KEY_USE	  KEYSTORE_TYPE     ORIGIN				      BACKED_UP
------------------------------------------------------------------------------ ---------- ----------------- ----------------------------------------- ---------
AWTLB7QCe0QJtQNb7UleDfoAAAAAAAAAAAAAAAAAAAAAAAAAAAAA			       TDE IN PDB SOFTWARE KEYSTORE LOCAL				      NO

1 row selected.


MASTERKEYID			 ENCRYPTEDKEY							  KEY_VERSION ENCRYPT
-------------------------------- ---------------------------------------------------------------- ----------- -------
64CB07B4027B4409B5035BED495E0DFA F33A907E275234A4CD4B556FE7F9EB3E3E5E1C2DA3F31AC05002A1CB6C90CC40	    0 AES256

1 row selected.

========================================================================
== Collect evidence set 'pdb_p1_local'
========================================================================
2026-09-11 09:50:53 INFO  collecting evidence set 'pdb_p1_local' from odbencprod
2026-09-11 09:50:53 INFO  Starting tde_evidence.sh 0.1.0
2026-09-11 09:50:53 INFO  evidence set 'pdb_p1_local' -> /Users/stefan.oehrli/Repos/own/oehrlis/oracle-free-labs/data/xchange/evidence/pdb_p1_local
2026-09-11 09:50:53 INFO  collecting key chain evidence from odbencprod (CDB$ROOT)

Session altered.

========================================================================
== TDE key chain evidence snapshot =====================================
========================================================================
== Identity of this database ===========================================

CONTAINER	     DB_NAME	  DB_UNIQUE_NAME	 DBID CREATED	LOG_MODE     OPEN_MODE
-------------------- ------------ ---------------- ---------- --------- ------------ --------------------
CDB$ROOT	     FREE	  FREE		   1515732537 11-SEP-26 ARCHIVELOG   READ WRITE

1 row selected.

== Keystore state from v$encryption_wallet =============================

WRL_TYPE WRL_PARAMETER								STATUS		   WALLET_TYPE	   KEYSTORE CON_ID
-------- ---------------------------------------------------------------------- ------------------ --------------- -------- ------
FILE	 /opt/oracle/dbconfig/FREE/wallet/tde/					OPEN		   LOCAL_AUTOLOGIN NONE 	 1
FILE										OPEN		   LOCAL_AUTOLOGIN UNITED	 2
FILE										OPEN		   LOCAL_AUTOLOGIN UNITED	 3
FILE										OPEN		   LOCAL_AUTOLOGIN UNITED	 4
FILE										OPEN		   LOCAL_AUTOLOGIN UNITED	 5

5 rows selected.

== Master encryption keys from v$encryption_keys =======================

KEY_ID							 KEY_USE    KEYSTORE_TYPE  ORIGIN     BACKED_UP CREATION_TIME	       ACTIVATION_TIME
-------------------------------------------------------- ---------- -------------- ---------- --------- ---------------------- ----------------------
CREATOR_PDBNAME
--------------------------------------------------------------------------------------------------------------------------------
ACTIVATING_PDBNAME														 CON_ID
-------------------------------------------------------------------------------------------------------------------------------- ------
AfbcNSHAE0H8oa8yTTlGdNcAAAAAAAAAAAAAAAAAAAAAAAAAAAAA	 TDE IN PDB SOFTWARE KEYST LOCAL      YES	11.09.2026 07:32:53    11.09.2026 07:32:53
								    ORE
CDB$ROOT
CDB$ROOT															      1

AfUC3/VFkEu+oghTAX+EvjkAAAAAAAAAAAAAAAAAAAAAAAAAAAAA	 TDE IN PDB SOFTWARE KEYST LOCAL      YES	11.09.2026 07:32:57    11.09.2026 07:32:57
								    ORE
ODBENCPROD
ODBENCPROD															      4

AWTLB7QCe0QJtQNb7UleDfoAAAAAAAAAAAAAAAAAAAAAAAAAAAAA	 TDE IN PDB SOFTWARE KEYST LOCAL      NO	11.09.2026 07:50:45    11.09.2026 07:50:45
								    ORE
PDBCLONE
PDBCLONE															      3


3 rows selected.

== Tablespace key chain from v$encrypted_tablespaces ===================

TS_NAME 		    TS# ENCRYPTI ENC MASTERKEYID_HEX			KEY_VERSION STATUS	       ENCRYPTEDKEY_HEX 						  BLOCKS_ENCRYPTED BLOCKS_DECRYPTED CON_ID
-------------------- ---------- -------- --- ---------------------------------- ----------- ------------------ ------------------------------------------------------------------ ---------------- ---------------- ------
CLONE_ENC		      5 AES256	 YES 64CB07B4027B4409B5035BED495E0DFA		  0 NORMAL	       3C6BE579296ECB9A77EFE8D88E32A9D8B3141A6B6F56E3786F2D66D9912EC0A3 	      1141		  0	 3
CLONE_ENC		      5 AES256	 YES 64CB07B4027B4409B5035BED495E0DFA		  0 NORMAL	       F33A907E275234A4CD4B556FE7F9EB3E3E5E1C2DA3F31AC05002A1CB6C90CC40 		 0		  0	 5
USERS			      6 AES256	 YES F502DFF545904BBEA20853017F84BE39		  1 NORMAL	       FF27143DE967554706317B6691C471226EA029147FF3E1905F29270F341846BC 	       372		  3	 4

3 rows selected.

== Full v$encrypted_tablespaces row (version specific columns) =========

       TS# ENCRYPTI ENC ENCRYPTEDKEY							 MASTERKEYID			  BLOCKS_ENCRYPTED BLOCKS_DECRYPTED KEY_VERSION STATUS		   CIPHERMODE	 CON_ID
---------- -------- --- ---------------------------------------------------------------- -------------------------------- ---------------- ---------------- ----------- ------------------ ------------- ------
	 6 AES256   YES FF27143DE967554706317B6691C471226EA029147FF3E1905F29270F341846BC F502DFF545904BBEA20853017F84BE39	       372		  3	      1 NORMAL		   XTS		      4
	 5 AES256   YES 3C6BE579296ECB9A77EFE8D88E32A9D8B3141A6B6F56E3786F2D66D9912EC0A3 64CB07B4027B4409B5035BED495E0DFA	      1141		  0	      0 NORMAL		   XTS		      3
	 5 AES256   YES F33A907E275234A4CD4B556FE7F9EB3E3E5E1C2DA3F31AC05002A1CB6C90CC40 64CB07B4027B4409B5035BED495E0DFA		 0		  0	      0 NORMAL		   XTS		      5

3 rows selected.

== Implicit database key for SYSTEM / UNDO / TEMP ======================

ENCRYPTI ENCRYPTEDKEY											  MASTERKEYID			   MAS CIPHERMODE    CON_ID
-------- ------------------------------------------------------------------------------------------------ -------------------------------- --- ------------- ------
AES256	 C57590ABF3E38E41CB7AD79BFC94BC66344AB2DF0C158ECB8608EC71708FBF1B00000000000000000000000000000000 F6DC3521C01341FCA1AF324D394674D7 YES XTS		  1
NONE	 000000000000000000000000000000000000000000000000000000000000000000000000000000000000000000000000 00000000000000000000000000000000 NO  CFB		  2
AES256	 3FEC0ADD0A290405B16690986CE31FB6C51C8B54DC50094E557965E06BCE261100000000000000000000000000000000 64CB07B4027B4409B5035BED495E0DFA YES XTS		  3
AES256	 C994595FF4121EB6743BC291E4499AC8823B0749B855ABC64F5931E93229467600000000000000000000000000000000 F502DFF545904BBEA20853017F84BE39 YES XTS		  4
AES256	 3FEC0ADD0A290405B16690986CE31FB6C51C8B54DC50094E557965E06BCE261100000000000000000000000000000000 64CB07B4027B4409B5035BED495E0DFA YES XTS		  5

5 rows selected.

== Datafiles of encrypted tablespaces ==================================

no rows selected

2026-09-11 09:50:54 INFO  collecting key chain evidence from odbencprod (PDB PDBCLONE_P1)

Session altered.


Session altered.

========================================================================
== TDE key chain evidence snapshot =====================================
========================================================================
== Identity of this database ===========================================

CONTAINER	     DB_NAME	  DB_UNIQUE_NAME	 DBID CREATED	LOG_MODE     OPEN_MODE
-------------------- ------------ ---------------- ---------- --------- ------------ --------------------
PDBCLONE_P1	     FREE	  FREE		   1515732537 11-SEP-26 ARCHIVELOG   READ WRITE

1 row selected.

== Keystore state from v$encryption_wallet =============================

WRL_TYPE WRL_PARAMETER								STATUS		   WALLET_TYPE	   KEYSTORE CON_ID
-------- ---------------------------------------------------------------------- ------------------ --------------- -------- ------
FILE										OPEN		   LOCAL_AUTOLOGIN UNITED	 5

1 row selected.

== Master encryption keys from v$encryption_keys =======================

KEY_ID							 KEY_USE    KEYSTORE_TYPE  ORIGIN     BACKED_UP CREATION_TIME	       ACTIVATION_TIME
-------------------------------------------------------- ---------- -------------- ---------- --------- ---------------------- ----------------------
CREATOR_PDBNAME
--------------------------------------------------------------------------------------------------------------------------------
ACTIVATING_PDBNAME														 CON_ID
-------------------------------------------------------------------------------------------------------------------------------- ------
AWTLB7QCe0QJtQNb7UleDfoAAAAAAAAAAAAAAAAAAAAAAAAAAAAA	 TDE IN PDB SOFTWARE KEYST LOCAL      NO	11.09.2026 07:50:45    11.09.2026 07:50:45
								    ORE

PDBCLONE_P1															      5


1 row selected.

== Tablespace key chain from v$encrypted_tablespaces ===================

TS_NAME 		    TS# ENCRYPTI ENC MASTERKEYID_HEX			KEY_VERSION STATUS	       ENCRYPTEDKEY_HEX 						  BLOCKS_ENCRYPTED BLOCKS_DECRYPTED CON_ID
-------------------- ---------- -------- --- ---------------------------------- ----------- ------------------ ------------------------------------------------------------------ ---------------- ---------------- ------
CLONE_ENC		      5 AES256	 YES 64CB07B4027B4409B5035BED495E0DFA		  0 NORMAL	       F33A907E275234A4CD4B556FE7F9EB3E3E5E1C2DA3F31AC05002A1CB6C90CC40 		 0		  0	 5

1 row selected.

== Full v$encrypted_tablespaces row (version specific columns) =========

       TS# ENCRYPTI ENC ENCRYPTEDKEY							 MASTERKEYID			  BLOCKS_ENCRYPTED BLOCKS_DECRYPTED KEY_VERSION STATUS		   CIPHERMODE	 CON_ID
---------- -------- --- ---------------------------------------------------------------- -------------------------------- ---------------- ---------------- ----------- ------------------ ------------- ------
	 5 AES256   YES F33A907E275234A4CD4B556FE7F9EB3E3E5E1C2DA3F31AC05002A1CB6C90CC40 64CB07B4027B4409B5035BED495E0DFA		 0		  0	      0 NORMAL		   XTS		      5

1 row selected.

== Implicit database key for SYSTEM / UNDO / TEMP ======================

ENCRYPTI ENCRYPTEDKEY											  MASTERKEYID			   MAS CIPHERMODE    CON_ID
-------- ------------------------------------------------------------------------------------------------ -------------------------------- --- ------------- ------
AES256	 3FEC0ADD0A290405B16690986CE31FB6C51C8B54DC50094E557965E06BCE261100000000000000000000000000000000 64CB07B4027B4409B5035BED495E0DFA YES XTS		  5

1 row selected.

== Datafiles of encrypted tablespaces ==================================

TS_NAME 	     RELATIVE_FNO FILE_NAME								     BLOCKS BLOCK_SIZE	    BYTES
-------------------- ------------ ---------------------------------------------------------------------- ---------- ---------- ----------
CLONE_ENC		     1024 /opt/oracle/oradata/FREE/5B3157D2170D1969E063020013ACFC55/datafile/o1_       6400	  8192	 52428800
				  mf_clone_en_ob7dptfx_.dbf


1 row selected.

2026-09-11 09:50:54 INFO  listing datafiles of tablespace CLONE_ENC in PDB PDBCLONE_P1
2026-09-11 09:50:54 INFO  found 1 datafile(s)
2026-09-11 09:50:54 INFO  fingerprinting o1_mf_clone_en_ob7dptfx_.dbf (block size 8192)
wrote /Users/stefan.oehrli/Repos/own/oehrlis/oracle-free-labs/data/xchange/evidence/pdb_p1_local/o1_mf_clone_en_ob7dptfx_.dbf.fp
2026-09-11 09:50:54 INFO  scanning o1_mf_clone_en_ob7dptfx_.dbf for the clear-text marker
no hits - needle not present as plaintext in this datafile
2026-09-11 09:50:55 INFO  manifest written to /Users/stefan.oehrli/Repos/own/oehrlis/oracle-free-labs/data/xchange/evidence/pdb_p1_local/manifest.txt
2026-09-11 09:50:55 INFO  Done.

========================================================================
== Compare 'pdb_p1_local' vs 'pdb_baseline' (expect IDENTICAL)
========================================================================
2026-09-11 09:50:55 INFO  comparing evidence sets 'pdb_baseline' vs 'pdb_p1_local'
2026-09-11 09:50:55 INFO  Starting tde_evidence.sh 0.1.0
2026-09-11 09:50:55 WARN  datafile renamed between the two sets: o1_mf_clone_en_ob7dpobr_.dbf.fp vs o1_mf_clone_en_ob7dptfx_.dbf.fp
2026-09-11 09:50:55 WARN  pairing them anyway because each set holds exactly one datafile

== Block-level ciphertext comparison ==
A: pdb_baseline/o1_mf_clone_en_ob7dpobr_.dbf.fp
B: pdb_p1_local/o1_mf_clone_en_ob7dpobr_.dbf.fp
block_size A/B: 8192/8192
blocks compared: 6401
identical: 1
differing: 6400
first differing blocks: [1, 2, 3, 4, 5, 6, 7, 8, 9, 10, 11, 12, 13, 14, 15, 16, 17, 18, 19, 20]
... and 6380 more
verdict: MIXED - 6400 of 6401 blocks changed; inspect which ranges differ before drawing a conclusion
2026-09-11 09:50:55 INFO  compared 1 datafile(s)
2026-09-11 09:50:55 INFO  Done.
canary blocks:   identical 0 differing 313 total 313 (expect all differing - clone re-encrypts)

Key summary for pdb_p1_local (PDBCLONE_P1):
  MASTERKEYID : 64CB07B4027B4409B5035BED495E0DFA
  Wrapped TEK : F33A907E275234A4CD4B556FE7F9EB3E3E5E1C2DA3F31AC05002A1CB6C90CC40

Key summary for pdb_baseline  (PDBCLONE):
  MASTERKEYID : 64CB07B4027B4409B5035BED495E0DFA
  Wrapped TEK : 3C6BE579296ECB9A77EFE8D88E32A9D8B3141A6B6F56E3786F2D66D9912EC0A3

Wrapped TEK:    DIFFERENT
MASTERKEYID:    IDENTICAL - a re-wrap would have reproduced the same wrapped key

------------------------------------------------------------------------
VERDICT: PASS - P1 local clone: NEW tablespace key material. The MASTERKEYID is unchanged, so the differing wrapped key cannot be a re-wrap, and the ciphertext changed with it (identical 0 differing 313 total 313). A PDB clone re-encrypts - unlike every RMAN path measured
------------------------------------------------------------------------
2026-09-11 09:50:56 INFO  Done.

========================================================================
  STEP 63: PDB P2: unplug with key export, plug into dev CDB
  Script: /Users/stefan.oehrli/Repos/own/oehrlis/oracle-free-labs/scripts/tde-verify/tests/63_pdb_p2_archive.sh
  Time:   2026-09-11 09:50:57
========================================================================
2026-09-11 09:50:57 INFO  Starting 63_pdb_p2_archive.sh 0.1.0

========================================================================
== Step 63: PDB P2 - unplug with key export, plug into dev
========================================================================
2026-09-11 09:50:57 WARN  dev carries the same DBID as prod (1515732537) - it is a restore of the source
2026-09-11 09:50:57 WARN  resetting odbencdev: a restore of the source cannot stand in for a foreign CDB
2026-09-11 09:50:57 INFO  resetting service 'odbencdev' ...
 Container odbencdev Stopping 
 Container odbencdev Stopped 
 Container odbencdev Removing 
 Container odbencdev Removed 
 Network oracle-free-labs_default Removing 
 Network oracle-free-labs_default Resource is still in use 
2026-09-11 09:51:00 INFO  removing /Users/stefan.oehrli/Repos/own/oehrlis/oracle-free-labs/data/odbencdev
2026-09-11 09:51:00 INFO  restored tracked files under data/odbencdev
2026-09-11 09:51:00 INFO  service 'odbencdev' reset complete
2026-09-11 09:51:00 INFO  starting service 'odbencdev' ...
 Container odbencdev Creating 
 Container odbencdev Created 
 Container odbencdev Starting 
 Container odbencdev Started 
2026-09-11 09:51:01 INFO  waiting for odbencdev to be ready (timeout 600s) ...
2026-09-11 09:53:04 INFO  odbencdev is ready
2026-09-11 09:53:04 INFO  odbencdev health: healthy
2026-09-11 09:53:04 INFO  dev CDB rebuilt, DBID now 1515733761 (prod 1515732537)

========================================================================
== Remove a leftover PDB archive if present
========================================================================
no leftover archive at /opt/oracle/xchange/pdbclone_p2.pdb
2026-09-11 09:53:05 INFO  db_create_file_dest already /opt/oracle/oradata in odbencprod
2026-09-11 09:53:06 INFO  db_create_file_dest set to /opt/oracle/oradata in odbencdev

========================================================================
== Phase 1: UNPLUG PDBCLONE with key encryption
========================================================================

Pluggable database altered.


Pluggable database altered.


Pluggable database dropped.


STATUS
------------------------------
PDBCLONE unplugged and dropped

========================================================================
== Phase 2: Re-plug PDBCLONE back into prod
========================================================================

Pluggable database created.


Pluggable database altered.


Pluggable database altered.


NAME
--------------------------------------------------------------------------------
OPEN_MODE
----------
PDBCLONE
READ WRITE



========================================================================
== Phase 3: Prepare dev - drop PDBCLONE_P2 if exists
========================================================================
ALTER PLUGGABLE DATABASE PDBCLONE_P2 CLOSE IMMEDIATE
*
ERROR at line 1:
ORA-65011: Pluggable database PDBCLONE_P2 does not exist.
Help: https://docs.oracle.com/error-help/db/ora-65011/


DROP PLUGGABLE DATABASE PDBCLONE_P2 INCLUDING DATAFILES
*
ERROR at line 1:
ORA-65011: Pluggable database PDBCLONE_P2 does not exist.
Help: https://docs.oracle.com/error-help/db/ora-65011/



STATUS
----------------
dev cleanup done

========================================================================
== Phase 4: CREATE PDBCLONE_P2 in dev from archive
========================================================================

Pluggable database created.


Pluggable database altered.


NAME
--------------------------------------------------------------------------------
OPEN_MODE
----------
PDBCLONE_P2
READ WRITE



========================================================================
== Phase 5: Query key chain in PDBCLONE_P2
========================================================================

Session altered.


KEY_ID									       KEY_USE	  KEYSTORE_TYPE     ORIGIN				      BACKED_UP
------------------------------------------------------------------------------ ---------- ----------------- ----------------------------------------- ---------
AWTLB7QCe0QJtQNb7UleDfoAAAAAAAAAAAAAAAAAAAAAAAAAAAAA			       TDE IN PDB SOFTWARE KEYSTORE LOCAL				      NO

1 row selected.


MASTERKEYID			 ENCRYPTEDKEY							  KEY_VERSION ENCRYPT
-------------------------------- ---------------------------------------------------------------- ----------- -------
64CB07B4027B4409B5035BED495E0DFA 3C6BE579296ECB9A77EFE8D88E32A9D8B3141A6B6F56E3786F2D66D9912EC0A3	    0 AES256

1 row selected.

========================================================================
== Collect evidence set 'pdb_p2_archive'
========================================================================
2026-09-11 09:53:24 INFO  collecting evidence set 'pdb_p2_archive' from odbencdev
2026-09-11 09:53:24 INFO  Starting tde_evidence.sh 0.1.0
2026-09-11 09:53:24 INFO  evidence set 'pdb_p2_archive' -> /Users/stefan.oehrli/Repos/own/oehrlis/oracle-free-labs/data/xchange/evidence/pdb_p2_archive
2026-09-11 09:53:24 INFO  collecting key chain evidence from odbencdev (CDB$ROOT)

Session altered.

========================================================================
== TDE key chain evidence snapshot =====================================
========================================================================
== Identity of this database ===========================================

CONTAINER	     DB_NAME	  DB_UNIQUE_NAME	 DBID CREATED	LOG_MODE     OPEN_MODE
-------------------- ------------ ---------------- ---------- --------- ------------ --------------------
CDB$ROOT	     FREE	  FREE		   1515733761 11-SEP-26 ARCHIVELOG   READ WRITE

1 row selected.

== Keystore state from v$encryption_wallet =============================

WRL_TYPE WRL_PARAMETER								STATUS		   WALLET_TYPE	   KEYSTORE CON_ID
-------- ---------------------------------------------------------------------- ------------------ --------------- -------- ------
FILE	 /opt/oracle/dbconfig/FREE/wallet/tde/					OPEN		   LOCAL_AUTOLOGIN NONE 	 1
FILE										OPEN		   LOCAL_AUTOLOGIN UNITED	 2
FILE										OPEN_NO_MASTER_KEY LOCAL_AUTOLOGIN UNITED	 3
FILE										OPEN		   LOCAL_AUTOLOGIN UNITED	 4

4 rows selected.

== Master encryption keys from v$encryption_keys =======================

KEY_ID							 KEY_USE    KEYSTORE_TYPE  ORIGIN     BACKED_UP CREATION_TIME	       ACTIVATION_TIME
-------------------------------------------------------- ---------- -------------- ---------- --------- ---------------------- ----------------------
CREATOR_PDBNAME
--------------------------------------------------------------------------------------------------------------------------------
ACTIVATING_PDBNAME														 CON_ID
-------------------------------------------------------------------------------------------------------------------------------- ------
AWTLB7QCe0QJtQNb7UleDfoAAAAAAAAAAAAAAAAAAAAAAAAAAAAA	 TDE IN PDB SOFTWARE KEYST LOCAL      NO	11.09.2026 07:50:45    11.09.2026 07:50:45
								    ORE
PDBCLONE_P2
PDBCLONE_P2															      4

ARZ5LdyfDUhLiHlUMSkxKdcAAAAAAAAAAAAAAAAAAAAAAAAAAAAA	 TDE IN PDB SOFTWARE KEYST LOCAL      NO	11.09.2026 07:52:51    11.09.2026 07:52:51
								    ORE
CDB$ROOT
CDB$ROOT															      1


2 rows selected.

== Tablespace key chain from v$encrypted_tablespaces ===================

TS_NAME 		    TS# ENCRYPTI ENC MASTERKEYID_HEX			KEY_VERSION STATUS	       ENCRYPTEDKEY_HEX 						  BLOCKS_ENCRYPTED BLOCKS_DECRYPTED CON_ID
-------------------- ---------- -------- --- ---------------------------------- ----------- ------------------ ------------------------------------------------------------------ ---------------- ---------------- ------
CLONE_ENC		      5 AES256	 YES 64CB07B4027B4409B5035BED495E0DFA		  0 NORMAL	       3C6BE579296ECB9A77EFE8D88E32A9D8B3141A6B6F56E3786F2D66D9912EC0A3 		 0		  0	 4

1 row selected.

== Full v$encrypted_tablespaces row (version specific columns) =========

       TS# ENCRYPTI ENC ENCRYPTEDKEY							 MASTERKEYID			  BLOCKS_ENCRYPTED BLOCKS_DECRYPTED KEY_VERSION STATUS		   CIPHERMODE	 CON_ID
---------- -------- --- ---------------------------------------------------------------- -------------------------------- ---------------- ---------------- ----------- ------------------ ------------- ------
	 5 AES256   YES 3C6BE579296ECB9A77EFE8D88E32A9D8B3141A6B6F56E3786F2D66D9912EC0A3 64CB07B4027B4409B5035BED495E0DFA		 0		  0	      0 NORMAL		   XTS		      4

1 row selected.

== Implicit database key for SYSTEM / UNDO / TEMP ======================

ENCRYPTI ENCRYPTEDKEY											  MASTERKEYID			   MAS CIPHERMODE    CON_ID
-------- ------------------------------------------------------------------------------------------------ -------------------------------- --- ------------- ------
AES256	 8204B17D6571D69C02D14CB52423DA2B4CE10F10FC9FDEEF120F5056AF63FC2200000000000000000000000000000000 16792DDC9F0D484B88795431293129D7 YES XTS		  1
NONE	 000000000000000000000000000000000000000000000000000000000000000000000000000000000000000000000000 00000000000000000000000000000000 NO  CFB		  2
AES256	 8DEDF20BF1EF730F97ED18988690A1F05BCD56DCB3D02B127EE8A75AA861F5B800000000000000000000000000000000 11706D91F98349B1987250C10F7D5B80 NO  XTS		  3
AES256	 3FEC0ADD0A290405B16690986CE31FB6C51C8B54DC50094E557965E06BCE261100000000000000000000000000000000 64CB07B4027B4409B5035BED495E0DFA YES XTS		  4

4 rows selected.

== Datafiles of encrypted tablespaces ==================================

no rows selected

2026-09-11 09:53:25 INFO  collecting key chain evidence from odbencdev (PDB PDBCLONE_P2)

Session altered.


Session altered.

========================================================================
== TDE key chain evidence snapshot =====================================
========================================================================
== Identity of this database ===========================================

CONTAINER	     DB_NAME	  DB_UNIQUE_NAME	 DBID CREATED	LOG_MODE     OPEN_MODE
-------------------- ------------ ---------------- ---------- --------- ------------ --------------------
PDBCLONE_P2	     FREE	  FREE		   1515733761 11-SEP-26 ARCHIVELOG   READ WRITE

1 row selected.

== Keystore state from v$encryption_wallet =============================

WRL_TYPE WRL_PARAMETER								STATUS		   WALLET_TYPE	   KEYSTORE CON_ID
-------- ---------------------------------------------------------------------- ------------------ --------------- -------- ------
FILE										OPEN		   LOCAL_AUTOLOGIN UNITED	 4

1 row selected.

== Master encryption keys from v$encryption_keys =======================

KEY_ID							 KEY_USE    KEYSTORE_TYPE  ORIGIN     BACKED_UP CREATION_TIME	       ACTIVATION_TIME
-------------------------------------------------------- ---------- -------------- ---------- --------- ---------------------- ----------------------
CREATOR_PDBNAME
--------------------------------------------------------------------------------------------------------------------------------
ACTIVATING_PDBNAME														 CON_ID
-------------------------------------------------------------------------------------------------------------------------------- ------
AWTLB7QCe0QJtQNb7UleDfoAAAAAAAAAAAAAAAAAAAAAAAAAAAAA	 TDE IN PDB SOFTWARE KEYST LOCAL      NO	11.09.2026 07:50:45    11.09.2026 07:50:45
								    ORE
PDBCLONE_P2
PDBCLONE_P2															      4


1 row selected.

== Tablespace key chain from v$encrypted_tablespaces ===================

TS_NAME 		    TS# ENCRYPTI ENC MASTERKEYID_HEX			KEY_VERSION STATUS	       ENCRYPTEDKEY_HEX 						  BLOCKS_ENCRYPTED BLOCKS_DECRYPTED CON_ID
-------------------- ---------- -------- --- ---------------------------------- ----------- ------------------ ------------------------------------------------------------------ ---------------- ---------------- ------
CLONE_ENC		      5 AES256	 YES 64CB07B4027B4409B5035BED495E0DFA		  0 NORMAL	       3C6BE579296ECB9A77EFE8D88E32A9D8B3141A6B6F56E3786F2D66D9912EC0A3 		 0		  0	 4

1 row selected.

== Full v$encrypted_tablespaces row (version specific columns) =========

       TS# ENCRYPTI ENC ENCRYPTEDKEY							 MASTERKEYID			  BLOCKS_ENCRYPTED BLOCKS_DECRYPTED KEY_VERSION STATUS		   CIPHERMODE	 CON_ID
---------- -------- --- ---------------------------------------------------------------- -------------------------------- ---------------- ---------------- ----------- ------------------ ------------- ------
	 5 AES256   YES 3C6BE579296ECB9A77EFE8D88E32A9D8B3141A6B6F56E3786F2D66D9912EC0A3 64CB07B4027B4409B5035BED495E0DFA		 0		  0	      0 NORMAL		   XTS		      4

1 row selected.

== Implicit database key for SYSTEM / UNDO / TEMP ======================

ENCRYPTI ENCRYPTEDKEY											  MASTERKEYID			   MAS CIPHERMODE    CON_ID
-------- ------------------------------------------------------------------------------------------------ -------------------------------- --- ------------- ------
AES256	 3FEC0ADD0A290405B16690986CE31FB6C51C8B54DC50094E557965E06BCE261100000000000000000000000000000000 64CB07B4027B4409B5035BED495E0DFA YES XTS		  4

1 row selected.

== Datafiles of encrypted tablespaces ==================================

TS_NAME 	     RELATIVE_FNO FILE_NAME								     BLOCKS BLOCK_SIZE	    BYTES
-------------------- ------------ ---------------------------------------------------------------------- ---------- ---------- ----------
CLONE_ENC		     1024 /opt/oracle/oradata/FREE/5B31574F5B0318F4E063020013AC1417/datafile/o1_       6400	  8192	 52428800
				  mf_clone_en_ob7dvj8z_.dbf


1 row selected.

2026-09-11 09:53:25 INFO  listing datafiles of tablespace CLONE_ENC in PDB PDBCLONE_P2
2026-09-11 09:53:25 INFO  found 1 datafile(s)
2026-09-11 09:53:25 INFO  fingerprinting o1_mf_clone_en_ob7dvj8z_.dbf (block size 8192)
wrote /Users/stefan.oehrli/Repos/own/oehrlis/oracle-free-labs/data/xchange/evidence/pdb_p2_archive/o1_mf_clone_en_ob7dvj8z_.dbf.fp
2026-09-11 09:53:26 INFO  scanning o1_mf_clone_en_ob7dvj8z_.dbf for the clear-text marker
no hits - needle not present as plaintext in this datafile
2026-09-11 09:53:26 INFO  manifest written to /Users/stefan.oehrli/Repos/own/oehrlis/oracle-free-labs/data/xchange/evidence/pdb_p2_archive/manifest.txt
2026-09-11 09:53:26 INFO  Done.

========================================================================
== Compare 'pdb_p2_archive' vs 'pdb_baseline' (expect TEK identical)
========================================================================
2026-09-11 09:53:26 INFO  comparing evidence sets 'pdb_baseline' vs 'pdb_p2_archive'
2026-09-11 09:53:26 INFO  Starting tde_evidence.sh 0.1.0
2026-09-11 09:53:26 WARN  datafile renamed between the two sets: o1_mf_clone_en_ob7dpobr_.dbf.fp vs o1_mf_clone_en_ob7dvj8z_.dbf.fp
2026-09-11 09:53:26 WARN  pairing them anyway because each set holds exactly one datafile

== Block-level ciphertext comparison ==
A: pdb_baseline/o1_mf_clone_en_ob7dpobr_.dbf.fp
B: pdb_p2_archive/o1_mf_clone_en_ob7dpobr_.dbf.fp
block_size A/B: 8192/8192
blocks compared: 6401
identical: 6400
differing: 1
first differing blocks: [1]
verdict: RE-WRAP INDICATED - only 1 block(s) changed; data blocks byte-identical, so the tablespace key is unchanged
2026-09-11 09:53:26 INFO  compared 1 datafile(s)
2026-09-11 09:53:26 INFO  Done.
canary blocks:   identical 313 differing 0 total 313 (expect all identical - the archive moves files unchanged)

Key summary for pdb_p2_archive (PDBCLONE_P2):
  MASTERKEYID : 64CB07B4027B4409B5035BED495E0DFA
  Wrapped TEK : 3C6BE579296ECB9A77EFE8D88E32A9D8B3141A6B6F56E3786F2D66D9912EC0A3
  Notes       : ORIGIN=LOCAL KEY_VERSION=0

Key summary for pdb_baseline   (PDBCLONE):
  MASTERKEYID : 64CB07B4027B4409B5035BED495E0DFA
  Wrapped TEK : 3C6BE579296ECB9A77EFE8D88E32A9D8B3141A6B6F56E3786F2D66D9912EC0A3

TEK comparison:  IDENTICAL (expected)
ORIGIN in clone: LOCAL (expect: IMPORTED)
KEY_VERSION:     0 (doc: may reset to 0 after foreign plug-in)

------------------------------------------------------------------------
VERDICT: PASS - P2: the archive transport preserved both the wrapped key and the ciphertext (identical 313 differing 0 total 313) into a foreign CDB, ORIGIN=LOCAL, KEY_VERSION=0. The opposite of the clone in P1/P4, which renews the key
------------------------------------------------------------------------
2026-09-11 09:53:29 INFO  Done.

========================================================================
  STEP 64: PDB P3: unplug without key export - negative test
  Script: /Users/stefan.oehrli/Repos/own/oehrlis/oracle-free-labs/scripts/tde-verify/tests/64_pdb_p3_nokeys.sh
  Time:   2026-09-11 09:53:29
========================================================================
2026-09-11 09:53:29 INFO  Starting 64_pdb_p3_nokeys.sh 0.1.0

========================================================================
== Step 64: PDB P3 - unplug without key export (negative test)
========================================================================

========================================================================
== Remove a leftover PDB archive if present
========================================================================
no leftover archive at /opt/oracle/xchange/pdbclone_p3.pdb
2026-09-11 09:53:30 INFO  db_create_file_dest already /opt/oracle/oradata in odbencprod
2026-09-11 09:53:30 INFO  db_create_file_dest already /opt/oracle/oradata in odbencdev

========================================================================
== Phase 1: UNPLUG PDBCLONE (no key export)
========================================================================

Pluggable database altered.

ALTER PLUGGABLE DATABASE PDBCLONE
*
ERROR at line 1:
ORA-46680: Pluggable database (PDB) master keys must be exported.
Help: https://docs.oracle.com/error-help/db/ora-46680/
2026-09-11 09:53:31 INFO  archive present after the keyless unplug attempt: no

========================================================================
== Reopen PDBCLONE - phase 1 closed it and nothing was unplugged
========================================================================

Pluggable database altered.


Pluggable database altered.


NAME
--------------------------------------------------------------------------------
OPEN_MODE
----------
PDBCLONE
READ WRITE

------------------------------------------------------------------------
VERDICT: PASS - P3: Oracle refuses the keyless unplug outright (ORA-46680, PDB master keys must be exported). No archive is written, so an encrypted PDB cannot be carried off without the keys at all - the block sits earlier than the test assumed
------------------------------------------------------------------------
2026-09-11 09:53:31 INFO  Done.

========================================================================
  STEP 65: PDB P4: remote clone via DB link as c##clone
  Script: /Users/stefan.oehrli/Repos/own/oehrlis/oracle-free-labs/scripts/tde-verify/tests/65_pdb_p4_remote.sh
  Time:   2026-09-11 09:53:31
========================================================================
2026-09-11 09:53:32 INFO  Starting 65_pdb_p4_remote.sh 0.1.0

========================================================================
== Step 65: PDB P4 - remote clone via DB link
========================================================================
2026-09-11 09:53:32 INFO  dev CDB is independent (DBID 1515733761 vs prod 1515732537)
2026-09-11 09:53:33 INFO  db_create_file_dest already /opt/oracle/oradata in odbencprod
2026-09-11 09:53:33 INFO  db_create_file_dest already /opt/oracle/oradata in odbencdev

========================================================================
== Phase 1: Prepare credential for DB link (prod container only)
========================================================================
2026-09-11 09:53:33 INFO  clone password read into memory, not written to disk

========================================================================
== Phase 2: Create DB link prod_cdb_link in dev
========================================================================
DROP DATABASE LINK prod_cdb_link
                   *
ERROR at line 1:
ORA-02024: database link not found
Help: https://docs.oracle.com/error-help/db/ora-02024/



Database link created.


LINK_STATUS
------------
DB link test


========================================================================
== Phase 3: Prepare dev - drop PDBCLONE_P4 if exists
========================================================================
ALTER PLUGGABLE DATABASE PDBCLONE_P4 CLOSE IMMEDIATE
*
ERROR at line 1:
ORA-65011: Pluggable database PDBCLONE_P4 does not exist.
Help: https://docs.oracle.com/error-help/db/ora-65011/


DROP PLUGGABLE DATABASE PDBCLONE_P4 INCLUDING DATAFILES
*
ERROR at line 1:
ORA-65011: Pluggable database PDBCLONE_P4 does not exist.
Help: https://docs.oracle.com/error-help/db/ora-65011/



STATUS
----------------
dev cleanup done

========================================================================
== Phase 4: CREATE PDBCLONE_P4 FROM PDBCLONE@prod_cdb_link
========================================================================

Pluggable database created.


NAME
--------------------------------------------------------------------------------
OPEN_MODE
----------
PDBCLONE_P4
MOUNTED



========================================================================
== Remove a leftover key export file if present
========================================================================
no leftover key export at /opt/oracle/xchange/pdbclone_p4_keys.exp
2026-09-11 09:53:39 INFO  source tablespace depends on MEK 64CB07B4027B4409B5035BED495E0DFA (KEY_ID AWTLB7QCe0QJtQNb7UleDfoAAAAAAAAAAAAAAAAAAAAAAAAAAAAA)

========================================================================
== Phase 5: Export keys from prod for PDBCLONE
========================================================================

keystore altered.


STATUS
-------------
keys exported


========================================================================
== Phase 6: Import keys into dev keystore
========================================================================
*
ERROR at line 1:
ORA-46655: no valid keys in the file from which keys are to be imported
Help: https://docs.oracle.com/error-help/db/ora-46655/



========================================================================
== Phase 7: Remove temp credential file
========================================================================
2026-09-11 09:53:39 INFO  Credential file removed

========================================================================
== Phase 8: Open PDBCLONE_P4 and verify canary
========================================================================

Pluggable database altered.


Session altered.

========================================================================
== Read canary SCOTT.CANARY_CLONEENC
========================================================================

CONTAINER
--------------------
PDBCLONE_P4

1 row selected.

== Row count and marker match ==========================================

ROWS_TOTAL MARKER_MATCH     MIN_ID     MAX_ID
---------- ------------ ---------- ----------
      5000	   5000 	 1	 5000

1 row selected.

== Sample rows =========================================================

	ID MARKER				    PAYLOAD_HEAD
---------- ---------------------------------------- ------------------------
	 1 OEHRLI-CANARY-2026-09-03		    CANARY-0000001-XXXXX
	 2 OEHRLI-CANARY-2026-09-03		    CANARY-0000002-XXXXX
	 3 OEHRLI-CANARY-2026-09-03		    CANARY-0000003-XXXXX

3 rows selected.

== Verdict =============================================================

VERDICT
------------------------------------------------------------
READABLE - all rows decrypt with the keys present here

1 row selected.

========================================================================
== Phase 9: Query key chain in PDBCLONE_P4
========================================================================

Session altered.


KEY_ID									       KEY_USE	  KEYSTORE_TYPE     ORIGIN				      BACKED_UP
------------------------------------------------------------------------------ ---------- ----------------- ----------------------------------------- ---------
AWTLB7QCe0QJtQNb7UleDfoAAAAAAAAAAAAAAAAAAAAAAAAAAAAA			       TDE IN PDB SOFTWARE KEYSTORE LOCAL				      NO

1 row selected.


MASTERKEYID			 ENCRYPTEDKEY							  KEY_VERSION ENCRYPT
-------------------------------- ---------------------------------------------------------------- ----------- -------
64CB07B4027B4409B5035BED495E0DFA 5B61ADAB9E6AFEC8D8C5ECCA2C5DEC5808FE2BCA751D93AD85BA37FCB4140283	    0 AES256

1 row selected.

========================================================================
== Collect evidence set 'pdb_p4_remote'
========================================================================
2026-09-11 09:53:41 INFO  collecting evidence set 'pdb_p4_remote' from odbencdev
2026-09-11 09:53:41 INFO  Starting tde_evidence.sh 0.1.0
2026-09-11 09:53:41 INFO  evidence set 'pdb_p4_remote' -> /Users/stefan.oehrli/Repos/own/oehrlis/oracle-free-labs/data/xchange/evidence/pdb_p4_remote
2026-09-11 09:53:41 INFO  collecting key chain evidence from odbencdev (CDB$ROOT)

Session altered.

========================================================================
== TDE key chain evidence snapshot =====================================
========================================================================
== Identity of this database ===========================================

CONTAINER	     DB_NAME	  DB_UNIQUE_NAME	 DBID CREATED	LOG_MODE     OPEN_MODE
-------------------- ------------ ---------------- ---------- --------- ------------ --------------------
CDB$ROOT	     FREE	  FREE		   1515733761 11-SEP-26 ARCHIVELOG   READ WRITE

1 row selected.

== Keystore state from v$encryption_wallet =============================

WRL_TYPE WRL_PARAMETER								STATUS		   WALLET_TYPE	   KEYSTORE CON_ID
-------- ---------------------------------------------------------------------- ------------------ --------------- -------- ------
FILE	 /opt/oracle/dbconfig/FREE/wallet/tde/					OPEN		   LOCAL_AUTOLOGIN NONE 	 1
FILE										OPEN		   LOCAL_AUTOLOGIN UNITED	 2
FILE										OPEN_NO_MASTER_KEY LOCAL_AUTOLOGIN UNITED	 3
FILE										OPEN		   LOCAL_AUTOLOGIN UNITED	 4
FILE										OPEN		   LOCAL_AUTOLOGIN UNITED	 5

5 rows selected.

== Master encryption keys from v$encryption_keys =======================

KEY_ID							 KEY_USE    KEYSTORE_TYPE  ORIGIN     BACKED_UP CREATION_TIME	       ACTIVATION_TIME
-------------------------------------------------------- ---------- -------------- ---------- --------- ---------------------- ----------------------
CREATOR_PDBNAME
--------------------------------------------------------------------------------------------------------------------------------
ACTIVATING_PDBNAME														 CON_ID
-------------------------------------------------------------------------------------------------------------------------------- ------
AWTLB7QCe0QJtQNb7UleDfoAAAAAAAAAAAAAAAAAAAAAAAAAAAAA	 TDE IN PDB SOFTWARE KEYST LOCAL      NO	11.09.2026 07:50:45    11.09.2026 07:50:45
								    ORE
PDBCLONE_P2
PDBCLONE_P2															      4

ARZ5LdyfDUhLiHlUMSkxKdcAAAAAAAAAAAAAAAAAAAAAAAAAAAAA	 TDE IN PDB SOFTWARE KEYST LOCAL      NO	11.09.2026 07:52:51    11.09.2026 07:52:51
								    ORE
CDB$ROOT
CDB$ROOT															      1


2 rows selected.

== Tablespace key chain from v$encrypted_tablespaces ===================

TS_NAME 		    TS# ENCRYPTI ENC MASTERKEYID_HEX			KEY_VERSION STATUS	       ENCRYPTEDKEY_HEX 						  BLOCKS_ENCRYPTED BLOCKS_DECRYPTED CON_ID
-------------------- ---------- -------- --- ---------------------------------- ----------- ------------------ ------------------------------------------------------------------ ---------------- ---------------- ------
CLONE_ENC		      5 AES256	 YES 64CB07B4027B4409B5035BED495E0DFA		  0 NORMAL	       5B61ADAB9E6AFEC8D8C5ECCA2C5DEC5808FE2BCA751D93AD85BA37FCB4140283 		 0		353	 5
CLONE_ENC		      5 AES256	 YES 64CB07B4027B4409B5035BED495E0DFA		  0 NORMAL	       3C6BE579296ECB9A77EFE8D88E32A9D8B3141A6B6F56E3786F2D66D9912EC0A3 		 0		266	 4

2 rows selected.

== Full v$encrypted_tablespaces row (version specific columns) =========

       TS# ENCRYPTI ENC ENCRYPTEDKEY							 MASTERKEYID			  BLOCKS_ENCRYPTED BLOCKS_DECRYPTED KEY_VERSION STATUS		   CIPHERMODE	 CON_ID
---------- -------- --- ---------------------------------------------------------------- -------------------------------- ---------------- ---------------- ----------- ------------------ ------------- ------
	 5 AES256   YES 3C6BE579296ECB9A77EFE8D88E32A9D8B3141A6B6F56E3786F2D66D9912EC0A3 64CB07B4027B4409B5035BED495E0DFA		 0		266	      0 NORMAL		   XTS		      4
	 5 AES256   YES 5B61ADAB9E6AFEC8D8C5ECCA2C5DEC5808FE2BCA751D93AD85BA37FCB4140283 64CB07B4027B4409B5035BED495E0DFA		 0		353	      0 NORMAL		   XTS		      5

2 rows selected.

== Implicit database key for SYSTEM / UNDO / TEMP ======================

ENCRYPTI ENCRYPTEDKEY											  MASTERKEYID			   MAS CIPHERMODE    CON_ID
-------- ------------------------------------------------------------------------------------------------ -------------------------------- --- ------------- ------
AES256	 8204B17D6571D69C02D14CB52423DA2B4CE10F10FC9FDEEF120F5056AF63FC2200000000000000000000000000000000 16792DDC9F0D484B88795431293129D7 YES XTS		  1
NONE	 000000000000000000000000000000000000000000000000000000000000000000000000000000000000000000000000 00000000000000000000000000000000 NO  CFB		  2
AES256	 8DEDF20BF1EF730F97ED18988690A1F05BCD56DCB3D02B127EE8A75AA861F5B800000000000000000000000000000000 11706D91F98349B1987250C10F7D5B80 NO  XTS		  3
AES256	 3FEC0ADD0A290405B16690986CE31FB6C51C8B54DC50094E557965E06BCE261100000000000000000000000000000000 64CB07B4027B4409B5035BED495E0DFA YES XTS		  4
AES256	 3FEC0ADD0A290405B16690986CE31FB6C51C8B54DC50094E557965E06BCE261100000000000000000000000000000000 64CB07B4027B4409B5035BED495E0DFA YES XTS		  5

5 rows selected.

== Datafiles of encrypted tablespaces ==================================

no rows selected

2026-09-11 09:53:42 INFO  collecting key chain evidence from odbencdev (PDB PDBCLONE_P4)

Session altered.


Session altered.

========================================================================
== TDE key chain evidence snapshot =====================================
========================================================================
== Identity of this database ===========================================

CONTAINER	     DB_NAME	  DB_UNIQUE_NAME	 DBID CREATED	LOG_MODE     OPEN_MODE
-------------------- ------------ ---------------- ---------- --------- ------------ --------------------
PDBCLONE_P4	     FREE	  FREE		   1515733761 11-SEP-26 ARCHIVELOG   READ WRITE

1 row selected.

== Keystore state from v$encryption_wallet =============================

WRL_TYPE WRL_PARAMETER								STATUS		   WALLET_TYPE	   KEYSTORE CON_ID
-------- ---------------------------------------------------------------------- ------------------ --------------- -------- ------
FILE										OPEN		   LOCAL_AUTOLOGIN UNITED	 5

1 row selected.

== Master encryption keys from v$encryption_keys =======================

KEY_ID							 KEY_USE    KEYSTORE_TYPE  ORIGIN     BACKED_UP CREATION_TIME	       ACTIVATION_TIME
-------------------------------------------------------- ---------- -------------- ---------- --------- ---------------------- ----------------------
CREATOR_PDBNAME
--------------------------------------------------------------------------------------------------------------------------------
ACTIVATING_PDBNAME														 CON_ID
-------------------------------------------------------------------------------------------------------------------------------- ------
AWTLB7QCe0QJtQNb7UleDfoAAAAAAAAAAAAAAAAAAAAAAAAAAAAA	 TDE IN PDB SOFTWARE KEYST LOCAL      NO	11.09.2026 07:50:45    11.09.2026 07:50:45
								    ORE

PDBCLONE_P4															      5


1 row selected.

== Tablespace key chain from v$encrypted_tablespaces ===================

TS_NAME 		    TS# ENCRYPTI ENC MASTERKEYID_HEX			KEY_VERSION STATUS	       ENCRYPTEDKEY_HEX 						  BLOCKS_ENCRYPTED BLOCKS_DECRYPTED CON_ID
-------------------- ---------- -------- --- ---------------------------------- ----------- ------------------ ------------------------------------------------------------------ ---------------- ---------------- ------
CLONE_ENC		      5 AES256	 YES 64CB07B4027B4409B5035BED495E0DFA		  0 NORMAL	       5B61ADAB9E6AFEC8D8C5ECCA2C5DEC5808FE2BCA751D93AD85BA37FCB4140283 		 0		353	 5

1 row selected.

== Full v$encrypted_tablespaces row (version specific columns) =========

       TS# ENCRYPTI ENC ENCRYPTEDKEY							 MASTERKEYID			  BLOCKS_ENCRYPTED BLOCKS_DECRYPTED KEY_VERSION STATUS		   CIPHERMODE	 CON_ID
---------- -------- --- ---------------------------------------------------------------- -------------------------------- ---------------- ---------------- ----------- ------------------ ------------- ------
	 5 AES256   YES 5B61ADAB9E6AFEC8D8C5ECCA2C5DEC5808FE2BCA751D93AD85BA37FCB4140283 64CB07B4027B4409B5035BED495E0DFA		 0		353	      0 NORMAL		   XTS		      5

1 row selected.

== Implicit database key for SYSTEM / UNDO / TEMP ======================

ENCRYPTI ENCRYPTEDKEY											  MASTERKEYID			   MAS CIPHERMODE    CON_ID
-------- ------------------------------------------------------------------------------------------------ -------------------------------- --- ------------- ------
AES256	 3FEC0ADD0A290405B16690986CE31FB6C51C8B54DC50094E557965E06BCE261100000000000000000000000000000000 64CB07B4027B4409B5035BED495E0DFA YES XTS		  5

1 row selected.

== Datafiles of encrypted tablespaces ==================================

TS_NAME 	     RELATIVE_FNO FILE_NAME								     BLOCKS BLOCK_SIZE	    BYTES
-------------------- ------------ ---------------------------------------------------------------------- ---------- ---------- ----------
CLONE_ENC		     1024 /opt/oracle/oradata/FREE/5B316198B6EE1447E063030013AC86E9/datafile/o1_       6400	  8192	 52428800
				  mf_clone_en_ob7dw0jk_.dbf


1 row selected.

2026-09-11 09:53:42 INFO  listing datafiles of tablespace CLONE_ENC in PDB PDBCLONE_P4
2026-09-11 09:53:42 INFO  found 1 datafile(s)
2026-09-11 09:53:42 INFO  fingerprinting o1_mf_clone_en_ob7dw0jk_.dbf (block size 8192)
wrote /Users/stefan.oehrli/Repos/own/oehrlis/oracle-free-labs/data/xchange/evidence/pdb_p4_remote/o1_mf_clone_en_ob7dw0jk_.dbf.fp
2026-09-11 09:53:43 INFO  scanning o1_mf_clone_en_ob7dw0jk_.dbf for the clear-text marker
no hits - needle not present as plaintext in this datafile
2026-09-11 09:53:43 INFO  manifest written to /Users/stefan.oehrli/Repos/own/oehrlis/oracle-free-labs/data/xchange/evidence/pdb_p4_remote/manifest.txt
2026-09-11 09:53:43 INFO  Done.

========================================================================
== Compare 'pdb_p4_remote' vs 'pdb_baseline'
========================================================================
2026-09-11 09:53:43 INFO  comparing evidence sets 'pdb_baseline' vs 'pdb_p4_remote'
2026-09-11 09:53:43 INFO  Starting tde_evidence.sh 0.1.0
2026-09-11 09:53:43 WARN  datafile renamed between the two sets: o1_mf_clone_en_ob7dpobr_.dbf.fp vs o1_mf_clone_en_ob7dw0jk_.dbf.fp
2026-09-11 09:53:43 WARN  pairing them anyway because each set holds exactly one datafile

== Block-level ciphertext comparison ==
A: pdb_baseline/o1_mf_clone_en_ob7dpobr_.dbf.fp
B: pdb_p4_remote/o1_mf_clone_en_ob7dpobr_.dbf.fp
block_size A/B: 8192/8192
blocks compared: 6401
identical: 1
differing: 6400
first differing blocks: [1, 2, 3, 4, 5, 6, 7, 8, 9, 10, 11, 12, 13, 14, 15, 16, 17, 18, 19, 20]
... and 6380 more
verdict: MIXED - 6400 of 6401 blocks changed; inspect which ranges differ before drawing a conclusion
2026-09-11 09:53:43 INFO  compared 1 datafile(s)
2026-09-11 09:53:43 INFO  Done.
canary blocks:   identical 0 differing 313 total 313 (expect all differing - a clone re-encrypts)

Key summary for pdb_p4_remote (PDBCLONE_P4):
  MASTERKEYID : 64CB07B4027B4409B5035BED495E0DFA
  Wrapped TEK : 5B61ADAB9E6AFEC8D8C5ECCA2C5DEC5808FE2BCA751D93AD85BA37FCB4140283
  Notes       : ORIGIN=LOCAL KEY_VERSION=0

Key summary for pdb_baseline  (PDBCLONE):
  MASTERKEYID : 64CB07B4027B4409B5035BED495E0DFA
  Wrapped TEK : 3C6BE579296ECB9A77EFE8D88E32A9D8B3141A6B6F56E3786F2D66D9912EC0A3

TEK comparison:  DIFFERENT
ORIGIN in clone: LOCAL (expect: IMPORTED)
KEY_VERSION:     0

------------------------------------------------------------------------
VERDICT: PASS - P4: remote clone produced NEW tablespace key material (identical 0 differing 313 total 313), ORIGIN=LOCAL. The MASTERKEYID matches the source, so the differing wrapped key is not a re-wrap. Same behaviour as the local clone in P1, and the opposite of the archive transport in P2
------------------------------------------------------------------------
2026-09-11 09:53:46 INFO  Done.

========================================================================
  STEP 66: PDB P7: ORIGIN of the transported key in the target
  Script: /Users/stefan.oehrli/Repos/own/oehrlis/oracle-free-labs/scripts/tde-verify/tests/66_pdb_p7_origin.sh
  Time:   2026-09-11 09:53:46
========================================================================
2026-09-11 09:53:46 INFO  Starting 66_pdb_p7_origin.sh 0.1.0

========================================================================
== Step 66: PDB P7 - ORIGIN of the transported key
========================================================================
2026-09-11 09:53:46 INFO  Target PDB: PDBCLONE_P4 in odbencdev

========================================================================
== v$encryption_keys in target PDBCLONE_P4 (dev)
========================================================================

Session altered.


KEY_ID									       KEY_USE	  KEYSTORE_TYPE     ORIGIN				      BACKED_UP
------------------------------------------------------------------------------ ---------- ----------------- ----------------------------------------- ---------
CREATION_TIME
---------------------------------------------------------------------------
AWTLB7QCe0QJtQNb7UleDfoAAAAAAAAAAAAAAAAAAAAAAAAAAAAA			       TDE IN PDB SOFTWARE KEYSTORE LOCAL				      NO
11-SEP-26 07.50.45.096109 AM +00:00


1 row selected.

========================================================================
== v$encryption_keys in source PDBCLONE (prod)
========================================================================

Session altered.


KEY_ID									       KEY_USE	  KEYSTORE_TYPE     ORIGIN				      BACKED_UP
------------------------------------------------------------------------------ ---------- ----------------- ----------------------------------------- ---------
CREATION_TIME
---------------------------------------------------------------------------
AWTLB7QCe0QJtQNb7UleDfoAAAAAAAAAAAAAAAAAAAAAAAAAAAAA			       TDE IN PDB SOFTWARE KEYSTORE LOCAL				      NO
11-SEP-26 07.50.45.096109 AM +00:00


1 row selected.
2026-09-11 09:53:47 INFO  tablespace CLONE_ENC in PDBCLONE_P4 depends on MEK 64CB07B4027B4409B5035BED495E0DFA

========================================================================
== ORIGIN Comparison Table
========================================================================
  Context                                     ORIGIN
  ------------------------------------------  --------
  Source PDBCLONE in prod (native creation)   LOCAL
  PDB archive import P2 (from state)          LOCAL
  Remote clone + key import P4 (from state)   LOCAL
  Current target PDBCLONE_P4 (measured now)   LOCAL
  RMAN Variant A (copied keystore, reference)  LOCAL (documented)

Key distinction: IMPORTED traces the key provenance; LOCAL does not.
A copied keystore (Variant A) leaves no audit trail in v$encryption_keys.

------------------------------------------------------------------------
VERDICT: PASS - P7: the key 64CB07B4027B4409B5035BED495E0DFA was transported out of production by EXPORT/IMPORT KEYS, yet the target reports ORIGIN=LOCAL. Nothing in v$encryption_keys distinguishes a transported production key from one generated on the spot - the provenance question cannot be answered from the database
------------------------------------------------------------------------
2026-09-11 09:53:48 INFO  Done.

========================================================================
  STEP 67: PDB P8: KEY_VERSION after plug-in to foreign CDB
  Script: /Users/stefan.oehrli/Repos/own/oehrlis/oracle-free-labs/scripts/tde-verify/tests/67_pdb_p8_keyver.sh
  Time:   2026-09-11 09:53:48
========================================================================
2026-09-11 09:53:48 INFO  Starting 67_pdb_p8_keyver.sh 0.1.0

========================================================================
== Step 67: PDB P8 - KEY_VERSION after plug-in to foreign CDB
========================================================================
2026-09-11 09:53:48 INFO  Target PDB: PDBCLONE_P4 in odbencdev

========================================================================
== v$encrypted_tablespaces in source PDBCLONE (prod)
========================================================================

Session altered.


NAME			       ENCRYPT KEY_VERSION MASTERKEYID
------------------------------ ------- ----------- --------------------------------
CLONE_ENC		       AES256		 0 64CB07B4027B4409B5035BED495E0DFA

1 row selected.

========================================================================
== v$encrypted_tablespaces in target PDBCLONE_P4 (dev)
========================================================================

Session altered.


NAME			       ENCRYPT KEY_VERSION MASTERKEYID
------------------------------ ------- ----------- --------------------------------
CLONE_ENC		       AES256		 0 64CB07B4027B4409B5035BED495E0DFA

1 row selected.

========================================================================
== KEY_VERSION Comparison
========================================================================
  Context                                       KEY_VERSION
  --------------------------------------------  -----------
  Source PDBCLONE/CLONE_ENC (prod)              0
  Target PDBCLONE_P4/CLONE_ENC (dev, now)       0
  Target at P2 plug-in (from state)             0
  Target at P4 plug-in (from state)             0

Oracle documentation: KEY_VERSION may reset to 0 after plug-in to a
foreign CDB. Subsequent MEK rotation (P5) or ONLINE REKEY (P6)
will increment KEY_VERSION further.

------------------------------------------------------------------------
VERDICT: PASS - P8 informational: KEY_VERSION unchanged (0) - doc reset to 0 not observed here
------------------------------------------------------------------------
2026-09-11 09:53:50 INFO  Done.

========================================================================
  STEP 68: PDB P5: MEK rotation in target after P2 or P4
  Script: /Users/stefan.oehrli/Repos/own/oehrlis/oracle-free-labs/scripts/tde-verify/tests/68_pdb_p5_mekrot.sh
  Time:   2026-09-11 09:53:50
========================================================================
2026-09-11 09:53:50 INFO  Starting 68_pdb_p5_mekrot.sh 0.1.0

========================================================================
== Step 68: PDB P5 - MEK rotation in target PDB
========================================================================
2026-09-11 09:53:50 INFO  Target PDB: PDBCLONE_P4 in odbencdev

========================================================================
== Key state BEFORE MEK rotation
========================================================================

Session altered.


KEY_ID									       KEY_USE	  ORIGIN				    KEYSTORE_TYPE
------------------------------------------------------------------------------ ---------- ----------------------------------------- -----------------
AWTLB7QCe0QJtQNb7UleDfoAAAAAAAAAAAAAAAAAAAAAAAAAAAAA			       TDE IN PDB LOCAL 				    SOFTWARE KEYSTORE

1 row selected.


MASTERKEYID_BEFORE		 ENCRYPTEDKEY_BEFORE						  KEY_VERSION
-------------------------------- ---------------------------------------------------------------- -----------
64CB07B4027B4409B5035BED495E0DFA 5B61ADAB9E6AFEC8D8C5ECCA2C5DEC5808FE2BCA751D93AD85BA37FCB4140283	    0

1 row selected.

========================================================================
== Collect evidence set 'pdb_p5_mekrot_before' (target before rotation)
========================================================================
2026-09-11 09:53:51 INFO  collecting evidence set 'pdb_p5_mekrot_before' from odbencdev
2026-09-11 09:53:51 INFO  Starting tde_evidence.sh 0.1.0
2026-09-11 09:53:51 INFO  evidence set 'pdb_p5_mekrot_before' -> /Users/stefan.oehrli/Repos/own/oehrlis/oracle-free-labs/data/xchange/evidence/pdb_p5_mekrot_before
2026-09-11 09:53:51 INFO  collecting key chain evidence from odbencdev (CDB$ROOT)

Session altered.

========================================================================
== TDE key chain evidence snapshot =====================================
========================================================================
== Identity of this database ===========================================

CONTAINER	     DB_NAME	  DB_UNIQUE_NAME	 DBID CREATED	LOG_MODE     OPEN_MODE
-------------------- ------------ ---------------- ---------- --------- ------------ --------------------
CDB$ROOT	     FREE	  FREE		   1515733761 11-SEP-26 ARCHIVELOG   READ WRITE

1 row selected.

== Keystore state from v$encryption_wallet =============================

WRL_TYPE WRL_PARAMETER								STATUS		   WALLET_TYPE	   KEYSTORE CON_ID
-------- ---------------------------------------------------------------------- ------------------ --------------- -------- ------
FILE	 /opt/oracle/dbconfig/FREE/wallet/tde/					OPEN		   LOCAL_AUTOLOGIN NONE 	 1
FILE										OPEN		   LOCAL_AUTOLOGIN UNITED	 2
FILE										OPEN_NO_MASTER_KEY LOCAL_AUTOLOGIN UNITED	 3
FILE										OPEN		   LOCAL_AUTOLOGIN UNITED	 4
FILE										OPEN		   LOCAL_AUTOLOGIN UNITED	 5

5 rows selected.

== Master encryption keys from v$encryption_keys =======================

KEY_ID							 KEY_USE    KEYSTORE_TYPE  ORIGIN     BACKED_UP CREATION_TIME	       ACTIVATION_TIME
-------------------------------------------------------- ---------- -------------- ---------- --------- ---------------------- ----------------------
CREATOR_PDBNAME
--------------------------------------------------------------------------------------------------------------------------------
ACTIVATING_PDBNAME														 CON_ID
-------------------------------------------------------------------------------------------------------------------------------- ------
AWTLB7QCe0QJtQNb7UleDfoAAAAAAAAAAAAAAAAAAAAAAAAAAAAA	 TDE IN PDB SOFTWARE KEYST LOCAL      NO	11.09.2026 07:50:45    11.09.2026 07:50:45
								    ORE
PDBCLONE_P2
PDBCLONE_P2															      4

ARZ5LdyfDUhLiHlUMSkxKdcAAAAAAAAAAAAAAAAAAAAAAAAAAAAA	 TDE IN PDB SOFTWARE KEYST LOCAL      NO	11.09.2026 07:52:51    11.09.2026 07:52:51
								    ORE
CDB$ROOT
CDB$ROOT															      1


2 rows selected.

== Tablespace key chain from v$encrypted_tablespaces ===================

TS_NAME 		    TS# ENCRYPTI ENC MASTERKEYID_HEX			KEY_VERSION STATUS	       ENCRYPTEDKEY_HEX 						  BLOCKS_ENCRYPTED BLOCKS_DECRYPTED CON_ID
-------------------- ---------- -------- --- ---------------------------------- ----------- ------------------ ------------------------------------------------------------------ ---------------- ---------------- ------
CLONE_ENC		      5 AES256	 YES 64CB07B4027B4409B5035BED495E0DFA		  0 NORMAL	       5B61ADAB9E6AFEC8D8C5ECCA2C5DEC5808FE2BCA751D93AD85BA37FCB4140283 		 0		361	 5
CLONE_ENC		      5 AES256	 YES 64CB07B4027B4409B5035BED495E0DFA		  0 NORMAL	       3C6BE579296ECB9A77EFE8D88E32A9D8B3141A6B6F56E3786F2D66D9912EC0A3 		 0		266	 4

2 rows selected.

== Full v$encrypted_tablespaces row (version specific columns) =========

       TS# ENCRYPTI ENC ENCRYPTEDKEY							 MASTERKEYID			  BLOCKS_ENCRYPTED BLOCKS_DECRYPTED KEY_VERSION STATUS		   CIPHERMODE	 CON_ID
---------- -------- --- ---------------------------------------------------------------- -------------------------------- ---------------- ---------------- ----------- ------------------ ------------- ------
	 5 AES256   YES 3C6BE579296ECB9A77EFE8D88E32A9D8B3141A6B6F56E3786F2D66D9912EC0A3 64CB07B4027B4409B5035BED495E0DFA		 0		266	      0 NORMAL		   XTS		      4
	 5 AES256   YES 5B61ADAB9E6AFEC8D8C5ECCA2C5DEC5808FE2BCA751D93AD85BA37FCB4140283 64CB07B4027B4409B5035BED495E0DFA		 0		361	      0 NORMAL		   XTS		      5

2 rows selected.

== Implicit database key for SYSTEM / UNDO / TEMP ======================

ENCRYPTI ENCRYPTEDKEY											  MASTERKEYID			   MAS CIPHERMODE    CON_ID
-------- ------------------------------------------------------------------------------------------------ -------------------------------- --- ------------- ------
AES256	 8204B17D6571D69C02D14CB52423DA2B4CE10F10FC9FDEEF120F5056AF63FC2200000000000000000000000000000000 16792DDC9F0D484B88795431293129D7 YES XTS		  1
NONE	 000000000000000000000000000000000000000000000000000000000000000000000000000000000000000000000000 00000000000000000000000000000000 NO  CFB		  2
AES256	 8DEDF20BF1EF730F97ED18988690A1F05BCD56DCB3D02B127EE8A75AA861F5B800000000000000000000000000000000 11706D91F98349B1987250C10F7D5B80 NO  XTS		  3
AES256	 3FEC0ADD0A290405B16690986CE31FB6C51C8B54DC50094E557965E06BCE261100000000000000000000000000000000 64CB07B4027B4409B5035BED495E0DFA YES XTS		  4
AES256	 3FEC0ADD0A290405B16690986CE31FB6C51C8B54DC50094E557965E06BCE261100000000000000000000000000000000 64CB07B4027B4409B5035BED495E0DFA YES XTS		  5

5 rows selected.

== Datafiles of encrypted tablespaces ==================================

no rows selected

2026-09-11 09:53:51 INFO  collecting key chain evidence from odbencdev (PDB PDBCLONE_P4)

Session altered.


Session altered.

========================================================================
== TDE key chain evidence snapshot =====================================
========================================================================
== Identity of this database ===========================================

CONTAINER	     DB_NAME	  DB_UNIQUE_NAME	 DBID CREATED	LOG_MODE     OPEN_MODE
-------------------- ------------ ---------------- ---------- --------- ------------ --------------------
PDBCLONE_P4	     FREE	  FREE		   1515733761 11-SEP-26 ARCHIVELOG   READ WRITE

1 row selected.

== Keystore state from v$encryption_wallet =============================

WRL_TYPE WRL_PARAMETER								STATUS		   WALLET_TYPE	   KEYSTORE CON_ID
-------- ---------------------------------------------------------------------- ------------------ --------------- -------- ------
FILE										OPEN		   LOCAL_AUTOLOGIN UNITED	 5

1 row selected.

== Master encryption keys from v$encryption_keys =======================

KEY_ID							 KEY_USE    KEYSTORE_TYPE  ORIGIN     BACKED_UP CREATION_TIME	       ACTIVATION_TIME
-------------------------------------------------------- ---------- -------------- ---------- --------- ---------------------- ----------------------
CREATOR_PDBNAME
--------------------------------------------------------------------------------------------------------------------------------
ACTIVATING_PDBNAME														 CON_ID
-------------------------------------------------------------------------------------------------------------------------------- ------
AWTLB7QCe0QJtQNb7UleDfoAAAAAAAAAAAAAAAAAAAAAAAAAAAAA	 TDE IN PDB SOFTWARE KEYST LOCAL      NO	11.09.2026 07:50:45    11.09.2026 07:50:45
								    ORE

PDBCLONE_P4															      5


1 row selected.

== Tablespace key chain from v$encrypted_tablespaces ===================

TS_NAME 		    TS# ENCRYPTI ENC MASTERKEYID_HEX			KEY_VERSION STATUS	       ENCRYPTEDKEY_HEX 						  BLOCKS_ENCRYPTED BLOCKS_DECRYPTED CON_ID
-------------------- ---------- -------- --- ---------------------------------- ----------- ------------------ ------------------------------------------------------------------ ---------------- ---------------- ------
CLONE_ENC		      5 AES256	 YES 64CB07B4027B4409B5035BED495E0DFA		  0 NORMAL	       5B61ADAB9E6AFEC8D8C5ECCA2C5DEC5808FE2BCA751D93AD85BA37FCB4140283 		 0		361	 5

1 row selected.

== Full v$encrypted_tablespaces row (version specific columns) =========

       TS# ENCRYPTI ENC ENCRYPTEDKEY							 MASTERKEYID			  BLOCKS_ENCRYPTED BLOCKS_DECRYPTED KEY_VERSION STATUS		   CIPHERMODE	 CON_ID
---------- -------- --- ---------------------------------------------------------------- -------------------------------- ---------------- ---------------- ----------- ------------------ ------------- ------
	 5 AES256   YES 5B61ADAB9E6AFEC8D8C5ECCA2C5DEC5808FE2BCA751D93AD85BA37FCB4140283 64CB07B4027B4409B5035BED495E0DFA		 0		361	      0 NORMAL		   XTS		      5

1 row selected.

== Implicit database key for SYSTEM / UNDO / TEMP ======================

ENCRYPTI ENCRYPTEDKEY											  MASTERKEYID			   MAS CIPHERMODE    CON_ID
-------- ------------------------------------------------------------------------------------------------ -------------------------------- --- ------------- ------
AES256	 3FEC0ADD0A290405B16690986CE31FB6C51C8B54DC50094E557965E06BCE261100000000000000000000000000000000 64CB07B4027B4409B5035BED495E0DFA YES XTS		  5

1 row selected.

== Datafiles of encrypted tablespaces ==================================

TS_NAME 	     RELATIVE_FNO FILE_NAME								     BLOCKS BLOCK_SIZE	    BYTES
-------------------- ------------ ---------------------------------------------------------------------- ---------- ---------- ----------
CLONE_ENC		     1024 /opt/oracle/oradata/FREE/5B316198B6EE1447E063030013AC86E9/datafile/o1_       6400	  8192	 52428800
				  mf_clone_en_ob7dw0jk_.dbf


1 row selected.

2026-09-11 09:53:52 INFO  listing datafiles of tablespace CLONE_ENC in PDB PDBCLONE_P4
2026-09-11 09:53:52 INFO  found 1 datafile(s)
2026-09-11 09:53:52 INFO  fingerprinting o1_mf_clone_en_ob7dw0jk_.dbf (block size 8192)
wrote /Users/stefan.oehrli/Repos/own/oehrlis/oracle-free-labs/data/xchange/evidence/pdb_p5_mekrot_before/o1_mf_clone_en_ob7dw0jk_.dbf.fp
2026-09-11 09:53:52 INFO  scanning o1_mf_clone_en_ob7dw0jk_.dbf for the clear-text marker
no hits - needle not present as plaintext in this datafile
2026-09-11 09:53:52 INFO  manifest written to /Users/stefan.oehrli/Repos/own/oehrlis/oracle-free-labs/data/xchange/evidence/pdb_p5_mekrot_before/manifest.txt
2026-09-11 09:53:52 INFO  Done.

========================================================================
== MEK rotation in PDBCLONE_P4
========================================================================

Session altered.


keystore altered.


STATUS
-----------------
MEK rotation done


========================================================================
== Key state AFTER MEK rotation
========================================================================

Session altered.


KEY_ID									       KEY_USE	  ORIGIN				    KEYSTORE_TYPE
------------------------------------------------------------------------------ ---------- ----------------------------------------- -----------------
AQUTGEk/UkrLlEdqDJtbxAUAAAAAAAAAAAAAAAAAAAAAAAAAAAAA			       TDE IN PDB LOCAL 				    SOFTWARE KEYSTORE

1 row selected.


MASTERKEYID_AFTER		 ENCRYPTEDKEY_AFTER						  KEY_VERSION
-------------------------------- ---------------------------------------------------------------- -----------
64CB07B4027B4409B5035BED495E0DFA 5B61ADAB9E6AFEC8D8C5ECCA2C5DEC5808FE2BCA751D93AD85BA37FCB4140283	    0

1 row selected.

========================================================================
== Collect evidence set 'pdb_p5_mekrot' (after rotation, tablespace READ ONLY)
========================================================================
2026-09-11 09:53:53 INFO  collecting evidence set 'pdb_p5_mekrot' from odbencdev
2026-09-11 09:53:54 INFO  Starting tde_evidence.sh 0.1.0
2026-09-11 09:53:54 INFO  evidence set 'pdb_p5_mekrot' -> /Users/stefan.oehrli/Repos/own/oehrlis/oracle-free-labs/data/xchange/evidence/pdb_p5_mekrot
2026-09-11 09:53:54 INFO  collecting key chain evidence from odbencdev (CDB$ROOT)

Session altered.

========================================================================
== TDE key chain evidence snapshot =====================================
========================================================================
== Identity of this database ===========================================

CONTAINER	     DB_NAME	  DB_UNIQUE_NAME	 DBID CREATED	LOG_MODE     OPEN_MODE
-------------------- ------------ ---------------- ---------- --------- ------------ --------------------
CDB$ROOT	     FREE	  FREE		   1515733761 11-SEP-26 ARCHIVELOG   READ WRITE

1 row selected.

== Keystore state from v$encryption_wallet =============================

WRL_TYPE WRL_PARAMETER								STATUS		   WALLET_TYPE	   KEYSTORE CON_ID
-------- ---------------------------------------------------------------------- ------------------ --------------- -------- ------
FILE	 /opt/oracle/dbconfig/FREE/wallet/tde/					OPEN		   LOCAL_AUTOLOGIN NONE 	 1
FILE										OPEN		   LOCAL_AUTOLOGIN UNITED	 2
FILE										OPEN_NO_MASTER_KEY LOCAL_AUTOLOGIN UNITED	 3
FILE										OPEN		   LOCAL_AUTOLOGIN UNITED	 4
FILE										OPEN		   LOCAL_AUTOLOGIN UNITED	 5

5 rows selected.

== Master encryption keys from v$encryption_keys =======================

KEY_ID							 KEY_USE    KEYSTORE_TYPE  ORIGIN     BACKED_UP CREATION_TIME	       ACTIVATION_TIME
-------------------------------------------------------- ---------- -------------- ---------- --------- ---------------------- ----------------------
CREATOR_PDBNAME
--------------------------------------------------------------------------------------------------------------------------------
ACTIVATING_PDBNAME														 CON_ID
-------------------------------------------------------------------------------------------------------------------------------- ------
AWTLB7QCe0QJtQNb7UleDfoAAAAAAAAAAAAAAAAAAAAAAAAAAAAA	 TDE IN PDB SOFTWARE KEYST LOCAL      YES	11.09.2026 07:50:45    11.09.2026 07:50:45
								    ORE
PDBCLONE_P2
PDBCLONE_P2															      4

ARZ5LdyfDUhLiHlUMSkxKdcAAAAAAAAAAAAAAAAAAAAAAAAAAAAA	 TDE IN PDB SOFTWARE KEYST LOCAL      YES	11.09.2026 07:52:51    11.09.2026 07:52:51
								    ORE
CDB$ROOT
CDB$ROOT															      1

AQUTGEk/UkrLlEdqDJtbxAUAAAAAAAAAAAAAAAAAAAAAAAAAAAAA	 TDE IN PDB SOFTWARE KEYST LOCAL      NO	11.09.2026 07:53:53    11.09.2026 07:53:53
								    ORE
PDBCLONE_P4
PDBCLONE_P4															      5


3 rows selected.

== Tablespace key chain from v$encrypted_tablespaces ===================

TS_NAME 		    TS# ENCRYPTI ENC MASTERKEYID_HEX			KEY_VERSION STATUS	       ENCRYPTEDKEY_HEX 						  BLOCKS_ENCRYPTED BLOCKS_DECRYPTED CON_ID
-------------------- ---------- -------- --- ---------------------------------- ----------- ------------------ ------------------------------------------------------------------ ---------------- ---------------- ------
CLONE_ENC		      5 AES256	 YES 64CB07B4027B4409B5035BED495E0DFA		  0 NORMAL	       5B61ADAB9E6AFEC8D8C5ECCA2C5DEC5808FE2BCA751D93AD85BA37FCB4140283 		 0		361	 5
CLONE_ENC		      5 AES256	 YES 64CB07B4027B4409B5035BED495E0DFA		  0 NORMAL	       3C6BE579296ECB9A77EFE8D88E32A9D8B3141A6B6F56E3786F2D66D9912EC0A3 		 0		266	 4

2 rows selected.

== Full v$encrypted_tablespaces row (version specific columns) =========

       TS# ENCRYPTI ENC ENCRYPTEDKEY							 MASTERKEYID			  BLOCKS_ENCRYPTED BLOCKS_DECRYPTED KEY_VERSION STATUS		   CIPHERMODE	 CON_ID
---------- -------- --- ---------------------------------------------------------------- -------------------------------- ---------------- ---------------- ----------- ------------------ ------------- ------
	 5 AES256   YES 3C6BE579296ECB9A77EFE8D88E32A9D8B3141A6B6F56E3786F2D66D9912EC0A3 64CB07B4027B4409B5035BED495E0DFA		 0		266	      0 NORMAL		   XTS		      4
	 5 AES256   YES 5B61ADAB9E6AFEC8D8C5ECCA2C5DEC5808FE2BCA751D93AD85BA37FCB4140283 64CB07B4027B4409B5035BED495E0DFA		 0		361	      0 NORMAL		   XTS		      5

2 rows selected.

== Implicit database key for SYSTEM / UNDO / TEMP ======================

ENCRYPTI ENCRYPTEDKEY											  MASTERKEYID			   MAS CIPHERMODE    CON_ID
-------- ------------------------------------------------------------------------------------------------ -------------------------------- --- ------------- ------
AES256	 8204B17D6571D69C02D14CB52423DA2B4CE10F10FC9FDEEF120F5056AF63FC2200000000000000000000000000000000 16792DDC9F0D484B88795431293129D7 YES XTS		  1
NONE	 000000000000000000000000000000000000000000000000000000000000000000000000000000000000000000000000 00000000000000000000000000000000 NO  CFB		  2
AES256	 8DEDF20BF1EF730F97ED18988690A1F05BCD56DCB3D02B127EE8A75AA861F5B800000000000000000000000000000000 11706D91F98349B1987250C10F7D5B80 NO  XTS		  3
AES256	 3FEC0ADD0A290405B16690986CE31FB6C51C8B54DC50094E557965E06BCE261100000000000000000000000000000000 64CB07B4027B4409B5035BED495E0DFA YES XTS		  4
AES256	 0B992EFB6F44727D3D3170397D64037B3E70AB2BA125DECCDA172F736C62AFBD00000000000000000000000000000000 051318493F524ACB94476A0C9B5BC405 YES XTS		  5

5 rows selected.

== Datafiles of encrypted tablespaces ==================================

no rows selected

2026-09-11 09:53:54 INFO  collecting key chain evidence from odbencdev (PDB PDBCLONE_P4)

Session altered.


Session altered.

========================================================================
== TDE key chain evidence snapshot =====================================
========================================================================
== Identity of this database ===========================================

CONTAINER	     DB_NAME	  DB_UNIQUE_NAME	 DBID CREATED	LOG_MODE     OPEN_MODE
-------------------- ------------ ---------------- ---------- --------- ------------ --------------------
PDBCLONE_P4	     FREE	  FREE		   1515733761 11-SEP-26 ARCHIVELOG   READ WRITE

1 row selected.

== Keystore state from v$encryption_wallet =============================

WRL_TYPE WRL_PARAMETER								STATUS		   WALLET_TYPE	   KEYSTORE CON_ID
-------- ---------------------------------------------------------------------- ------------------ --------------- -------- ------
FILE										OPEN		   LOCAL_AUTOLOGIN UNITED	 5

1 row selected.

== Master encryption keys from v$encryption_keys =======================

KEY_ID							 KEY_USE    KEYSTORE_TYPE  ORIGIN     BACKED_UP CREATION_TIME	       ACTIVATION_TIME
-------------------------------------------------------- ---------- -------------- ---------- --------- ---------------------- ----------------------
CREATOR_PDBNAME
--------------------------------------------------------------------------------------------------------------------------------
ACTIVATING_PDBNAME														 CON_ID
-------------------------------------------------------------------------------------------------------------------------------- ------
AQUTGEk/UkrLlEdqDJtbxAUAAAAAAAAAAAAAAAAAAAAAAAAAAAAA	 TDE IN PDB SOFTWARE KEYST LOCAL      NO	11.09.2026 07:53:53    11.09.2026 07:53:53
								    ORE
PDBCLONE_P4
PDBCLONE_P4															      5


1 row selected.

== Tablespace key chain from v$encrypted_tablespaces ===================

TS_NAME 		    TS# ENCRYPTI ENC MASTERKEYID_HEX			KEY_VERSION STATUS	       ENCRYPTEDKEY_HEX 						  BLOCKS_ENCRYPTED BLOCKS_DECRYPTED CON_ID
-------------------- ---------- -------- --- ---------------------------------- ----------- ------------------ ------------------------------------------------------------------ ---------------- ---------------- ------
CLONE_ENC		      5 AES256	 YES 64CB07B4027B4409B5035BED495E0DFA		  0 NORMAL	       5B61ADAB9E6AFEC8D8C5ECCA2C5DEC5808FE2BCA751D93AD85BA37FCB4140283 		 0		361	 5

1 row selected.

== Full v$encrypted_tablespaces row (version specific columns) =========

       TS# ENCRYPTI ENC ENCRYPTEDKEY							 MASTERKEYID			  BLOCKS_ENCRYPTED BLOCKS_DECRYPTED KEY_VERSION STATUS		   CIPHERMODE	 CON_ID
---------- -------- --- ---------------------------------------------------------------- -------------------------------- ---------------- ---------------- ----------- ------------------ ------------- ------
	 5 AES256   YES 5B61ADAB9E6AFEC8D8C5ECCA2C5DEC5808FE2BCA751D93AD85BA37FCB4140283 64CB07B4027B4409B5035BED495E0DFA		 0		361	      0 NORMAL		   XTS		      5

1 row selected.

== Implicit database key for SYSTEM / UNDO / TEMP ======================

ENCRYPTI ENCRYPTEDKEY											  MASTERKEYID			   MAS CIPHERMODE    CON_ID
-------- ------------------------------------------------------------------------------------------------ -------------------------------- --- ------------- ------
AES256	 0B992EFB6F44727D3D3170397D64037B3E70AB2BA125DECCDA172F736C62AFBD00000000000000000000000000000000 051318493F524ACB94476A0C9B5BC405 YES XTS		  5

1 row selected.

== Datafiles of encrypted tablespaces ==================================

TS_NAME 	     RELATIVE_FNO FILE_NAME								     BLOCKS BLOCK_SIZE	    BYTES
-------------------- ------------ ---------------------------------------------------------------------- ---------- ---------- ----------
CLONE_ENC		     1024 /opt/oracle/oradata/FREE/5B316198B6EE1447E063030013AC86E9/datafile/o1_       6400	  8192	 52428800
				  mf_clone_en_ob7dw0jk_.dbf


1 row selected.

2026-09-11 09:53:54 INFO  listing datafiles of tablespace CLONE_ENC in PDB PDBCLONE_P4
2026-09-11 09:53:54 INFO  found 1 datafile(s)
2026-09-11 09:53:54 INFO  fingerprinting o1_mf_clone_en_ob7dw0jk_.dbf (block size 8192)
wrote /Users/stefan.oehrli/Repos/own/oehrlis/oracle-free-labs/data/xchange/evidence/pdb_p5_mekrot/o1_mf_clone_en_ob7dw0jk_.dbf.fp
2026-09-11 09:53:54 INFO  scanning o1_mf_clone_en_ob7dw0jk_.dbf for the clear-text marker
no hits - needle not present as plaintext in this datafile
2026-09-11 09:53:55 INFO  manifest written to /Users/stefan.oehrli/Repos/own/oehrlis/oracle-free-labs/data/xchange/evidence/pdb_p5_mekrot/manifest.txt
2026-09-11 09:53:55 INFO  Done.

========================================================================
== Compare 'pdb_p5_mekrot' vs 'pdb_p5_mekrot_before'
========================================================================
2026-09-11 09:53:55 INFO  comparing evidence sets 'pdb_p5_mekrot_before' vs 'pdb_p5_mekrot'
2026-09-11 09:53:55 INFO  Starting tde_evidence.sh 0.1.0

== Block-level ciphertext comparison ==
A: pdb_p5_mekrot_before/o1_mf_clone_en_ob7dw0jk_.dbf.fp
B: pdb_p5_mekrot/o1_mf_clone_en_ob7dw0jk_.dbf.fp
block_size A/B: 8192/8192
blocks compared: 6401
identical: 6401
differing: 0
verdict: IDENTICAL - byte-for-byte equal, no re-encryption whatsoever
2026-09-11 09:53:55 INFO  compared 1 datafile(s)
2026-09-11 09:53:55 INFO  Done.

========================================================================
== Phase B: set CLONE_ENC READ WRITE and rotate again
========================================================================

Session altered.


Tablespace altered.


TABLESPACE_NAME 	       STATUS
------------------------------ ---------
CLONE_ENC		       ONLINE

Session altered.


keystore altered.


========================================================================
== Collect evidence set 'pdb_p5_mekrot_rw' (after rotation, tablespace READ WRITE)
========================================================================
2026-09-11 09:53:56 INFO  collecting evidence set 'pdb_p5_mekrot_rw' from odbencdev
2026-09-11 09:53:56 INFO  Starting tde_evidence.sh 0.1.0
2026-09-11 09:53:57 INFO  evidence set 'pdb_p5_mekrot_rw' -> /Users/stefan.oehrli/Repos/own/oehrlis/oracle-free-labs/data/xchange/evidence/pdb_p5_mekrot_rw
2026-09-11 09:53:57 INFO  collecting key chain evidence from odbencdev (CDB$ROOT)

Session altered.

========================================================================
== TDE key chain evidence snapshot =====================================
========================================================================
== Identity of this database ===========================================

CONTAINER	     DB_NAME	  DB_UNIQUE_NAME	 DBID CREATED	LOG_MODE     OPEN_MODE
-------------------- ------------ ---------------- ---------- --------- ------------ --------------------
CDB$ROOT	     FREE	  FREE		   1515733761 11-SEP-26 ARCHIVELOG   READ WRITE

1 row selected.

== Keystore state from v$encryption_wallet =============================

WRL_TYPE WRL_PARAMETER								STATUS		   WALLET_TYPE	   KEYSTORE CON_ID
-------- ---------------------------------------------------------------------- ------------------ --------------- -------- ------
FILE	 /opt/oracle/dbconfig/FREE/wallet/tde/					OPEN		   LOCAL_AUTOLOGIN NONE 	 1
FILE										OPEN		   LOCAL_AUTOLOGIN UNITED	 2
FILE										OPEN_NO_MASTER_KEY LOCAL_AUTOLOGIN UNITED	 3
FILE										OPEN		   LOCAL_AUTOLOGIN UNITED	 4
FILE										OPEN		   LOCAL_AUTOLOGIN UNITED	 5

5 rows selected.

== Master encryption keys from v$encryption_keys =======================

KEY_ID							 KEY_USE    KEYSTORE_TYPE  ORIGIN     BACKED_UP CREATION_TIME	       ACTIVATION_TIME
-------------------------------------------------------- ---------- -------------- ---------- --------- ---------------------- ----------------------
CREATOR_PDBNAME
--------------------------------------------------------------------------------------------------------------------------------
ACTIVATING_PDBNAME														 CON_ID
-------------------------------------------------------------------------------------------------------------------------------- ------
AWTLB7QCe0QJtQNb7UleDfoAAAAAAAAAAAAAAAAAAAAAAAAAAAAA	 TDE IN PDB SOFTWARE KEYST LOCAL      YES	11.09.2026 07:50:45    11.09.2026 07:50:45
								    ORE
PDBCLONE_P2
PDBCLONE_P2															      4

ARZ5LdyfDUhLiHlUMSkxKdcAAAAAAAAAAAAAAAAAAAAAAAAAAAAA	 TDE IN PDB SOFTWARE KEYST LOCAL      YES	11.09.2026 07:52:51    11.09.2026 07:52:51
								    ORE
CDB$ROOT
CDB$ROOT															      1

AQUTGEk/UkrLlEdqDJtbxAUAAAAAAAAAAAAAAAAAAAAAAAAAAAAA	 TDE IN PDB SOFTWARE KEYST LOCAL      YES	11.09.2026 07:53:53    11.09.2026 07:53:53
								    ORE
PDBCLONE_P4
PDBCLONE_P4															      5

AZfPSfZhDE2Bq5npgWqsQFEAAAAAAAAAAAAAAAAAAAAAAAAAAAAA	 TDE IN PDB SOFTWARE KEYST LOCAL      NO	11.09.2026 07:53:56    11.09.2026 07:53:56
								    ORE
PDBCLONE_P4
PDBCLONE_P4															      5


4 rows selected.

== Tablespace key chain from v$encrypted_tablespaces ===================

TS_NAME 		    TS# ENCRYPTI ENC MASTERKEYID_HEX			KEY_VERSION STATUS	       ENCRYPTEDKEY_HEX 						  BLOCKS_ENCRYPTED BLOCKS_DECRYPTED CON_ID
-------------------- ---------- -------- --- ---------------------------------- ----------- ------------------ ------------------------------------------------------------------ ---------------- ---------------- ------
CLONE_ENC		      5 AES256	 YES 97CF49F6610C4D81AB99E9816AAC4051		  0 NORMAL	       1DB777897118476F708550634C3D027521EE70150AB2CB142281201B726F9BC6 		 0		  0	 5
CLONE_ENC		      5 AES256	 YES 64CB07B4027B4409B5035BED495E0DFA		  0 NORMAL	       3C6BE579296ECB9A77EFE8D88E32A9D8B3141A6B6F56E3786F2D66D9912EC0A3 		 0		266	 4

2 rows selected.

== Full v$encrypted_tablespaces row (version specific columns) =========

       TS# ENCRYPTI ENC ENCRYPTEDKEY							 MASTERKEYID			  BLOCKS_ENCRYPTED BLOCKS_DECRYPTED KEY_VERSION STATUS		   CIPHERMODE	 CON_ID
---------- -------- --- ---------------------------------------------------------------- -------------------------------- ---------------- ---------------- ----------- ------------------ ------------- ------
	 5 AES256   YES 3C6BE579296ECB9A77EFE8D88E32A9D8B3141A6B6F56E3786F2D66D9912EC0A3 64CB07B4027B4409B5035BED495E0DFA		 0		266	      0 NORMAL		   XTS		      4
	 5 AES256   YES 1DB777897118476F708550634C3D027521EE70150AB2CB142281201B726F9BC6 97CF49F6610C4D81AB99E9816AAC4051		 0		  0	      0 NORMAL		   XTS		      5

2 rows selected.

== Implicit database key for SYSTEM / UNDO / TEMP ======================

ENCRYPTI ENCRYPTEDKEY											  MASTERKEYID			   MAS CIPHERMODE    CON_ID
-------- ------------------------------------------------------------------------------------------------ -------------------------------- --- ------------- ------
AES256	 8204B17D6571D69C02D14CB52423DA2B4CE10F10FC9FDEEF120F5056AF63FC2200000000000000000000000000000000 16792DDC9F0D484B88795431293129D7 YES XTS		  1
NONE	 000000000000000000000000000000000000000000000000000000000000000000000000000000000000000000000000 00000000000000000000000000000000 NO  CFB		  2
AES256	 8DEDF20BF1EF730F97ED18988690A1F05BCD56DCB3D02B127EE8A75AA861F5B800000000000000000000000000000000 11706D91F98349B1987250C10F7D5B80 NO  XTS		  3
AES256	 3FEC0ADD0A290405B16690986CE31FB6C51C8B54DC50094E557965E06BCE261100000000000000000000000000000000 64CB07B4027B4409B5035BED495E0DFA YES XTS		  4
AES256	 B1FB4831783FFE4DADFFAEAB727384A62A30C65AA652CF6CB6C44087911771AC00000000000000000000000000000000 97CF49F6610C4D81AB99E9816AAC4051 YES XTS		  5

5 rows selected.

== Datafiles of encrypted tablespaces ==================================

no rows selected

2026-09-11 09:53:57 INFO  collecting key chain evidence from odbencdev (PDB PDBCLONE_P4)

Session altered.


Session altered.

========================================================================
== TDE key chain evidence snapshot =====================================
========================================================================
== Identity of this database ===========================================

CONTAINER	     DB_NAME	  DB_UNIQUE_NAME	 DBID CREATED	LOG_MODE     OPEN_MODE
-------------------- ------------ ---------------- ---------- --------- ------------ --------------------
PDBCLONE_P4	     FREE	  FREE		   1515733761 11-SEP-26 ARCHIVELOG   READ WRITE

1 row selected.

== Keystore state from v$encryption_wallet =============================

WRL_TYPE WRL_PARAMETER								STATUS		   WALLET_TYPE	   KEYSTORE CON_ID
-------- ---------------------------------------------------------------------- ------------------ --------------- -------- ------
FILE										OPEN		   LOCAL_AUTOLOGIN UNITED	 5

1 row selected.

== Master encryption keys from v$encryption_keys =======================

KEY_ID							 KEY_USE    KEYSTORE_TYPE  ORIGIN     BACKED_UP CREATION_TIME	       ACTIVATION_TIME
-------------------------------------------------------- ---------- -------------- ---------- --------- ---------------------- ----------------------
CREATOR_PDBNAME
--------------------------------------------------------------------------------------------------------------------------------
ACTIVATING_PDBNAME														 CON_ID
-------------------------------------------------------------------------------------------------------------------------------- ------
AQUTGEk/UkrLlEdqDJtbxAUAAAAAAAAAAAAAAAAAAAAAAAAAAAAA	 TDE IN PDB SOFTWARE KEYST LOCAL      YES	11.09.2026 07:53:53    11.09.2026 07:53:53
								    ORE
PDBCLONE_P4
PDBCLONE_P4															      5

AZfPSfZhDE2Bq5npgWqsQFEAAAAAAAAAAAAAAAAAAAAAAAAAAAAA	 TDE IN PDB SOFTWARE KEYST LOCAL      NO	11.09.2026 07:53:56    11.09.2026 07:53:56
								    ORE
PDBCLONE_P4
PDBCLONE_P4															      5


2 rows selected.

== Tablespace key chain from v$encrypted_tablespaces ===================

TS_NAME 		    TS# ENCRYPTI ENC MASTERKEYID_HEX			KEY_VERSION STATUS	       ENCRYPTEDKEY_HEX 						  BLOCKS_ENCRYPTED BLOCKS_DECRYPTED CON_ID
-------------------- ---------- -------- --- ---------------------------------- ----------- ------------------ ------------------------------------------------------------------ ---------------- ---------------- ------
CLONE_ENC		      5 AES256	 YES 97CF49F6610C4D81AB99E9816AAC4051		  0 NORMAL	       1DB777897118476F708550634C3D027521EE70150AB2CB142281201B726F9BC6 		 0		  0	 5

1 row selected.

== Full v$encrypted_tablespaces row (version specific columns) =========

       TS# ENCRYPTI ENC ENCRYPTEDKEY							 MASTERKEYID			  BLOCKS_ENCRYPTED BLOCKS_DECRYPTED KEY_VERSION STATUS		   CIPHERMODE	 CON_ID
---------- -------- --- ---------------------------------------------------------------- -------------------------------- ---------------- ---------------- ----------- ------------------ ------------- ------
	 5 AES256   YES 1DB777897118476F708550634C3D027521EE70150AB2CB142281201B726F9BC6 97CF49F6610C4D81AB99E9816AAC4051		 0		  0	      0 NORMAL		   XTS		      5

1 row selected.

== Implicit database key for SYSTEM / UNDO / TEMP ======================

ENCRYPTI ENCRYPTEDKEY											  MASTERKEYID			   MAS CIPHERMODE    CON_ID
-------- ------------------------------------------------------------------------------------------------ -------------------------------- --- ------------- ------
AES256	 B1FB4831783FFE4DADFFAEAB727384A62A30C65AA652CF6CB6C44087911771AC00000000000000000000000000000000 97CF49F6610C4D81AB99E9816AAC4051 YES XTS		  5

1 row selected.

== Datafiles of encrypted tablespaces ==================================

TS_NAME 	     RELATIVE_FNO FILE_NAME								     BLOCKS BLOCK_SIZE	    BYTES
-------------------- ------------ ---------------------------------------------------------------------- ---------- ---------- ----------
CLONE_ENC		     1024 /opt/oracle/oradata/FREE/5B316198B6EE1447E063030013AC86E9/datafile/o1_       6400	  8192	 52428800
				  mf_clone_en_ob7dw0jk_.dbf


1 row selected.

2026-09-11 09:53:57 INFO  listing datafiles of tablespace CLONE_ENC in PDB PDBCLONE_P4
2026-09-11 09:53:57 INFO  found 1 datafile(s)
2026-09-11 09:53:57 INFO  fingerprinting o1_mf_clone_en_ob7dw0jk_.dbf (block size 8192)
wrote /Users/stefan.oehrli/Repos/own/oehrlis/oracle-free-labs/data/xchange/evidence/pdb_p5_mekrot_rw/o1_mf_clone_en_ob7dw0jk_.dbf.fp
2026-09-11 09:53:58 INFO  scanning o1_mf_clone_en_ob7dw0jk_.dbf for the clear-text marker
no hits - needle not present as plaintext in this datafile
2026-09-11 09:53:58 INFO  manifest written to /Users/stefan.oehrli/Repos/own/oehrlis/oracle-free-labs/data/xchange/evidence/pdb_p5_mekrot_rw/manifest.txt
2026-09-11 09:53:58 INFO  Done.

Session altered.


Tablespace altered.
canary A (read only):  identical 313 differing 0 total 313 (expect all identical)
canary B (read write): identical 313 differing 0 total 313 (expect all identical)

Key summary for before rotation      :
  MASTERKEYID : 64CB07B4027B4409B5035BED495E0DFA
  Wrapped TEK : 5B61ADAB9E6AFEC8D8C5ECCA2C5DEC5808FE2BCA751D93AD85BA37FCB4140283

Key summary for after rotation (RO)  :
  MASTERKEYID : 64CB07B4027B4409B5035BED495E0DFA
  Wrapped TEK : 5B61ADAB9E6AFEC8D8C5ECCA2C5DEC5808FE2BCA751D93AD85BA37FCB4140283

Key summary for after rotation (RW)  :
  MASTERKEYID : 97CF49F6610C4D81AB99E9816AAC4051
  Wrapped TEK : 1DB777897118476F708550634C3D027521EE70150AB2CB142281201B726F9BC6

PDB master key:        64CB07B4027B4409B5035BED495E0DFA -> 051318493F524ACB94476A0C9B5BC405 -> 97CF49F6610C4D81AB99E9816AAC4051
Tablespace key follows: read only NO - still bound to the old master key, read write yes

------------------------------------------------------------------------
VERDICT: PASS - P5: rotating the PDB master key (64CB07B4027B4409B5035BED495E0DFA -> 051318493F524ACB94476A0C9B5BC405 -> 97CF49F6610C4D81AB99E9816AAC4051) left the ciphertext byte-identical in both phases (A: identical 313 differing 0 total 313, B: identical 313 differing 0 total 313). While READ ONLY the tablespace could not be re-wrapped and kept pointing at the old key 64CB07B4027B4409B5035BED495E0DFA; only after READ WRITE did it follow to 97CF49F6610C4D81AB99E9816AAC4051. A read-only tablespace therefore stays bound to the source master key across a rotation
------------------------------------------------------------------------
2026-09-11 09:54:00 INFO  Done.

========================================================================
  STEP 69: PDB P6: ONLINE REKEY in target after P2 or P4
  Script: /Users/stefan.oehrli/Repos/own/oehrlis/oracle-free-labs/scripts/tde-verify/tests/69_pdb_p6_rekey.sh
  Time:   2026-09-11 09:54:00
========================================================================
2026-09-11 09:54:00 INFO  Starting 69_pdb_p6_rekey.sh 0.1.0

========================================================================
== Step 69: PDB P6 - ONLINE REKEY in target PDB
========================================================================
2026-09-11 09:54:01 INFO  Target PDB: PDBCLONE_P4 in odbencdev

========================================================================
== Key state BEFORE ONLINE REKEY
========================================================================
2026-09-11 09:54:01 INFO  KEY_VERSION before: 0

========================================================================
== Set CLONE_ENC READ WRITE in PDBCLONE_P4
========================================================================

Session altered.


Tablespace altered.


TABLESPACE_NAME 	       STATUS
------------------------------ ---------
CLONE_ENC		       ONLINE

========================================================================
== Collect evidence set 'pdb_p6_rekey_before' (target before rekey)
========================================================================
2026-09-11 09:54:01 INFO  collecting evidence set 'pdb_p6_rekey_before' from odbencdev
2026-09-11 09:54:01 INFO  Starting tde_evidence.sh 0.1.0
2026-09-11 09:54:02 INFO  evidence set 'pdb_p6_rekey_before' -> /Users/stefan.oehrli/Repos/own/oehrlis/oracle-free-labs/data/xchange/evidence/pdb_p6_rekey_before
2026-09-11 09:54:02 INFO  collecting key chain evidence from odbencdev (CDB$ROOT)

Session altered.

========================================================================
== TDE key chain evidence snapshot =====================================
========================================================================
== Identity of this database ===========================================

CONTAINER	     DB_NAME	  DB_UNIQUE_NAME	 DBID CREATED	LOG_MODE     OPEN_MODE
-------------------- ------------ ---------------- ---------- --------- ------------ --------------------
CDB$ROOT	     FREE	  FREE		   1515733761 11-SEP-26 ARCHIVELOG   READ WRITE

1 row selected.

== Keystore state from v$encryption_wallet =============================

WRL_TYPE WRL_PARAMETER								STATUS		   WALLET_TYPE	   KEYSTORE CON_ID
-------- ---------------------------------------------------------------------- ------------------ --------------- -------- ------
FILE	 /opt/oracle/dbconfig/FREE/wallet/tde/					OPEN		   LOCAL_AUTOLOGIN NONE 	 1
FILE										OPEN		   LOCAL_AUTOLOGIN UNITED	 2
FILE										OPEN_NO_MASTER_KEY LOCAL_AUTOLOGIN UNITED	 3
FILE										OPEN		   LOCAL_AUTOLOGIN UNITED	 4
FILE										OPEN		   LOCAL_AUTOLOGIN UNITED	 5

5 rows selected.

== Master encryption keys from v$encryption_keys =======================

KEY_ID							 KEY_USE    KEYSTORE_TYPE  ORIGIN     BACKED_UP CREATION_TIME	       ACTIVATION_TIME
-------------------------------------------------------- ---------- -------------- ---------- --------- ---------------------- ----------------------
CREATOR_PDBNAME
--------------------------------------------------------------------------------------------------------------------------------
ACTIVATING_PDBNAME														 CON_ID
-------------------------------------------------------------------------------------------------------------------------------- ------
AWTLB7QCe0QJtQNb7UleDfoAAAAAAAAAAAAAAAAAAAAAAAAAAAAA	 TDE IN PDB SOFTWARE KEYST LOCAL      YES	11.09.2026 07:50:45    11.09.2026 07:50:45
								    ORE
PDBCLONE_P2
PDBCLONE_P2															      4

ARZ5LdyfDUhLiHlUMSkxKdcAAAAAAAAAAAAAAAAAAAAAAAAAAAAA	 TDE IN PDB SOFTWARE KEYST LOCAL      YES	11.09.2026 07:52:51    11.09.2026 07:52:51
								    ORE
CDB$ROOT
CDB$ROOT															      1

AQUTGEk/UkrLlEdqDJtbxAUAAAAAAAAAAAAAAAAAAAAAAAAAAAAA	 TDE IN PDB SOFTWARE KEYST LOCAL      YES	11.09.2026 07:53:53    11.09.2026 07:53:53
								    ORE
PDBCLONE_P4
PDBCLONE_P4															      5

AZfPSfZhDE2Bq5npgWqsQFEAAAAAAAAAAAAAAAAAAAAAAAAAAAAA	 TDE IN PDB SOFTWARE KEYST LOCAL      NO	11.09.2026 07:53:56    11.09.2026 07:53:56
								    ORE
PDBCLONE_P4
PDBCLONE_P4															      5


4 rows selected.

== Tablespace key chain from v$encrypted_tablespaces ===================

TS_NAME 		    TS# ENCRYPTI ENC MASTERKEYID_HEX			KEY_VERSION STATUS	       ENCRYPTEDKEY_HEX 						  BLOCKS_ENCRYPTED BLOCKS_DECRYPTED CON_ID
-------------------- ---------- -------- --- ---------------------------------- ----------- ------------------ ------------------------------------------------------------------ ---------------- ---------------- ------
CLONE_ENC		      5 AES256	 YES 97CF49F6610C4D81AB99E9816AAC4051		  0 NORMAL	       1DB777897118476F708550634C3D027521EE70150AB2CB142281201B726F9BC6 		 0		 16	 5
CLONE_ENC		      5 AES256	 YES 64CB07B4027B4409B5035BED495E0DFA		  0 NORMAL	       3C6BE579296ECB9A77EFE8D88E32A9D8B3141A6B6F56E3786F2D66D9912EC0A3 		 0		266	 4

2 rows selected.

== Full v$encrypted_tablespaces row (version specific columns) =========

       TS# ENCRYPTI ENC ENCRYPTEDKEY							 MASTERKEYID			  BLOCKS_ENCRYPTED BLOCKS_DECRYPTED KEY_VERSION STATUS		   CIPHERMODE	 CON_ID
---------- -------- --- ---------------------------------------------------------------- -------------------------------- ---------------- ---------------- ----------- ------------------ ------------- ------
	 5 AES256   YES 3C6BE579296ECB9A77EFE8D88E32A9D8B3141A6B6F56E3786F2D66D9912EC0A3 64CB07B4027B4409B5035BED495E0DFA		 0		266	      0 NORMAL		   XTS		      4
	 5 AES256   YES 1DB777897118476F708550634C3D027521EE70150AB2CB142281201B726F9BC6 97CF49F6610C4D81AB99E9816AAC4051		 0		 16	      0 NORMAL		   XTS		      5

2 rows selected.

== Implicit database key for SYSTEM / UNDO / TEMP ======================

ENCRYPTI ENCRYPTEDKEY											  MASTERKEYID			   MAS CIPHERMODE    CON_ID
-------- ------------------------------------------------------------------------------------------------ -------------------------------- --- ------------- ------
AES256	 8204B17D6571D69C02D14CB52423DA2B4CE10F10FC9FDEEF120F5056AF63FC2200000000000000000000000000000000 16792DDC9F0D484B88795431293129D7 YES XTS		  1
NONE	 000000000000000000000000000000000000000000000000000000000000000000000000000000000000000000000000 00000000000000000000000000000000 NO  CFB		  2
AES256	 8DEDF20BF1EF730F97ED18988690A1F05BCD56DCB3D02B127EE8A75AA861F5B800000000000000000000000000000000 11706D91F98349B1987250C10F7D5B80 NO  XTS		  3
AES256	 3FEC0ADD0A290405B16690986CE31FB6C51C8B54DC50094E557965E06BCE261100000000000000000000000000000000 64CB07B4027B4409B5035BED495E0DFA YES XTS		  4
AES256	 B1FB4831783FFE4DADFFAEAB727384A62A30C65AA652CF6CB6C44087911771AC00000000000000000000000000000000 97CF49F6610C4D81AB99E9816AAC4051 YES XTS		  5

5 rows selected.

== Datafiles of encrypted tablespaces ==================================

no rows selected

2026-09-11 09:54:02 INFO  collecting key chain evidence from odbencdev (PDB PDBCLONE_P4)

Session altered.


Session altered.

========================================================================
== TDE key chain evidence snapshot =====================================
========================================================================
== Identity of this database ===========================================

CONTAINER	     DB_NAME	  DB_UNIQUE_NAME	 DBID CREATED	LOG_MODE     OPEN_MODE
-------------------- ------------ ---------------- ---------- --------- ------------ --------------------
PDBCLONE_P4	     FREE	  FREE		   1515733761 11-SEP-26 ARCHIVELOG   READ WRITE

1 row selected.

== Keystore state from v$encryption_wallet =============================

WRL_TYPE WRL_PARAMETER								STATUS		   WALLET_TYPE	   KEYSTORE CON_ID
-------- ---------------------------------------------------------------------- ------------------ --------------- -------- ------
FILE										OPEN		   LOCAL_AUTOLOGIN UNITED	 5

1 row selected.

== Master encryption keys from v$encryption_keys =======================

KEY_ID							 KEY_USE    KEYSTORE_TYPE  ORIGIN     BACKED_UP CREATION_TIME	       ACTIVATION_TIME
-------------------------------------------------------- ---------- -------------- ---------- --------- ---------------------- ----------------------
CREATOR_PDBNAME
--------------------------------------------------------------------------------------------------------------------------------
ACTIVATING_PDBNAME														 CON_ID
-------------------------------------------------------------------------------------------------------------------------------- ------
AQUTGEk/UkrLlEdqDJtbxAUAAAAAAAAAAAAAAAAAAAAAAAAAAAAA	 TDE IN PDB SOFTWARE KEYST LOCAL      YES	11.09.2026 07:53:53    11.09.2026 07:53:53
								    ORE
PDBCLONE_P4
PDBCLONE_P4															      5

AZfPSfZhDE2Bq5npgWqsQFEAAAAAAAAAAAAAAAAAAAAAAAAAAAAA	 TDE IN PDB SOFTWARE KEYST LOCAL      NO	11.09.2026 07:53:56    11.09.2026 07:53:56
								    ORE
PDBCLONE_P4
PDBCLONE_P4															      5


2 rows selected.

== Tablespace key chain from v$encrypted_tablespaces ===================

TS_NAME 		    TS# ENCRYPTI ENC MASTERKEYID_HEX			KEY_VERSION STATUS	       ENCRYPTEDKEY_HEX 						  BLOCKS_ENCRYPTED BLOCKS_DECRYPTED CON_ID
-------------------- ---------- -------- --- ---------------------------------- ----------- ------------------ ------------------------------------------------------------------ ---------------- ---------------- ------
CLONE_ENC		      5 AES256	 YES 97CF49F6610C4D81AB99E9816AAC4051		  0 NORMAL	       1DB777897118476F708550634C3D027521EE70150AB2CB142281201B726F9BC6 		 0		 16	 5

1 row selected.

== Full v$encrypted_tablespaces row (version specific columns) =========

       TS# ENCRYPTI ENC ENCRYPTEDKEY							 MASTERKEYID			  BLOCKS_ENCRYPTED BLOCKS_DECRYPTED KEY_VERSION STATUS		   CIPHERMODE	 CON_ID
---------- -------- --- ---------------------------------------------------------------- -------------------------------- ---------------- ---------------- ----------- ------------------ ------------- ------
	 5 AES256   YES 1DB777897118476F708550634C3D027521EE70150AB2CB142281201B726F9BC6 97CF49F6610C4D81AB99E9816AAC4051		 0		 16	      0 NORMAL		   XTS		      5

1 row selected.

== Implicit database key for SYSTEM / UNDO / TEMP ======================

ENCRYPTI ENCRYPTEDKEY											  MASTERKEYID			   MAS CIPHERMODE    CON_ID
-------- ------------------------------------------------------------------------------------------------ -------------------------------- --- ------------- ------
AES256	 B1FB4831783FFE4DADFFAEAB727384A62A30C65AA652CF6CB6C44087911771AC00000000000000000000000000000000 97CF49F6610C4D81AB99E9816AAC4051 YES XTS		  5

1 row selected.

== Datafiles of encrypted tablespaces ==================================

TS_NAME 	     RELATIVE_FNO FILE_NAME								     BLOCKS BLOCK_SIZE	    BYTES
-------------------- ------------ ---------------------------------------------------------------------- ---------- ---------- ----------
CLONE_ENC		     1024 /opt/oracle/oradata/FREE/5B316198B6EE1447E063030013AC86E9/datafile/o1_       6400	  8192	 52428800
				  mf_clone_en_ob7dw0jk_.dbf


1 row selected.

2026-09-11 09:54:02 INFO  listing datafiles of tablespace CLONE_ENC in PDB PDBCLONE_P4
2026-09-11 09:54:02 INFO  found 1 datafile(s)
2026-09-11 09:54:02 INFO  fingerprinting o1_mf_clone_en_ob7dw0jk_.dbf (block size 8192)
wrote /Users/stefan.oehrli/Repos/own/oehrlis/oracle-free-labs/data/xchange/evidence/pdb_p6_rekey_before/o1_mf_clone_en_ob7dw0jk_.dbf.fp
2026-09-11 09:54:03 INFO  scanning o1_mf_clone_en_ob7dw0jk_.dbf for the clear-text marker
no hits - needle not present as plaintext in this datafile
2026-09-11 09:54:03 INFO  manifest written to /Users/stefan.oehrli/Repos/own/oehrlis/oracle-free-labs/data/xchange/evidence/pdb_p6_rekey_before/manifest.txt
2026-09-11 09:54:03 INFO  Done.

========================================================================
== ALTER TABLESPACE CLONE_ENC ENCRYPTION ONLINE REKEY
========================================================================

Session altered.


Tablespace altered.


STATUS
-----------------
ONLINE REKEY done

========================================================================
== Key state AFTER ONLINE REKEY
========================================================================
2026-09-11 09:54:06 INFO  KEY_VERSION after: 1

Session altered.


MASTERKEYID_AFTER		 ENCRYPTEDKEY_AFTER						  KEY_VERSION ENCRYPT
-------------------------------- ---------------------------------------------------------------- ----------- -------
97CF49F6610C4D81AB99E9816AAC4051 A9BBC531203D39AAD9431C057880344A643CD7B55620F724A9910009615129A9	    1 AES256

1 row selected.

========================================================================
== Collect evidence set 'pdb_p6_rekey'
========================================================================
2026-09-11 09:54:06 INFO  collecting evidence set 'pdb_p6_rekey' from odbencdev
2026-09-11 09:54:06 INFO  Starting tde_evidence.sh 0.1.0
2026-09-11 09:54:06 INFO  evidence set 'pdb_p6_rekey' -> /Users/stefan.oehrli/Repos/own/oehrlis/oracle-free-labs/data/xchange/evidence/pdb_p6_rekey
2026-09-11 09:54:06 INFO  collecting key chain evidence from odbencdev (CDB$ROOT)

Session altered.

========================================================================
== TDE key chain evidence snapshot =====================================
========================================================================
== Identity of this database ===========================================

CONTAINER	     DB_NAME	  DB_UNIQUE_NAME	 DBID CREATED	LOG_MODE     OPEN_MODE
-------------------- ------------ ---------------- ---------- --------- ------------ --------------------
CDB$ROOT	     FREE	  FREE		   1515733761 11-SEP-26 ARCHIVELOG   READ WRITE

1 row selected.

== Keystore state from v$encryption_wallet =============================

WRL_TYPE WRL_PARAMETER								STATUS		   WALLET_TYPE	   KEYSTORE CON_ID
-------- ---------------------------------------------------------------------- ------------------ --------------- -------- ------
FILE	 /opt/oracle/dbconfig/FREE/wallet/tde/					OPEN		   LOCAL_AUTOLOGIN NONE 	 1
FILE										OPEN		   LOCAL_AUTOLOGIN UNITED	 2
FILE										OPEN_NO_MASTER_KEY LOCAL_AUTOLOGIN UNITED	 3
FILE										OPEN		   LOCAL_AUTOLOGIN UNITED	 4
FILE										OPEN		   LOCAL_AUTOLOGIN UNITED	 5

5 rows selected.

== Master encryption keys from v$encryption_keys =======================

KEY_ID							 KEY_USE    KEYSTORE_TYPE  ORIGIN     BACKED_UP CREATION_TIME	       ACTIVATION_TIME
-------------------------------------------------------- ---------- -------------- ---------- --------- ---------------------- ----------------------
CREATOR_PDBNAME
--------------------------------------------------------------------------------------------------------------------------------
ACTIVATING_PDBNAME														 CON_ID
-------------------------------------------------------------------------------------------------------------------------------- ------
AWTLB7QCe0QJtQNb7UleDfoAAAAAAAAAAAAAAAAAAAAAAAAAAAAA	 TDE IN PDB SOFTWARE KEYST LOCAL      YES	11.09.2026 07:50:45    11.09.2026 07:50:45
								    ORE
PDBCLONE_P2
PDBCLONE_P2															      4

ARZ5LdyfDUhLiHlUMSkxKdcAAAAAAAAAAAAAAAAAAAAAAAAAAAAA	 TDE IN PDB SOFTWARE KEYST LOCAL      YES	11.09.2026 07:52:51    11.09.2026 07:52:51
								    ORE
CDB$ROOT
CDB$ROOT															      1

AQUTGEk/UkrLlEdqDJtbxAUAAAAAAAAAAAAAAAAAAAAAAAAAAAAA	 TDE IN PDB SOFTWARE KEYST LOCAL      YES	11.09.2026 07:53:53    11.09.2026 07:53:53
								    ORE
PDBCLONE_P4
PDBCLONE_P4															      5

AZfPSfZhDE2Bq5npgWqsQFEAAAAAAAAAAAAAAAAAAAAAAAAAAAAA	 TDE IN PDB SOFTWARE KEYST LOCAL      NO	11.09.2026 07:53:56    11.09.2026 07:53:56
								    ORE
PDBCLONE_P4
PDBCLONE_P4															      5


4 rows selected.

== Tablespace key chain from v$encrypted_tablespaces ===================

TS_NAME 		    TS# ENCRYPTI ENC MASTERKEYID_HEX			KEY_VERSION STATUS	       ENCRYPTEDKEY_HEX 						  BLOCKS_ENCRYPTED BLOCKS_DECRYPTED CON_ID
-------------------- ---------- -------- --- ---------------------------------- ----------- ------------------ ------------------------------------------------------------------ ---------------- ---------------- ------
CLONE_ENC		      5 AES256	 YES 97CF49F6610C4D81AB99E9816AAC4051		  1 NORMAL	       A9BBC531203D39AAD9431C057880344A643CD7B55620F724A9910009615129A9 		 0		  0	 5
CLONE_ENC		      5 AES256	 YES 64CB07B4027B4409B5035BED495E0DFA		  0 NORMAL	       3C6BE579296ECB9A77EFE8D88E32A9D8B3141A6B6F56E3786F2D66D9912EC0A3 		 0		266	 4

2 rows selected.

== Full v$encrypted_tablespaces row (version specific columns) =========

       TS# ENCRYPTI ENC ENCRYPTEDKEY							 MASTERKEYID			  BLOCKS_ENCRYPTED BLOCKS_DECRYPTED KEY_VERSION STATUS		   CIPHERMODE	 CON_ID
---------- -------- --- ---------------------------------------------------------------- -------------------------------- ---------------- ---------------- ----------- ------------------ ------------- ------
	 5 AES256   YES 3C6BE579296ECB9A77EFE8D88E32A9D8B3141A6B6F56E3786F2D66D9912EC0A3 64CB07B4027B4409B5035BED495E0DFA		 0		266	      0 NORMAL		   XTS		      4
	 5 AES256   YES A9BBC531203D39AAD9431C057880344A643CD7B55620F724A9910009615129A9 97CF49F6610C4D81AB99E9816AAC4051		 0		  0	      1 NORMAL		   XTS		      5

2 rows selected.

== Implicit database key for SYSTEM / UNDO / TEMP ======================

ENCRYPTI ENCRYPTEDKEY											  MASTERKEYID			   MAS CIPHERMODE    CON_ID
-------- ------------------------------------------------------------------------------------------------ -------------------------------- --- ------------- ------
AES256	 8204B17D6571D69C02D14CB52423DA2B4CE10F10FC9FDEEF120F5056AF63FC2200000000000000000000000000000000 16792DDC9F0D484B88795431293129D7 YES XTS		  1
NONE	 000000000000000000000000000000000000000000000000000000000000000000000000000000000000000000000000 00000000000000000000000000000000 NO  CFB		  2
AES256	 8DEDF20BF1EF730F97ED18988690A1F05BCD56DCB3D02B127EE8A75AA861F5B800000000000000000000000000000000 11706D91F98349B1987250C10F7D5B80 NO  XTS		  3
AES256	 3FEC0ADD0A290405B16690986CE31FB6C51C8B54DC50094E557965E06BCE261100000000000000000000000000000000 64CB07B4027B4409B5035BED495E0DFA YES XTS		  4
AES256	 B1FB4831783FFE4DADFFAEAB727384A62A30C65AA652CF6CB6C44087911771AC00000000000000000000000000000000 97CF49F6610C4D81AB99E9816AAC4051 YES XTS		  5

5 rows selected.

== Datafiles of encrypted tablespaces ==================================

no rows selected

2026-09-11 09:54:07 INFO  collecting key chain evidence from odbencdev (PDB PDBCLONE_P4)

Session altered.


Session altered.

========================================================================
== TDE key chain evidence snapshot =====================================
========================================================================
== Identity of this database ===========================================

CONTAINER	     DB_NAME	  DB_UNIQUE_NAME	 DBID CREATED	LOG_MODE     OPEN_MODE
-------------------- ------------ ---------------- ---------- --------- ------------ --------------------
PDBCLONE_P4	     FREE	  FREE		   1515733761 11-SEP-26 ARCHIVELOG   READ WRITE

1 row selected.

== Keystore state from v$encryption_wallet =============================

WRL_TYPE WRL_PARAMETER								STATUS		   WALLET_TYPE	   KEYSTORE CON_ID
-------- ---------------------------------------------------------------------- ------------------ --------------- -------- ------
FILE										OPEN		   LOCAL_AUTOLOGIN UNITED	 5

1 row selected.

== Master encryption keys from v$encryption_keys =======================

KEY_ID							 KEY_USE    KEYSTORE_TYPE  ORIGIN     BACKED_UP CREATION_TIME	       ACTIVATION_TIME
-------------------------------------------------------- ---------- -------------- ---------- --------- ---------------------- ----------------------
CREATOR_PDBNAME
--------------------------------------------------------------------------------------------------------------------------------
ACTIVATING_PDBNAME														 CON_ID
-------------------------------------------------------------------------------------------------------------------------------- ------
AQUTGEk/UkrLlEdqDJtbxAUAAAAAAAAAAAAAAAAAAAAAAAAAAAAA	 TDE IN PDB SOFTWARE KEYST LOCAL      YES	11.09.2026 07:53:53    11.09.2026 07:53:53
								    ORE
PDBCLONE_P4
PDBCLONE_P4															      5

AZfPSfZhDE2Bq5npgWqsQFEAAAAAAAAAAAAAAAAAAAAAAAAAAAAA	 TDE IN PDB SOFTWARE KEYST LOCAL      NO	11.09.2026 07:53:56    11.09.2026 07:53:56
								    ORE
PDBCLONE_P4
PDBCLONE_P4															      5


2 rows selected.

== Tablespace key chain from v$encrypted_tablespaces ===================

TS_NAME 		    TS# ENCRYPTI ENC MASTERKEYID_HEX			KEY_VERSION STATUS	       ENCRYPTEDKEY_HEX 						  BLOCKS_ENCRYPTED BLOCKS_DECRYPTED CON_ID
-------------------- ---------- -------- --- ---------------------------------- ----------- ------------------ ------------------------------------------------------------------ ---------------- ---------------- ------
CLONE_ENC		      5 AES256	 YES 97CF49F6610C4D81AB99E9816AAC4051		  1 NORMAL	       A9BBC531203D39AAD9431C057880344A643CD7B55620F724A9910009615129A9 		 0		  0	 5

1 row selected.

== Full v$encrypted_tablespaces row (version specific columns) =========

       TS# ENCRYPTI ENC ENCRYPTEDKEY							 MASTERKEYID			  BLOCKS_ENCRYPTED BLOCKS_DECRYPTED KEY_VERSION STATUS		   CIPHERMODE	 CON_ID
---------- -------- --- ---------------------------------------------------------------- -------------------------------- ---------------- ---------------- ----------- ------------------ ------------- ------
	 5 AES256   YES A9BBC531203D39AAD9431C057880344A643CD7B55620F724A9910009615129A9 97CF49F6610C4D81AB99E9816AAC4051		 0		  0	      1 NORMAL		   XTS		      5

1 row selected.

== Implicit database key for SYSTEM / UNDO / TEMP ======================

ENCRYPTI ENCRYPTEDKEY											  MASTERKEYID			   MAS CIPHERMODE    CON_ID
-------- ------------------------------------------------------------------------------------------------ -------------------------------- --- ------------- ------
AES256	 B1FB4831783FFE4DADFFAEAB727384A62A30C65AA652CF6CB6C44087911771AC00000000000000000000000000000000 97CF49F6610C4D81AB99E9816AAC4051 YES XTS		  5

1 row selected.

== Datafiles of encrypted tablespaces ==================================

TS_NAME 	     RELATIVE_FNO FILE_NAME								     BLOCKS BLOCK_SIZE	    BYTES
-------------------- ------------ ---------------------------------------------------------------------- ---------- ---------- ----------
CLONE_ENC		     1024 /opt/oracle/oradata/FREE/5B316198B6EE1447E063030013AC86E9/datafile/o1_       6400	  8192	 52428800
				  mf_clone_en_ob7dwvlk_.dbf


1 row selected.

2026-09-11 09:54:07 INFO  listing datafiles of tablespace CLONE_ENC in PDB PDBCLONE_P4
2026-09-11 09:54:07 INFO  found 1 datafile(s)
2026-09-11 09:54:07 INFO  fingerprinting o1_mf_clone_en_ob7dwvlk_.dbf (block size 8192)
wrote /Users/stefan.oehrli/Repos/own/oehrlis/oracle-free-labs/data/xchange/evidence/pdb_p6_rekey/o1_mf_clone_en_ob7dwvlk_.dbf.fp
2026-09-11 09:54:07 INFO  scanning o1_mf_clone_en_ob7dwvlk_.dbf for the clear-text marker
no hits - needle not present as plaintext in this datafile
2026-09-11 09:54:08 INFO  manifest written to /Users/stefan.oehrli/Repos/own/oehrlis/oracle-free-labs/data/xchange/evidence/pdb_p6_rekey/manifest.txt
2026-09-11 09:54:08 INFO  Done.

========================================================================
== Compare 'pdb_p6_rekey' vs 'pdb_baseline' (expect RE-ENCRYPT: blocks differ)
========================================================================
2026-09-11 09:54:08 INFO  Note: ONLINE REKEY creates a new datafile; --compare may report no common files.
2026-09-11 09:54:08 INFO  KEY_VERSION delta and block fingerprint of the new file are the primary evidence.
2026-09-11 09:54:08 INFO  comparing evidence sets 'pdb_p6_rekey_before' vs 'pdb_p6_rekey'
2026-09-11 09:54:08 INFO  Starting tde_evidence.sh 0.1.0
2026-09-11 09:54:08 WARN  datafile renamed between the two sets: o1_mf_clone_en_ob7dw0jk_.dbf.fp vs o1_mf_clone_en_ob7dwvlk_.dbf.fp
2026-09-11 09:54:08 WARN  pairing them anyway because each set holds exactly one datafile

== Block-level ciphertext comparison ==
A: pdb_p6_rekey_before/o1_mf_clone_en_ob7dw0jk_.dbf.fp
B: pdb_p6_rekey/o1_mf_clone_en_ob7dw0jk_.dbf.fp
block_size A/B: 8192/8192
blocks compared: 6401
identical: 0
differing: 6401
first differing blocks: [0, 1, 2, 3, 4, 5, 6, 7, 8, 9, 10, 11, 12, 13, 14, 15, 16, 17, 18, 19]
... and 6381 more
verdict: RE-ENCRYPT INDICATED - every comparable block changed
2026-09-11 09:54:08 INFO  compared 1 datafile(s)
2026-09-11 09:54:08 INFO  Done.
canary blocks:   identical 0 differing 313 total 313 (expect all differing)

Key summary for before ONLINE REKEY:
  MASTERKEYID : 97CF49F6610C4D81AB99E9816AAC4051
  Wrapped TEK : 1DB777897118476F708550634C3D027521EE70150AB2CB142281201B726F9BC6
  Notes       : KEY_VERSION=0

Key summary for after  ONLINE REKEY:
  MASTERKEYID : 97CF49F6610C4D81AB99E9816AAC4051
  Wrapped TEK : A9BBC531203D39AAD9431C057880344A643CD7B55620F724A9910009615129A9
  Notes       : KEY_VERSION=1

TEK changed:       YES (new TEK)
KEY_VERSION delta: 0 -> 1

------------------------------------------------------------------------
VERDICT: PASS - P6: ONLINE REKEY created new key material (KEY_VERSION 0 -> 1) and rewrote the data blocks (identical 0 differing 313 total 313) - the ciphertext in PDBCLONE_P4 no longer matches its own prior state
------------------------------------------------------------------------
2026-09-11 09:54:09 INFO  Done.

========================================================================
  STEP 70: Variant G: ALTER TABLESPACE ENCRYPTION ONLINE REKEY
  Script: /Users/stefan.oehrli/Repos/own/oehrlis/oracle-free-labs/scripts/tde-verify/tests/70_variant_g.sh
  Time:   2026-09-11 09:54:10
========================================================================
2026-09-11 09:54:10 INFO  Starting 70_variant_g.sh 0.1.0

========================================================================
== Step 70: Variant G - ONLINE REKEY
========================================================================

========================================================================
== Reset odbencdev
========================================================================
2026-09-11 09:54:10 INFO  resetting service 'odbencdev' ...
 Container odbencdev Stopping 
 Container odbencdev Stopped 
 Container odbencdev Removing 
 Container odbencdev Removed 
 Network oracle-free-labs_default Removing 
 Network oracle-free-labs_default Resource is still in use 
2026-09-11 09:54:13 INFO  removing /Users/stefan.oehrli/Repos/own/oehrlis/oracle-free-labs/data/odbencdev
2026-09-11 09:54:13 INFO  restored tracked files under data/odbencdev
2026-09-11 09:54:13 INFO  service 'odbencdev' reset complete
2026-09-11 09:54:13 INFO  starting service 'odbencdev' ...
 Container odbencdev Creating 
 Container odbencdev Created 
 Container odbencdev Starting 
 Container odbencdev Started 
2026-09-11 09:54:14 INFO  waiting for odbencdev to be ready (timeout 600s) ...
2026-09-11 09:56:07 INFO  odbencdev is ready

========================================================================
== Phase 1: Variant A base (RESTORE with prod keystore)
========================================================================
2026-09-11 09:56:07 INFO  Starting tde_clone.sh 0.1.0
2026-09-11 09:56:07 INFO  variant a: replacing the target keystore with the source keystore
2026-09-11 09:56:07 INFO  backing the target keystore up to /opt/oracle/xchange/wallet_dev_pristine
2026-09-11 09:56:07 INFO  backup verified, keystore file present and non-empty
2026-09-11 09:56:07 INFO  staging the source keystore into /opt/oracle/dbconfig/FREE/wallet
2026-09-11 09:56:07 INFO  shutting the target down and starting it NOMOUNT
Database closed.
Database dismounted.
ORACLE instance shut down.
ORACLE instance started.

Total System Global Area 1603392144 bytes
Fixed Size		    5026448 bytes
Variable Size		  419430400 bytes
Database Buffers	 1174405120 bytes
Redo Buffers		    4530176 bytes
2026-09-11 09:56:10 INFO  moving stale online redo logs to /opt/oracle/xchange/stale_redo_odbencdev
moved /opt/oracle/oradata/FREE/redo01.log
moved /opt/oracle/oradata/FREE/redo02.log
moved /opt/oracle/oradata/FREE/redo03.log
2026-09-11 09:56:11 INFO  restoring the source control file and mounting
2026-09-11 09:56:11 INFO  control file autobackup: cf_c-1515732537-20260911-00

Recovery Manager: Release 23.26.3.0.0 - Production on Fri Sep 11 09:56:11 2026
Version 23.26.3.0.0

Copyright (c) 1982, 2026, Oracle and/or its affiliates.  All rights reserved.

connected to target database: FREE (not mounted)

RMAN> 

RMAN> SET DBID 1515732537;
executing command: SET DBID


RMAN> RUN {
2>   ALLOCATE CHANNEL c1 DEVICE TYPE DISK;
3>   SET CONTROLFILE AUTOBACKUP FORMAT FOR DEVICE TYPE DISK TO '/opt/oracle/xchange/backup/cf_%F';
4>   RESTORE CONTROLFILE FROM '/opt/oracle/xchange/backup/cf_c-1515732537-20260911-00';
5>   ALTER DATABASE MOUNT;
6>   RELEASE CHANNEL c1;
7> }
using target database control file instead of recovery catalog
allocated channel: c1
channel c1: SID=162 device type=DISK

executing command: SET CONTROLFILE AUTOBACKUP FORMAT

Starting restore at 11-SEP-26

channel c1: restoring control file
channel c1: restore complete, elapsed time: 00:00:01
output file name=/opt/oracle/oradata/FREE/control01.ctl
output file name=/opt/oracle/oradata/FREE/control02.ctl
Finished restore at 11-SEP-26

Statement processed

released channel: c1


RMAN> EXIT


Recovery Manager complete.

Recovery Manager: Release 23.26.3.0.0 - Production on Fri Sep 11 09:56:13 2026
Version 23.26.3.0.0

Copyright (c) 1982, 2026, Oracle and/or its affiliates.  All rights reserved.

connected to target database: FREE (DBID=1515732537, not open)

RMAN> 

RMAN> CONFIGURE CONTROLFILE AUTOBACKUP FORMAT FOR DEVICE TYPE DISK TO '/opt/oracle/oradata/cf_target_%F';
using target database control file instead of recovery catalog
old RMAN configuration parameters:
CONFIGURE CONTROLFILE AUTOBACKUP FORMAT FOR DEVICE TYPE DISK TO '/opt/oracle/xchange/backup/cf_%F';
new RMAN configuration parameters:
CONFIGURE CONTROLFILE AUTOBACKUP FORMAT FOR DEVICE TYPE DISK TO '/opt/oracle/oradata/cf_target_%F';
new RMAN configuration parameters are successfully stored


RMAN> EXIT


Recovery Manager complete.
2026-09-11 09:56:14 INFO  opening the target keystore with the stored keystore password

    CON_ID STATUS	  WALLET_TYPE
---------- -------------- ----------------
	 1 OPEN 	  PASSWORD
2026-09-11 09:56:14 INFO  cataloging the backup pieces

Recovery Manager: Release 23.26.3.0.0 - Production on Fri Sep 11 09:56:14 2026
Version 23.26.3.0.0

Copyright (c) 1982, 2026, Oracle and/or its affiliates.  All rights reserved.

connected to target database: FREE (DBID=1515732537, not open)

RMAN> 

RMAN> RUN {
2>   ALLOCATE CHANNEL c1 DEVICE TYPE DISK;
3>   # No CATALOG: both containers see the exchange directory at the same path, so
4>   # the restored control file already knows the source pieces. Cataloging would
5>   # also pick up a previous clone's control file autobackup and its incarnation,
6>   # which makes recovery fail with ORA-19912.
7>   RELEASE CHANNEL c1;
8> }
using target database control file instead of recovery catalog
allocated channel: c1
channel c1: SID=4 device type=DISK

released channel: c1


RMAN> EXIT


Recovery Manager complete.
2026-09-11 09:56:15 INFO  restoring with: RESTORE DATABASE;
2026-09-11 09:56:15 INFO  recovery will stop before archived log sequence 6

Recovery Manager: Release 23.26.3.0.0 - Production on Fri Sep 11 09:56:15 2026
Version 23.26.3.0.0

Copyright (c) 1982, 2026, Oracle and/or its affiliates.  All rights reserved.

connected to target database: FREE (DBID=1515732537, not open)

RMAN> 

RMAN> RUN {
2>   ALLOCATE CHANNEL c1 DEVICE TYPE DISK;
3>   SET UNTIL SEQUENCE 6 THREAD 1;
4>   RESTORE DATABASE;
5>   RECOVER DATABASE;
6>   RELEASE CHANNEL c1;
7> }
using target database control file instead of recovery catalog
allocated channel: c1
channel c1: SID=38 device type=DISK

executing command: SET until clause (SEQUENCE)

Starting restore at 11-SEP-26

channel c1: starting datafile backup set restore
channel c1: specifying datafile(s) to restore from backup set
channel c1: restoring datafile 00001 to /opt/oracle/oradata/FREE/system01.dbf
channel c1: restoring datafile 00003 to /opt/oracle/oradata/FREE/sysaux01.dbf
channel c1: restoring datafile 00007 to /opt/oracle/oradata/FREE/users01.dbf
channel c1: restoring datafile 00011 to /opt/oracle/oradata/FREE/undotbs01.dbf
channel c1: reading from backup piece /opt/oracle/xchange/backup/026qbvf6_2_1_1
channel c1: piece handle=/opt/oracle/xchange/backup/026qbvf6_2_1_1 tag=TAG20260911T093534
channel c1: restored backup piece 1
channel c1: restore complete, elapsed time: 00:00:03
channel c1: starting datafile backup set restore
channel c1: specifying datafile(s) to restore from backup set
channel c1: restoring datafile 00016 to /opt/oracle/oradata/FREE/5B31168468011059E063020013ACDA14/datafile/o1_mf_system_ob7cnlqv_.dbf
channel c1: restoring datafile 00017 to /opt/oracle/oradata/FREE/5B31168468011059E063020013ACDA14/datafile/o1_mf_sysaux_ob7cnlqx_.dbf
channel c1: restoring datafile 00018 to /opt/oracle/oradata/FREE/5B31168468011059E063020013ACDA14/datafile/o1_mf_undotbs1_ob7cnlqx_.dbf
channel c1: restoring datafile 00019 to /opt/oracle/oradata/FREE/5B31168468011059E063020013ACDA14/datafile/o1_mf_audit_da_ob7cnocy_.dbf
channel c1: restoring datafile 00020 to /opt/oracle/oradata/FREE/5B31168468011059E063020013ACDA14/datafile/o1_mf_users_ob7co9bt_.dbf
channel c1: restoring datafile 00021 to /opt/oracle/oradata/FREE/5B31168468011059E063020013ACDA14/datafile/o1_mf_canary_p_ob7csz16_.dbf
channel c1: reading from backup piece /opt/oracle/xchange/backup/03aqbvfa_3_1_1
channel c1: piece handle=/opt/oracle/xchange/backup/03aqbvfa_3_1_1 tag=TAG20260911T093534
channel c1: restored backup piece 1
channel c1: restore complete, elapsed time: 00:00:03
channel c1: starting datafile backup set restore
channel c1: specifying datafile(s) to restore from backup set
channel c1: restoring datafile 00002 to /opt/oracle/oradata/FREE/pdbseed/system01.dbf
channel c1: restoring datafile 00004 to /opt/oracle/oradata/FREE/pdbseed/sysaux01.dbf
channel c1: restoring datafile 00009 to /opt/oracle/oradata/FREE/pdbseed/undotbs01.dbf
channel c1: reading from backup piece /opt/oracle/xchange/backup/04bqbvfb_4_1_1
channel c1: piece handle=/opt/oracle/xchange/backup/04bqbvfb_4_1_1 tag=TAG20260911T093534
channel c1: restored backup piece 1
channel c1: restore complete, elapsed time: 00:00:01
Finished restore at 11-SEP-26

Starting recover at 11-SEP-26
datafile 20 not processed because file is read-only
datafile 21 not processed because file is read-only

starting media recovery

channel c1: starting archived log restore to default destination
channel c1: restoring archived log
archived log thread=1 sequence=5
channel c1: reading from backup piece /opt/oracle/xchange/backup/05cqbvfc_5_1_1
channel c1: piece handle=/opt/oracle/xchange/backup/05cqbvfc_5_1_1 tag=TAG20260911T093540
channel c1: restored backup piece 1
channel c1: restore complete, elapsed time: 00:00:01
recovery status time_needed 2026-09-11 09:35:34
archived log file name=/opt/oracle/product/26ai/dbhomeFree/dbs/arch1_5_1243675897.dbf thread=1 sequence=5
media recovery complete, elapsed time: 00:00:01
Finished recover at 11-SEP-26

released channel: c1


RMAN> EXIT


Recovery Manager complete.
2026-09-11 09:56:25 INFO  opening the target with RESETLOGS

Database altered.


Pluggable database altered.


      DBID NAME      OPEN_MODE		  LOG_MODE
---------- --------- -------------------- ------------
1515732537 FREE      READ WRITE 	  ARCHIVELOG

2026-09-11 09:56:27 INFO  recreating the auto-login keystore on the target host

    CON_ID STATUS		WALLET_TYPE
---------- -------------------- ----------------
	 1 OPEN 		PASSWORD
	 2 CLOSED		UNKNOWN
	 4 OPEN 		PASSWORD
2026-09-11 09:56:27 INFO  target keystore open via local auto-login
2026-09-11 09:56:27 INFO  Done.

========================================================================
== Capture key chain BEFORE ONLINE REKEY
========================================================================
2026-09-11 09:56:28 INFO  TEK before REKEY : FF27143DE9675547...
2026-09-11 09:56:28 INFO  KEY_VERSION before: 1

========================================================================
== Phase 2: Set USERS READ WRITE
========================================================================

Session altered.


Tablespace altered.


TABLESPACE_NAME 	       STATUS
------------------------------ ---------
USERS			       ONLINE

========================================================================
== Phase 3: ALTER TABLESPACE USERS ENCRYPTION ONLINE REKEY
========================================================================

Session altered.


Tablespace altered.


TABLESPACE_NAME 	       ENC
------------------------------ ---
USERS			       YES


RAWTOHEX(MASTERKEYID)
--------------------------------
RAWTOHEX(ENCRYPTEDKEY)						 KEY_VERSION
---------------------------------------------------------------- -----------
CIPHERMODE
-------------
F502DFF545904BBEA20853017F84BE39
618E5A9A7752BABC772D0E8BD5D7D7436E88C0B8C8D09458B6EBB67525E8F68C	   2
XTS

========================================================================
== Capture key chain AFTER ONLINE REKEY
========================================================================
2026-09-11 09:56:31 INFO  TEK after REKEY  : 618E5A9A7752BABC...
2026-09-11 09:56:31 INFO  KEY_VERSION after : 2

========================================================================
== Collect evidence set 'variant_g'
========================================================================
2026-09-11 09:56:31 INFO  collecting evidence set 'variant_g' from odbencdev
2026-09-11 09:56:31 INFO  Starting tde_evidence.sh 0.1.0
2026-09-11 09:56:31 INFO  evidence set 'variant_g' -> /Users/stefan.oehrli/Repos/own/oehrlis/oracle-free-labs/data/xchange/evidence/variant_g
2026-09-11 09:56:31 INFO  collecting key chain evidence from odbencdev (CDB$ROOT)

Session altered.

========================================================================
== TDE key chain evidence snapshot =====================================
========================================================================
== Identity of this database ===========================================

CONTAINER	     DB_NAME	  DB_UNIQUE_NAME	 DBID CREATED	LOG_MODE     OPEN_MODE
-------------------- ------------ ---------------- ---------- --------- ------------ --------------------
CDB$ROOT	     FREE	  FREE		   1515732537 11-SEP-26 ARCHIVELOG   READ WRITE

1 row selected.

== Keystore state from v$encryption_wallet =============================

WRL_TYPE WRL_PARAMETER								STATUS		   WALLET_TYPE	   KEYSTORE CON_ID
-------- ---------------------------------------------------------------------- ------------------ --------------- -------- ------
FILE	 /opt/oracle/dbconfig/FREE/wallet/tde/					OPEN		   PASSWORD	   NONE 	 1
FILE										CLOSED		   UNKNOWN	   UNITED	 2
FILE										OPEN		   PASSWORD	   UNITED	 4

3 rows selected.

== Master encryption keys from v$encryption_keys =======================

KEY_ID							 KEY_USE    KEYSTORE_TYPE  ORIGIN     BACKED_UP CREATION_TIME	       ACTIVATION_TIME
-------------------------------------------------------- ---------- -------------- ---------- --------- ---------------------- ----------------------
CREATOR_PDBNAME
--------------------------------------------------------------------------------------------------------------------------------
ACTIVATING_PDBNAME														 CON_ID
-------------------------------------------------------------------------------------------------------------------------------- ------
AfbcNSHAE0H8oa8yTTlGdNcAAAAAAAAAAAAAAAAAAAAAAAAAAAAA	 TDE IN PDB SOFTWARE KEYST LOCAL      YES	11.09.2026 07:32:53    11.09.2026 07:32:53
								    ORE
CDB$ROOT
CDB$ROOT															      1

AfUC3/VFkEu+oghTAX+EvjkAAAAAAAAAAAAAAAAAAAAAAAAAAAAA	 TDE IN PDB SOFTWARE KEYST LOCAL      NO	11.09.2026 07:32:57    11.09.2026 07:32:57
								    ORE
ODBENCPROD
ODBENCPROD															      4


2 rows selected.

== Tablespace key chain from v$encrypted_tablespaces ===================

TS_NAME 		    TS# ENCRYPTI ENC MASTERKEYID_HEX			KEY_VERSION STATUS	       ENCRYPTEDKEY_HEX 						  BLOCKS_ENCRYPTED BLOCKS_DECRYPTED CON_ID
-------------------- ---------- -------- --- ---------------------------------- ----------- ------------------ ------------------------------------------------------------------ ---------------- ---------------- ------
USERS			      6 AES256	 YES F502DFF545904BBEA20853017F84BE39		  2 NORMAL	       618E5A9A7752BABC772D0E8BD5D7D7436E88C0B8C8D09458B6EBB67525E8F68C 		 0		  0	 4

1 row selected.

== Full v$encrypted_tablespaces row (version specific columns) =========

       TS# ENCRYPTI ENC ENCRYPTEDKEY							 MASTERKEYID			  BLOCKS_ENCRYPTED BLOCKS_DECRYPTED KEY_VERSION STATUS		   CIPHERMODE	 CON_ID
---------- -------- --- ---------------------------------------------------------------- -------------------------------- ---------------- ---------------- ----------- ------------------ ------------- ------
	 6 AES256   YES 618E5A9A7752BABC772D0E8BD5D7D7436E88C0B8C8D09458B6EBB67525E8F68C F502DFF545904BBEA20853017F84BE39		 0		  0	      2 NORMAL		   XTS		      4

1 row selected.

== Implicit database key for SYSTEM / UNDO / TEMP ======================

ENCRYPTI ENCRYPTEDKEY											  MASTERKEYID			   MAS CIPHERMODE    CON_ID
-------- ------------------------------------------------------------------------------------------------ -------------------------------- --- ------------- ------
AES256	 C57590ABF3E38E41CB7AD79BFC94BC66344AB2DF0C158ECB8608EC71708FBF1B00000000000000000000000000000000 F6DC3521C01341FCA1AF324D394674D7 YES XTS		  1
NONE	 000000000000000000000000000000000000000000000000000000000000000000000000000000000000000000000000 00000000000000000000000000000000 NO  CFB		  2
AES256	 C994595FF4121EB6743BC291E4499AC8823B0749B855ABC64F5931E93229467600000000000000000000000000000000 F502DFF545904BBEA20853017F84BE39 YES XTS		  4

3 rows selected.

== Datafiles of encrypted tablespaces ==================================

no rows selected

2026-09-11 09:56:31 INFO  collecting key chain evidence from odbencdev (PDB ODBENCPROD)

Session altered.


Session altered.

========================================================================
== TDE key chain evidence snapshot =====================================
========================================================================
== Identity of this database ===========================================

CONTAINER	     DB_NAME	  DB_UNIQUE_NAME	 DBID CREATED	LOG_MODE     OPEN_MODE
-------------------- ------------ ---------------- ---------- --------- ------------ --------------------
ODBENCPROD	     FREE	  FREE		   1515732537 11-SEP-26 ARCHIVELOG   READ WRITE

1 row selected.

== Keystore state from v$encryption_wallet =============================

WRL_TYPE WRL_PARAMETER								STATUS		   WALLET_TYPE	   KEYSTORE CON_ID
-------- ---------------------------------------------------------------------- ------------------ --------------- -------- ------
FILE										OPEN		   PASSWORD	   UNITED	 4

1 row selected.

== Master encryption keys from v$encryption_keys =======================

KEY_ID							 KEY_USE    KEYSTORE_TYPE  ORIGIN     BACKED_UP CREATION_TIME	       ACTIVATION_TIME
-------------------------------------------------------- ---------- -------------- ---------- --------- ---------------------- ----------------------
CREATOR_PDBNAME
--------------------------------------------------------------------------------------------------------------------------------
ACTIVATING_PDBNAME														 CON_ID
-------------------------------------------------------------------------------------------------------------------------------- ------
AfUC3/VFkEu+oghTAX+EvjkAAAAAAAAAAAAAAAAAAAAAAAAAAAAA	 TDE IN PDB SOFTWARE KEYST LOCAL      NO	11.09.2026 07:32:57    11.09.2026 07:32:57
								    ORE
ODBENCPROD
ODBENCPROD															      4


1 row selected.

== Tablespace key chain from v$encrypted_tablespaces ===================

TS_NAME 		    TS# ENCRYPTI ENC MASTERKEYID_HEX			KEY_VERSION STATUS	       ENCRYPTEDKEY_HEX 						  BLOCKS_ENCRYPTED BLOCKS_DECRYPTED CON_ID
-------------------- ---------- -------- --- ---------------------------------- ----------- ------------------ ------------------------------------------------------------------ ---------------- ---------------- ------
USERS			      6 AES256	 YES F502DFF545904BBEA20853017F84BE39		  2 NORMAL	       618E5A9A7752BABC772D0E8BD5D7D7436E88C0B8C8D09458B6EBB67525E8F68C 		 0		  0	 4

1 row selected.

== Full v$encrypted_tablespaces row (version specific columns) =========

       TS# ENCRYPTI ENC ENCRYPTEDKEY							 MASTERKEYID			  BLOCKS_ENCRYPTED BLOCKS_DECRYPTED KEY_VERSION STATUS		   CIPHERMODE	 CON_ID
---------- -------- --- ---------------------------------------------------------------- -------------------------------- ---------------- ---------------- ----------- ------------------ ------------- ------
	 6 AES256   YES 618E5A9A7752BABC772D0E8BD5D7D7436E88C0B8C8D09458B6EBB67525E8F68C F502DFF545904BBEA20853017F84BE39		 0		  0	      2 NORMAL		   XTS		      4

1 row selected.

== Implicit database key for SYSTEM / UNDO / TEMP ======================

ENCRYPTI ENCRYPTEDKEY											  MASTERKEYID			   MAS CIPHERMODE    CON_ID
-------- ------------------------------------------------------------------------------------------------ -------------------------------- --- ------------- ------
AES256	 C994595FF4121EB6743BC291E4499AC8823B0749B855ABC64F5931E93229467600000000000000000000000000000000 F502DFF545904BBEA20853017F84BE39 YES XTS		  4

1 row selected.

== Datafiles of encrypted tablespaces ==================================

TS_NAME 	     RELATIVE_FNO FILE_NAME								     BLOCKS BLOCK_SIZE	    BYTES
-------------------- ------------ ---------------------------------------------------------------------- ---------- ---------- ----------
USERS			     1024 /opt/oracle/oradata/FREE/5B31168468011059E063020013ACDA14/datafile/o1_       2560	  8192	 20971520
				  mf_users_ob7f1dom_.dbf


1 row selected.

2026-09-11 09:56:31 INFO  listing datafiles of tablespace USERS in PDB ODBENCPROD
2026-09-11 09:56:32 INFO  found 1 datafile(s)
2026-09-11 09:56:32 INFO  fingerprinting o1_mf_users_ob7f1dom_.dbf (block size 8192)
wrote /Users/stefan.oehrli/Repos/own/oehrlis/oracle-free-labs/data/xchange/evidence/variant_g/o1_mf_users_ob7f1dom_.dbf.fp
2026-09-11 09:56:32 INFO  scanning o1_mf_users_ob7f1dom_.dbf for the clear-text marker
no hits - needle not present as plaintext in this datafile
2026-09-11 09:56:32 INFO  manifest written to /Users/stefan.oehrli/Repos/own/oehrlis/oracle-free-labs/data/xchange/evidence/variant_g/manifest.txt
2026-09-11 09:56:32 INFO  Done.

========================================================================
== Compare 'variant_g' vs 'baseline' (expect DIFFERENT)
========================================================================
2026-09-11 09:56:32 INFO  comparing evidence sets 'baseline' vs 'variant_g'
2026-09-11 09:56:32 INFO  Starting tde_evidence.sh 0.1.0
2026-09-11 09:56:32 WARN  datafile renamed between the two sets: o1_mf_users_ob7co9bt_.dbf.fp vs o1_mf_users_ob7f1dom_.dbf.fp
2026-09-11 09:56:32 WARN  pairing them anyway because each set holds exactly one datafile

== Block-level ciphertext comparison ==
A: baseline/o1_mf_users_ob7co9bt_.dbf.fp
B: variant_g/o1_mf_users_ob7co9bt_.dbf.fp
block_size A/B: 8192/8192
blocks compared: 2561
identical: 0
differing: 2561
first differing blocks: [0, 1, 2, 3, 4, 5, 6, 7, 8, 9, 10, 11, 12, 13, 14, 15, 16, 17, 18, 19]
... and 2541 more
verdict: RE-ENCRYPT INDICATED - every comparable block changed
2026-09-11 09:56:32 INFO  compared 1 datafile(s)
2026-09-11 09:56:33 INFO  Done.
canary blocks:   identical 0 differing 313 total 313 (expect all differing)

KEY_VERSION  : 1 -> 2
TEK before   : FF27143DE967554706317B6691C47122...
TEK after    : 618E5A9A7752BABC772D0E8BD5D7D743...
TEK vs prod  : DIFFERENT (expected)
Note: ONLINE REKEY is available in Oracle Free 26ai but is an EE feature.

------------------------------------------------------------------------
VERDICT: PASS - TEK changed by ONLINE REKEY (1 -> 2) and the canary ciphertext changed with it (identical 0 differing 313 total 313) - new key material, blocks rewritten
------------------------------------------------------------------------
2026-09-11 09:56:33 INFO  Done.

========================================================================
  STEP 80: Positive control: two tablespaces prove method sensitivity
  Script: /Users/stefan.oehrli/Repos/own/oehrlis/oracle-free-labs/scripts/tde-verify/tests/80_positive_control.sh
  Time:   2026-09-11 09:56:34
========================================================================
2026-09-11 09:56:34 INFO  Starting 80_positive_control.sh 0.1.0

========================================================================
== Step 80: Positive control - two fresh encrypted tablespaces
========================================================================
2026-09-11 09:56:34 INFO  db_create_file_dest already /opt/oracle/oradata in odbencprod

========================================================================
== Create CTRL_ENC_A (encrypted, AES256)
========================================================================

Session altered.

DROP TABLESPACE CTRL_ENC_A INCLUDING CONTENTS AND DATAFILES
*
ERROR at line 1:
ORA-00959: tablespace 'CTRL_ENC_A' does not exist
Help: https://docs.oracle.com/error-help/db/ora-00959/
2026-09-11 09:56:34 WARN  CTRL_ENC_A did not exist (safe to ignore)

Session altered.


Tablespace created.

========================================================================
== Create CTRL_ENC_B (encrypted, AES256)
========================================================================

Session altered.

DROP TABLESPACE CTRL_ENC_B INCLUDING CONTENTS AND DATAFILES
*
ERROR at line 1:
ORA-00959: tablespace 'CTRL_ENC_B' does not exist
Help: https://docs.oracle.com/error-help/db/ora-00959/
2026-09-11 09:56:35 WARN  CTRL_ENC_B did not exist (safe to ignore)

Session altered.


Tablespace created.

========================================================================
== Create identical canary in CTRL_ENC_A
========================================================================

Session altered.

========================================================================
== Create canary table SCOTT.CANARY_CTRL_A in CTRL_ENC_A
========================================================================
no existing SCOTT.CANARY_CTRL_A to drop

PL/SQL procedure successfully completed.


Table created.


5000 rows created.


Commit complete.

== Row count and segment size ==========================================

CANARY_ROWS
-----------
       5000

1 row selected.


OWNER		     TABLE_NAME 	  TS_NAME		   BLOCKS      BYTES
-------------------- -------------------- -------------------- ---------- ----------
SCOTT		     CANARY_CTRL_A	  CTRL_ENC_A		      384    3145728

1 row selected.

== Physical block range of the canary rows =============================

RELATIVE_FNO  MIN_BLOCK  MAX_BLOCK DISTINCT_BLOCKS ROWS_TOTAL
------------ ---------- ---------- --------------- ----------
	   0	    779       1279	       313	 5000

1 row selected.

== Datafile holding the canary ==========================================

RELATIVE_FNO FILE_NAME								    BLOCK_SIZE	   BLOCKS      BYTES
------------ ---------------------------------------------------------------------- ---------- ---------- ----------
	1024 /opt/oracle/oradata/FREE/5B31168468011059E063020013ACDA14/datafile/o1_	  8192	     2560   20971520
	     mf_ctrl_enc_ob7f1lt8_.dbf


1 row selected.

== Marker for the host side plain-text scan ============================

MARKER
----------------------------------------
OEHRLI-CANARY-01

1 row selected.

========================================================================
== Create identical canary in CTRL_ENC_B
========================================================================

Session altered.

========================================================================
== Create canary table SCOTT.CANARY_CTRL_B in CTRL_ENC_B
========================================================================
no existing SCOTT.CANARY_CTRL_B to drop

PL/SQL procedure successfully completed.


Table created.


5000 rows created.


Commit complete.

== Row count and segment size ==========================================

CANARY_ROWS
-----------
       5000

1 row selected.


OWNER		     TABLE_NAME 	  TS_NAME		   BLOCKS      BYTES
-------------------- -------------------- -------------------- ---------- ----------
SCOTT		     CANARY_CTRL_B	  CTRL_ENC_B		      384    3145728

1 row selected.

== Physical block range of the canary rows =============================

RELATIVE_FNO  MIN_BLOCK  MAX_BLOCK DISTINCT_BLOCKS ROWS_TOTAL
------------ ---------- ---------- --------------- ----------
	   0	    779       1279	       313	 5000

1 row selected.

== Datafile holding the canary ==========================================

RELATIVE_FNO FILE_NAME								    BLOCK_SIZE	   BLOCKS      BYTES
------------ ---------------------------------------------------------------------- ---------- ---------- ----------
	1024 /opt/oracle/oradata/FREE/5B31168468011059E063020013ACDA14/datafile/o1_	  8192	     2560   20971520
	     mf_ctrl_enc_ob7f1m5y_.dbf


1 row selected.

== Marker for the host side plain-text scan ============================

MARKER
----------------------------------------
OEHRLI-CANARY-01

1 row selected.

========================================================================
== Set CTRL_ENC_A and CTRL_ENC_B to READ ONLY
========================================================================

Session altered.


Tablespace altered.


Tablespace altered.


TABLESPACE_NAME 	       STATUS	 ENC
------------------------------ --------- ---
CTRL_ENC_A		       READ ONLY YES
CTRL_ENC_B		       READ ONLY YES


WRAPPED_TEK
----------------------------------------------------------------
NAME
------------------------------
874112AC2604A6082E53197A52656295786256966D5A9F0F82EF15D165904A87
CTRL_ENC_A

E869B8BC129B6236D7DD6B9A79064A7CA4D097F6086DAF38FC5D6BEA8DD29161
CTRL_ENC_B

========================================================================
== Collect evidence set 'ctrl_enc_a'
========================================================================
2026-09-11 09:56:36 INFO  collecting evidence set 'ctrl_enc_a' from odbencprod
2026-09-11 09:56:36 INFO  Starting tde_evidence.sh 0.1.0
2026-09-11 09:56:36 INFO  evidence set 'ctrl_enc_a' -> /Users/stefan.oehrli/Repos/own/oehrlis/oracle-free-labs/data/xchange/evidence/ctrl_enc_a
2026-09-11 09:56:36 INFO  collecting key chain evidence from odbencprod (CDB$ROOT)

Session altered.

========================================================================
== TDE key chain evidence snapshot =====================================
========================================================================
== Identity of this database ===========================================

CONTAINER	     DB_NAME	  DB_UNIQUE_NAME	 DBID CREATED	LOG_MODE     OPEN_MODE
-------------------- ------------ ---------------- ---------- --------- ------------ --------------------
CDB$ROOT	     FREE	  FREE		   1515732537 11-SEP-26 ARCHIVELOG   READ WRITE

1 row selected.

== Keystore state from v$encryption_wallet =============================

WRL_TYPE WRL_PARAMETER								STATUS		   WALLET_TYPE	   KEYSTORE CON_ID
-------- ---------------------------------------------------------------------- ------------------ --------------- -------- ------
FILE	 /opt/oracle/dbconfig/FREE/wallet/tde/					OPEN		   LOCAL_AUTOLOGIN NONE 	 1
FILE										OPEN		   LOCAL_AUTOLOGIN UNITED	 2
FILE										OPEN		   LOCAL_AUTOLOGIN UNITED	 4
FILE										OPEN		   LOCAL_AUTOLOGIN UNITED	 5
FILE										OPEN		   LOCAL_AUTOLOGIN UNITED	 6

5 rows selected.

== Master encryption keys from v$encryption_keys =======================

KEY_ID							 KEY_USE    KEYSTORE_TYPE  ORIGIN     BACKED_UP CREATION_TIME	       ACTIVATION_TIME
-------------------------------------------------------- ---------- -------------- ---------- --------- ---------------------- ----------------------
CREATOR_PDBNAME
--------------------------------------------------------------------------------------------------------------------------------
ACTIVATING_PDBNAME														 CON_ID
-------------------------------------------------------------------------------------------------------------------------------- ------
AfbcNSHAE0H8oa8yTTlGdNcAAAAAAAAAAAAAAAAAAAAAAAAAAAAA	 TDE IN PDB SOFTWARE KEYST LOCAL      YES	11.09.2026 07:32:53    11.09.2026 07:32:53
								    ORE
CDB$ROOT
CDB$ROOT															      1

AfUC3/VFkEu+oghTAX+EvjkAAAAAAAAAAAAAAAAAAAAAAAAAAAAA	 TDE IN PDB SOFTWARE KEYST LOCAL      YES	11.09.2026 07:32:57    11.09.2026 07:32:57
								    ORE
ODBENCPROD
ODBENCPROD															      4

AWTLB7QCe0QJtQNb7UleDfoAAAAAAAAAAAAAAAAAAAAAAAAAAAAA	 TDE IN PDB SOFTWARE KEYST LOCAL      NO	11.09.2026 07:50:45    11.09.2026 07:50:45
								    ORE
PDBCLONE
PDBCLONE															      3


3 rows selected.

== Tablespace key chain from v$encrypted_tablespaces ===================

TS_NAME 		    TS# ENCRYPTI ENC MASTERKEYID_HEX			KEY_VERSION STATUS	       ENCRYPTEDKEY_HEX 						  BLOCKS_ENCRYPTED BLOCKS_DECRYPTED CON_ID
-------------------- ---------- -------- --- ---------------------------------- ----------- ------------------ ------------------------------------------------------------------ ---------------- ---------------- ------
CLONE_ENC		      5 AES256	 YES 64CB07B4027B4409B5035BED495E0DFA		  0 NORMAL	       F33A907E275234A4CD4B556FE7F9EB3E3E5E1C2DA3F31AC05002A1CB6C90CC40 		 0		266	 5
CLONE_ENC		      5 AES256	 YES 64CB07B4027B4409B5035BED495E0DFA		  0 NORMAL	       3C6BE579296ECB9A77EFE8D88E32A9D8B3141A6B6F56E3786F2D66D9912EC0A3 		 0		  0	 6
CTRL_ENC_A		      8 AES256	 YES F502DFF545904BBEA20853017F84BE39		  0 NORMAL	       874112AC2604A6082E53197A52656295786256966D5A9F0F82EF15D165904A87 	      1141		  0	 4
CTRL_ENC_B		      9 AES256	 YES F502DFF545904BBEA20853017F84BE39		  0 NORMAL	       E869B8BC129B6236D7DD6B9A79064A7CA4D097F6086DAF38FC5D6BEA8DD29161 	      1141		  0	 4
USERS			      6 AES256	 YES F502DFF545904BBEA20853017F84BE39		  1 NORMAL	       FF27143DE967554706317B6691C471226EA029147FF3E1905F29270F341846BC 	       372		  3	 4

5 rows selected.

== Full v$encrypted_tablespaces row (version specific columns) =========

       TS# ENCRYPTI ENC ENCRYPTEDKEY							 MASTERKEYID			  BLOCKS_ENCRYPTED BLOCKS_DECRYPTED KEY_VERSION STATUS		   CIPHERMODE	 CON_ID
---------- -------- --- ---------------------------------------------------------------- -------------------------------- ---------------- ---------------- ----------- ------------------ ------------- ------
	 6 AES256   YES FF27143DE967554706317B6691C471226EA029147FF3E1905F29270F341846BC F502DFF545904BBEA20853017F84BE39	       372		  3	      1 NORMAL		   XTS		      4
	 5 AES256   YES F33A907E275234A4CD4B556FE7F9EB3E3E5E1C2DA3F31AC05002A1CB6C90CC40 64CB07B4027B4409B5035BED495E0DFA		 0		266	      0 NORMAL		   XTS		      5
	 5 AES256   YES 3C6BE579296ECB9A77EFE8D88E32A9D8B3141A6B6F56E3786F2D66D9912EC0A3 64CB07B4027B4409B5035BED495E0DFA		 0		  0	      0 NORMAL		   XTS		      6
	 8 AES256   YES 874112AC2604A6082E53197A52656295786256966D5A9F0F82EF15D165904A87 F502DFF545904BBEA20853017F84BE39	      1141		  0	      0 NORMAL		   XTS		      4
	 9 AES256   YES E869B8BC129B6236D7DD6B9A79064A7CA4D097F6086DAF38FC5D6BEA8DD29161 F502DFF545904BBEA20853017F84BE39	      1141		  0	      0 NORMAL		   XTS		      4

5 rows selected.

== Implicit database key for SYSTEM / UNDO / TEMP ======================

ENCRYPTI ENCRYPTEDKEY											  MASTERKEYID			   MAS CIPHERMODE    CON_ID
-------- ------------------------------------------------------------------------------------------------ -------------------------------- --- ------------- ------
AES256	 C57590ABF3E38E41CB7AD79BFC94BC66344AB2DF0C158ECB8608EC71708FBF1B00000000000000000000000000000000 F6DC3521C01341FCA1AF324D394674D7 YES XTS		  1
NONE	 000000000000000000000000000000000000000000000000000000000000000000000000000000000000000000000000 00000000000000000000000000000000 NO  CFB		  2
AES256	 C994595FF4121EB6743BC291E4499AC8823B0749B855ABC64F5931E93229467600000000000000000000000000000000 F502DFF545904BBEA20853017F84BE39 YES XTS		  4
AES256	 3FEC0ADD0A290405B16690986CE31FB6C51C8B54DC50094E557965E06BCE261100000000000000000000000000000000 64CB07B4027B4409B5035BED495E0DFA YES XTS		  5
AES256	 3FEC0ADD0A290405B16690986CE31FB6C51C8B54DC50094E557965E06BCE261100000000000000000000000000000000 64CB07B4027B4409B5035BED495E0DFA YES XTS		  6

5 rows selected.

== Datafiles of encrypted tablespaces ==================================

no rows selected

2026-09-11 09:56:36 INFO  collecting key chain evidence from odbencprod (PDB ODBENCPROD)

Session altered.


Session altered.

========================================================================
== TDE key chain evidence snapshot =====================================
========================================================================
== Identity of this database ===========================================

CONTAINER	     DB_NAME	  DB_UNIQUE_NAME	 DBID CREATED	LOG_MODE     OPEN_MODE
-------------------- ------------ ---------------- ---------- --------- ------------ --------------------
ODBENCPROD	     FREE	  FREE		   1515732537 11-SEP-26 ARCHIVELOG   READ WRITE

1 row selected.

== Keystore state from v$encryption_wallet =============================

WRL_TYPE WRL_PARAMETER								STATUS		   WALLET_TYPE	   KEYSTORE CON_ID
-------- ---------------------------------------------------------------------- ------------------ --------------- -------- ------
FILE										OPEN		   LOCAL_AUTOLOGIN UNITED	 4

1 row selected.

== Master encryption keys from v$encryption_keys =======================

KEY_ID							 KEY_USE    KEYSTORE_TYPE  ORIGIN     BACKED_UP CREATION_TIME	       ACTIVATION_TIME
-------------------------------------------------------- ---------- -------------- ---------- --------- ---------------------- ----------------------
CREATOR_PDBNAME
--------------------------------------------------------------------------------------------------------------------------------
ACTIVATING_PDBNAME														 CON_ID
-------------------------------------------------------------------------------------------------------------------------------- ------
AfUC3/VFkEu+oghTAX+EvjkAAAAAAAAAAAAAAAAAAAAAAAAAAAAA	 TDE IN PDB SOFTWARE KEYST LOCAL      YES	11.09.2026 07:32:57    11.09.2026 07:32:57
								    ORE
ODBENCPROD
ODBENCPROD															      4


1 row selected.

== Tablespace key chain from v$encrypted_tablespaces ===================

TS_NAME 		    TS# ENCRYPTI ENC MASTERKEYID_HEX			KEY_VERSION STATUS	       ENCRYPTEDKEY_HEX 						  BLOCKS_ENCRYPTED BLOCKS_DECRYPTED CON_ID
-------------------- ---------- -------- --- ---------------------------------- ----------- ------------------ ------------------------------------------------------------------ ---------------- ---------------- ------
CTRL_ENC_A		      8 AES256	 YES F502DFF545904BBEA20853017F84BE39		  0 NORMAL	       874112AC2604A6082E53197A52656295786256966D5A9F0F82EF15D165904A87 	      1141		  0	 4
CTRL_ENC_B		      9 AES256	 YES F502DFF545904BBEA20853017F84BE39		  0 NORMAL	       E869B8BC129B6236D7DD6B9A79064A7CA4D097F6086DAF38FC5D6BEA8DD29161 	      1141		  0	 4
USERS			      6 AES256	 YES F502DFF545904BBEA20853017F84BE39		  1 NORMAL	       FF27143DE967554706317B6691C471226EA029147FF3E1905F29270F341846BC 	       372		  3	 4

3 rows selected.

== Full v$encrypted_tablespaces row (version specific columns) =========

       TS# ENCRYPTI ENC ENCRYPTEDKEY							 MASTERKEYID			  BLOCKS_ENCRYPTED BLOCKS_DECRYPTED KEY_VERSION STATUS		   CIPHERMODE	 CON_ID
---------- -------- --- ---------------------------------------------------------------- -------------------------------- ---------------- ---------------- ----------- ------------------ ------------- ------
	 6 AES256   YES FF27143DE967554706317B6691C471226EA029147FF3E1905F29270F341846BC F502DFF545904BBEA20853017F84BE39	       372		  3	      1 NORMAL		   XTS		      4
	 8 AES256   YES 874112AC2604A6082E53197A52656295786256966D5A9F0F82EF15D165904A87 F502DFF545904BBEA20853017F84BE39	      1141		  0	      0 NORMAL		   XTS		      4
	 9 AES256   YES E869B8BC129B6236D7DD6B9A79064A7CA4D097F6086DAF38FC5D6BEA8DD29161 F502DFF545904BBEA20853017F84BE39	      1141		  0	      0 NORMAL		   XTS		      4

3 rows selected.

== Implicit database key for SYSTEM / UNDO / TEMP ======================

ENCRYPTI ENCRYPTEDKEY											  MASTERKEYID			   MAS CIPHERMODE    CON_ID
-------- ------------------------------------------------------------------------------------------------ -------------------------------- --- ------------- ------
AES256	 C994595FF4121EB6743BC291E4499AC8823B0749B855ABC64F5931E93229467600000000000000000000000000000000 F502DFF545904BBEA20853017F84BE39 YES XTS		  4

1 row selected.

== Datafiles of encrypted tablespaces ==================================

TS_NAME 	     RELATIVE_FNO FILE_NAME								     BLOCKS BLOCK_SIZE	    BYTES
-------------------- ------------ ---------------------------------------------------------------------- ---------- ---------- ----------
CTRL_ENC_A		     1024 /opt/oracle/oradata/FREE/5B31168468011059E063020013ACDA14/datafile/o1_       2560	  8192	 20971520
				  mf_ctrl_enc_ob7f1lt8_.dbf

CTRL_ENC_B		     1024 /opt/oracle/oradata/FREE/5B31168468011059E063020013ACDA14/datafile/o1_       2560	  8192	 20971520
				  mf_ctrl_enc_ob7f1m5y_.dbf

USERS			     1024 /opt/oracle/oradata/FREE/5B31168468011059E063020013ACDA14/datafile/o1_       2560	  8192	 20971520
				  mf_users_ob7co9bt_.dbf


3 rows selected.

2026-09-11 09:56:36 INFO  listing datafiles of tablespace CTRL_ENC_A in PDB ODBENCPROD
2026-09-11 09:56:36 INFO  found 1 datafile(s)
2026-09-11 09:56:36 INFO  fingerprinting o1_mf_ctrl_enc_ob7f1lt8_.dbf (block size 8192)
wrote /Users/stefan.oehrli/Repos/own/oehrlis/oracle-free-labs/data/xchange/evidence/ctrl_enc_a/o1_mf_ctrl_enc_ob7f1lt8_.dbf.fp
2026-09-11 09:56:37 INFO  scanning o1_mf_ctrl_enc_ob7f1lt8_.dbf for the clear-text marker
no hits - needle not present as plaintext in this datafile
2026-09-11 09:56:37 INFO  manifest written to /Users/stefan.oehrli/Repos/own/oehrlis/oracle-free-labs/data/xchange/evidence/ctrl_enc_a/manifest.txt
2026-09-11 09:56:37 INFO  Done.

========================================================================
== Collect evidence set 'ctrl_enc_b'
========================================================================
2026-09-11 09:56:37 INFO  collecting evidence set 'ctrl_enc_b' from odbencprod
2026-09-11 09:56:37 INFO  Starting tde_evidence.sh 0.1.0
2026-09-11 09:56:37 INFO  evidence set 'ctrl_enc_b' -> /Users/stefan.oehrli/Repos/own/oehrlis/oracle-free-labs/data/xchange/evidence/ctrl_enc_b
2026-09-11 09:56:37 INFO  collecting key chain evidence from odbencprod (CDB$ROOT)

Session altered.

========================================================================
== TDE key chain evidence snapshot =====================================
========================================================================
== Identity of this database ===========================================

CONTAINER	     DB_NAME	  DB_UNIQUE_NAME	 DBID CREATED	LOG_MODE     OPEN_MODE
-------------------- ------------ ---------------- ---------- --------- ------------ --------------------
CDB$ROOT	     FREE	  FREE		   1515732537 11-SEP-26 ARCHIVELOG   READ WRITE

1 row selected.

== Keystore state from v$encryption_wallet =============================

WRL_TYPE WRL_PARAMETER								STATUS		   WALLET_TYPE	   KEYSTORE CON_ID
-------- ---------------------------------------------------------------------- ------------------ --------------- -------- ------
FILE	 /opt/oracle/dbconfig/FREE/wallet/tde/					OPEN		   LOCAL_AUTOLOGIN NONE 	 1
FILE										OPEN		   LOCAL_AUTOLOGIN UNITED	 2
FILE										OPEN		   LOCAL_AUTOLOGIN UNITED	 4
FILE										OPEN		   LOCAL_AUTOLOGIN UNITED	 5
FILE										OPEN		   LOCAL_AUTOLOGIN UNITED	 6

5 rows selected.

== Master encryption keys from v$encryption_keys =======================

KEY_ID							 KEY_USE    KEYSTORE_TYPE  ORIGIN     BACKED_UP CREATION_TIME	       ACTIVATION_TIME
-------------------------------------------------------- ---------- -------------- ---------- --------- ---------------------- ----------------------
CREATOR_PDBNAME
--------------------------------------------------------------------------------------------------------------------------------
ACTIVATING_PDBNAME														 CON_ID
-------------------------------------------------------------------------------------------------------------------------------- ------
AfbcNSHAE0H8oa8yTTlGdNcAAAAAAAAAAAAAAAAAAAAAAAAAAAAA	 TDE IN PDB SOFTWARE KEYST LOCAL      YES	11.09.2026 07:32:53    11.09.2026 07:32:53
								    ORE
CDB$ROOT
CDB$ROOT															      1

AfUC3/VFkEu+oghTAX+EvjkAAAAAAAAAAAAAAAAAAAAAAAAAAAAA	 TDE IN PDB SOFTWARE KEYST LOCAL      YES	11.09.2026 07:32:57    11.09.2026 07:32:57
								    ORE
ODBENCPROD
ODBENCPROD															      4

AWTLB7QCe0QJtQNb7UleDfoAAAAAAAAAAAAAAAAAAAAAAAAAAAAA	 TDE IN PDB SOFTWARE KEYST LOCAL      NO	11.09.2026 07:50:45    11.09.2026 07:50:45
								    ORE
PDBCLONE
PDBCLONE															      3


3 rows selected.

== Tablespace key chain from v$encrypted_tablespaces ===================

TS_NAME 		    TS# ENCRYPTI ENC MASTERKEYID_HEX			KEY_VERSION STATUS	       ENCRYPTEDKEY_HEX 						  BLOCKS_ENCRYPTED BLOCKS_DECRYPTED CON_ID
-------------------- ---------- -------- --- ---------------------------------- ----------- ------------------ ------------------------------------------------------------------ ---------------- ---------------- ------
CLONE_ENC		      5 AES256	 YES 64CB07B4027B4409B5035BED495E0DFA		  0 NORMAL	       F33A907E275234A4CD4B556FE7F9EB3E3E5E1C2DA3F31AC05002A1CB6C90CC40 		 0		266	 5
CLONE_ENC		      5 AES256	 YES 64CB07B4027B4409B5035BED495E0DFA		  0 NORMAL	       3C6BE579296ECB9A77EFE8D88E32A9D8B3141A6B6F56E3786F2D66D9912EC0A3 		 0		  0	 6
CTRL_ENC_A		      8 AES256	 YES F502DFF545904BBEA20853017F84BE39		  0 NORMAL	       874112AC2604A6082E53197A52656295786256966D5A9F0F82EF15D165904A87 	      1141		  0	 4
CTRL_ENC_B		      9 AES256	 YES F502DFF545904BBEA20853017F84BE39		  0 NORMAL	       E869B8BC129B6236D7DD6B9A79064A7CA4D097F6086DAF38FC5D6BEA8DD29161 	      1141		  0	 4
USERS			      6 AES256	 YES F502DFF545904BBEA20853017F84BE39		  1 NORMAL	       FF27143DE967554706317B6691C471226EA029147FF3E1905F29270F341846BC 	       372		  3	 4

5 rows selected.

== Full v$encrypted_tablespaces row (version specific columns) =========

       TS# ENCRYPTI ENC ENCRYPTEDKEY							 MASTERKEYID			  BLOCKS_ENCRYPTED BLOCKS_DECRYPTED KEY_VERSION STATUS		   CIPHERMODE	 CON_ID
---------- -------- --- ---------------------------------------------------------------- -------------------------------- ---------------- ---------------- ----------- ------------------ ------------- ------
	 6 AES256   YES FF27143DE967554706317B6691C471226EA029147FF3E1905F29270F341846BC F502DFF545904BBEA20853017F84BE39	       372		  3	      1 NORMAL		   XTS		      4
	 5 AES256   YES F33A907E275234A4CD4B556FE7F9EB3E3E5E1C2DA3F31AC05002A1CB6C90CC40 64CB07B4027B4409B5035BED495E0DFA		 0		266	      0 NORMAL		   XTS		      5
	 5 AES256   YES 3C6BE579296ECB9A77EFE8D88E32A9D8B3141A6B6F56E3786F2D66D9912EC0A3 64CB07B4027B4409B5035BED495E0DFA		 0		  0	      0 NORMAL		   XTS		      6
	 8 AES256   YES 874112AC2604A6082E53197A52656295786256966D5A9F0F82EF15D165904A87 F502DFF545904BBEA20853017F84BE39	      1141		  0	      0 NORMAL		   XTS		      4
	 9 AES256   YES E869B8BC129B6236D7DD6B9A79064A7CA4D097F6086DAF38FC5D6BEA8DD29161 F502DFF545904BBEA20853017F84BE39	      1141		  0	      0 NORMAL		   XTS		      4

5 rows selected.

== Implicit database key for SYSTEM / UNDO / TEMP ======================

ENCRYPTI ENCRYPTEDKEY											  MASTERKEYID			   MAS CIPHERMODE    CON_ID
-------- ------------------------------------------------------------------------------------------------ -------------------------------- --- ------------- ------
AES256	 C57590ABF3E38E41CB7AD79BFC94BC66344AB2DF0C158ECB8608EC71708FBF1B00000000000000000000000000000000 F6DC3521C01341FCA1AF324D394674D7 YES XTS		  1
NONE	 000000000000000000000000000000000000000000000000000000000000000000000000000000000000000000000000 00000000000000000000000000000000 NO  CFB		  2
AES256	 C994595FF4121EB6743BC291E4499AC8823B0749B855ABC64F5931E93229467600000000000000000000000000000000 F502DFF545904BBEA20853017F84BE39 YES XTS		  4
AES256	 3FEC0ADD0A290405B16690986CE31FB6C51C8B54DC50094E557965E06BCE261100000000000000000000000000000000 64CB07B4027B4409B5035BED495E0DFA YES XTS		  5
AES256	 3FEC0ADD0A290405B16690986CE31FB6C51C8B54DC50094E557965E06BCE261100000000000000000000000000000000 64CB07B4027B4409B5035BED495E0DFA YES XTS		  6

5 rows selected.

== Datafiles of encrypted tablespaces ==================================

no rows selected

2026-09-11 09:56:37 INFO  collecting key chain evidence from odbencprod (PDB ODBENCPROD)

Session altered.


Session altered.

========================================================================
== TDE key chain evidence snapshot =====================================
========================================================================
== Identity of this database ===========================================

CONTAINER	     DB_NAME	  DB_UNIQUE_NAME	 DBID CREATED	LOG_MODE     OPEN_MODE
-------------------- ------------ ---------------- ---------- --------- ------------ --------------------
ODBENCPROD	     FREE	  FREE		   1515732537 11-SEP-26 ARCHIVELOG   READ WRITE

1 row selected.

== Keystore state from v$encryption_wallet =============================

WRL_TYPE WRL_PARAMETER								STATUS		   WALLET_TYPE	   KEYSTORE CON_ID
-------- ---------------------------------------------------------------------- ------------------ --------------- -------- ------
FILE										OPEN		   LOCAL_AUTOLOGIN UNITED	 4

1 row selected.

== Master encryption keys from v$encryption_keys =======================

KEY_ID							 KEY_USE    KEYSTORE_TYPE  ORIGIN     BACKED_UP CREATION_TIME	       ACTIVATION_TIME
-------------------------------------------------------- ---------- -------------- ---------- --------- ---------------------- ----------------------
CREATOR_PDBNAME
--------------------------------------------------------------------------------------------------------------------------------
ACTIVATING_PDBNAME														 CON_ID
-------------------------------------------------------------------------------------------------------------------------------- ------
AfUC3/VFkEu+oghTAX+EvjkAAAAAAAAAAAAAAAAAAAAAAAAAAAAA	 TDE IN PDB SOFTWARE KEYST LOCAL      YES	11.09.2026 07:32:57    11.09.2026 07:32:57
								    ORE
ODBENCPROD
ODBENCPROD															      4


1 row selected.

== Tablespace key chain from v$encrypted_tablespaces ===================

TS_NAME 		    TS# ENCRYPTI ENC MASTERKEYID_HEX			KEY_VERSION STATUS	       ENCRYPTEDKEY_HEX 						  BLOCKS_ENCRYPTED BLOCKS_DECRYPTED CON_ID
-------------------- ---------- -------- --- ---------------------------------- ----------- ------------------ ------------------------------------------------------------------ ---------------- ---------------- ------
CTRL_ENC_A		      8 AES256	 YES F502DFF545904BBEA20853017F84BE39		  0 NORMAL	       874112AC2604A6082E53197A52656295786256966D5A9F0F82EF15D165904A87 	      1141		  0	 4
CTRL_ENC_B		      9 AES256	 YES F502DFF545904BBEA20853017F84BE39		  0 NORMAL	       E869B8BC129B6236D7DD6B9A79064A7CA4D097F6086DAF38FC5D6BEA8DD29161 	      1141		  0	 4
USERS			      6 AES256	 YES F502DFF545904BBEA20853017F84BE39		  1 NORMAL	       FF27143DE967554706317B6691C471226EA029147FF3E1905F29270F341846BC 	       372		  3	 4

3 rows selected.

== Full v$encrypted_tablespaces row (version specific columns) =========

       TS# ENCRYPTI ENC ENCRYPTEDKEY							 MASTERKEYID			  BLOCKS_ENCRYPTED BLOCKS_DECRYPTED KEY_VERSION STATUS		   CIPHERMODE	 CON_ID
---------- -------- --- ---------------------------------------------------------------- -------------------------------- ---------------- ---------------- ----------- ------------------ ------------- ------
	 6 AES256   YES FF27143DE967554706317B6691C471226EA029147FF3E1905F29270F341846BC F502DFF545904BBEA20853017F84BE39	       372		  3	      1 NORMAL		   XTS		      4
	 8 AES256   YES 874112AC2604A6082E53197A52656295786256966D5A9F0F82EF15D165904A87 F502DFF545904BBEA20853017F84BE39	      1141		  0	      0 NORMAL		   XTS		      4
	 9 AES256   YES E869B8BC129B6236D7DD6B9A79064A7CA4D097F6086DAF38FC5D6BEA8DD29161 F502DFF545904BBEA20853017F84BE39	      1141		  0	      0 NORMAL		   XTS		      4

3 rows selected.

== Implicit database key for SYSTEM / UNDO / TEMP ======================

ENCRYPTI ENCRYPTEDKEY											  MASTERKEYID			   MAS CIPHERMODE    CON_ID
-------- ------------------------------------------------------------------------------------------------ -------------------------------- --- ------------- ------
AES256	 C994595FF4121EB6743BC291E4499AC8823B0749B855ABC64F5931E93229467600000000000000000000000000000000 F502DFF545904BBEA20853017F84BE39 YES XTS		  4

1 row selected.

== Datafiles of encrypted tablespaces ==================================

TS_NAME 	     RELATIVE_FNO FILE_NAME								     BLOCKS BLOCK_SIZE	    BYTES
-------------------- ------------ ---------------------------------------------------------------------- ---------- ---------- ----------
CTRL_ENC_A		     1024 /opt/oracle/oradata/FREE/5B31168468011059E063020013ACDA14/datafile/o1_       2560	  8192	 20971520
				  mf_ctrl_enc_ob7f1lt8_.dbf

CTRL_ENC_B		     1024 /opt/oracle/oradata/FREE/5B31168468011059E063020013ACDA14/datafile/o1_       2560	  8192	 20971520
				  mf_ctrl_enc_ob7f1m5y_.dbf

USERS			     1024 /opt/oracle/oradata/FREE/5B31168468011059E063020013ACDA14/datafile/o1_       2560	  8192	 20971520
				  mf_users_ob7co9bt_.dbf


3 rows selected.

2026-09-11 09:56:37 INFO  listing datafiles of tablespace CTRL_ENC_B in PDB ODBENCPROD
2026-09-11 09:56:38 INFO  found 1 datafile(s)
2026-09-11 09:56:38 INFO  fingerprinting o1_mf_ctrl_enc_ob7f1m5y_.dbf (block size 8192)
wrote /Users/stefan.oehrli/Repos/own/oehrlis/oracle-free-labs/data/xchange/evidence/ctrl_enc_b/o1_mf_ctrl_enc_ob7f1m5y_.dbf.fp
2026-09-11 09:56:38 INFO  scanning o1_mf_ctrl_enc_ob7f1m5y_.dbf for the clear-text marker
no hits - needle not present as plaintext in this datafile
2026-09-11 09:56:38 INFO  manifest written to /Users/stefan.oehrli/Repos/own/oehrlis/oracle-free-labs/data/xchange/evidence/ctrl_enc_b/manifest.txt
2026-09-11 09:56:38 INFO  Done.

========================================================================
== Compare 'ctrl_enc_a' vs 'ctrl_enc_b' (expect DIFFERENT ciphertext)
========================================================================
2026-09-11 09:56:38 INFO  comparing evidence sets 'ctrl_enc_a' vs 'ctrl_enc_b'
2026-09-11 09:56:38 INFO  Starting tde_evidence.sh 0.1.0
2026-09-11 09:56:38 WARN  datafile renamed between the two sets: o1_mf_ctrl_enc_ob7f1lt8_.dbf.fp vs o1_mf_ctrl_enc_ob7f1m5y_.dbf.fp
2026-09-11 09:56:38 WARN  pairing them anyway because each set holds exactly one datafile

== Block-level ciphertext comparison ==
A: ctrl_enc_a/o1_mf_ctrl_enc_ob7f1lt8_.dbf.fp
B: ctrl_enc_b/o1_mf_ctrl_enc_ob7f1lt8_.dbf.fp
block_size A/B: 8192/8192
blocks compared: 2561
identical: 1421
differing: 1140
first differing blocks: [1, 2, 3, 4, 5, 6, 7, 8, 9, 10, 11, 12, 13, 14, 15, 16, 17, 18, 19, 20]
... and 1120 more
verdict: MIXED - 1140 of 2561 blocks changed; inspect which ranges differ before drawing a conclusion
2026-09-11 09:56:38 INFO  compared 1 datafile(s)
2026-09-11 09:56:38 INFO  Done.
2026-09-11 09:56:39 INFO  canary block comparison: identical 0 differing 313 total 313

------------------------------------------------------------------------
VERDICT: PASS - the method is sensitive: identical content under two different tablespace keys produces different ciphertext in every canary block (identical 0 differing 313 total 313). An 'identical' result elsewhere in the suite therefore means the key really is unchanged
------------------------------------------------------------------------
2026-09-11 09:56:39 INFO  Done.

========================================================================
  STEP 90: Key withdrawal test: verify cryptographic independence
  Script: /Users/stefan.oehrli/Repos/own/oehrlis/oracle-free-labs/scripts/tde-verify/tests/90_withdrawal_test.sh
  Time:   2026-09-11 09:56:39
========================================================================
2026-09-11 09:56:39 INFO  Starting 90_withdrawal_test.sh 0.1.0

========================================================================
== Step 90: Key withdrawal test (after variant_g)
========================================================================

========================================================================
== Step 1: Swap to dev-only keystore (remove prod MEK)
========================================================================
current dev keystore backed up to /opt/oracle/xchange/wallet_withdrawal_backup
restored pristine dev keystore from /opt/oracle/xchange/wallet_dev_pristine
total 40
drwxr-xr-x 12 oracle oinstall  384 Sep 11 09:56 .
drwxr-xr-x  6 oracle oinstall  192 Sep 11 09:56 ..
-rw-------  1 oracle oinstall 3939 Sep 11 09:56 cwallet.sso
-rw-------  1 oracle oinstall 2675 Sep 11 09:37 cwallet_2026091107373885.sso
-rw-------  1 oracle oinstall 2675 Sep 11 09:44 cwallet_2026091107443061.sso
-rw-------  1 oracle oinstall 2675 Sep 11 09:49 cwallet_2026091107494295.sso
-rw-------  1 oracle oinstall 2675 Sep 11 09:56 cwallet_2026091107560337.sso
-rw-------  1 oracle oinstall 3827 Sep 11 09:56 ewallet.p12
-rw-------  1 oracle oinstall 2563 Sep 11 09:37 ewallet_2026091107373885.p12
-rw-------  1 oracle oinstall 2563 Sep 11 09:44 ewallet_2026091107443061.p12
-rw-------  1 oracle oinstall 2563 Sep 11 09:49 ewallet_2026091107494295.p12
-rw-------  1 oracle oinstall 2563 Sep 11 09:56 ewallet_2026091107560337.p12

========================================================================
== Step 2: Restart odbencdev (STARTUP FORCE)
========================================================================
ORACLE instance started.

Total System Global Area 1603392144 bytes
Fixed Size		    5026448 bytes
Variable Size		  436207616 bytes
Database Buffers	 1157627904 bytes
Redo Buffers		    4530176 bytes
Database mounted.
ORA-28374: typed master key not found in wallet
Help: https://docs.oracle.com/error-help/db/ora-28374/



STATE
------------------------------
OPEN_MODE=MOUNTED
2026-09-11 09:56:41 INFO  database open mode after restart: MOUNTED

Withdrawal test result:
  After variant : variant_g
  Independence  : DEPENDENT
  Open mode     : MOUNTED

------------------------------------------------------------------------
VERDICT: PASS - the database does not open at all without the source master key: it stops at MOUNTED with ORA-28374. Dependency is total - not a single tablespace is unreadable, the whole database is unusable
------------------------------------------------------------------------
2026-09-11 09:56:41 INFO  Done.

========================================================================
  TDE Verification Run Results
  Log: /Users/stefan.oehrli/Repos/own/oehrlis/oracle-free-labs/data/xchange/evidence/run_20260911_093022.log
========================================================================

NR    Result      Duration  Description
----  ----------  --------  -------------------------------------------
00    PASS        302s      Reset both services and verify clean startup
10    PASS        5s        Create canary tables, READ ONLY, collect baseline evidence
15    PASS        12s       RMAN backup + stage source keystore
20    PASS        151s      Variant A: plain RESTORE with transported source keystore
30    PASS        137s      Variant B2: AS ENCRYPTED USING KEY without prod MEK
35    PASS        126s      Variant B1: AS ENCRYPTED USING KEY with prod MEK
40    PASS        153s      Variant C: DUPLICATE ... AS ENCRYPTED
50    PASS        157s      Variant D: RESTORE AS DECRYPTED + SET KEY + OFFLINE ENCRYPT
60    PASS        173s      Variant F: chain-breaking path (new TEK)
61    PASS        9s        PDB testbed: create PDBCLONE with canary tables and c##clone user
62    PASS        7s        PDB P1: local clone in same CDB (reference case)
63    PASS        152s      PDB P2: unplug with key export, plug into dev CDB
64    PASS        2s        PDB P3: unplug without key export - negative test
65    PASS        14s       PDB P4: remote clone via DB link as c##clone
66    PASS        2s        PDB P7: ORIGIN of the transported key in the target
67    PASS        2s        PDB P8: KEY_VERSION after plug-in to foreign CDB
68    PASS        10s       PDB P5: MEK rotation in target after P2 or P4
69    PASS        9s        PDB P6: ONLINE REKEY in target after P2 or P4
70    PASS        143s      Variant G: ALTER TABLESPACE ENCRYPTION ONLINE REKEY
80    PASS        5s        Positive control: two tablespaces prove method sensitivity
90    PASS        2s        Key withdrawal test: verify cryptographic independence

All steps PASSED.
