
TDE Restore Verification Runner 0.1.0
Log: /Users/stefan.oehrli/Repos/own/oehrlis/oracle-free-labs/data/xchange/evidence/run_20260906_072238.log

========================================================================
  STEP 00: Reset both services and verify clean startup
  Script: /Users/stefan.oehrli/Repos/own/oehrlis/oracle-free-labs/scripts/tde-verify/tests/00_reset_lab.sh
  Time:   2026-09-06 07:22:38
========================================================================
2026-09-06 07:22:39 INFO  Starting 00_reset_lab.sh 0.1.0

========================================================================
== Step 00: Reset lab services
========================================================================

========================================================================
== Reset odbencprod
========================================================================
2026-09-06 07:22:39 INFO  removed data/xchange/evidence
2026-09-06 07:22:39 INFO  removed data/xchange/sso_foreign
2026-09-06 07:22:39 INFO  removed data/xchange/stale_redo_odbencdev
2026-09-06 07:22:39 INFO  removed data/xchange/wallet_prod_used_f
2026-09-06 07:22:39 INFO  removed data/xchange/wallet_dev_pristine
2026-09-06 07:22:39 INFO  removed data/xchange/wallet_prod
2026-09-06 07:22:39 INFO  removed data/xchange/wallet_withdrawal_backup
2026-09-06 07:22:39 INFO  removed data/xchange/backup
2026-09-06 07:22:39 INFO  removed data/xchange/pdbclone_p4_keys.exp
2026-09-06 07:22:39 INFO  removed data/xchange/pdbclone_p2.pdb
2026-09-06 07:22:39 INFO  exchange mount cleared
2026-09-06 07:22:39 INFO  resetting service 'odbencprod' ...
 Container odbencprod Stopping 
 Container odbencprod Stopped 
 Container odbencprod Removing 
 Container odbencprod Removed 
 Network oracle-free-labs_default Removing 
 Network oracle-free-labs_default Resource is still in use 
2026-09-06 07:22:48 INFO  removing /Users/stefan.oehrli/Repos/own/oehrlis/oracle-free-labs/data/odbencprod
2026-09-06 07:22:48 INFO  restored tracked files under data/odbencprod
2026-09-06 07:22:48 INFO  service 'odbencprod' reset complete
2026-09-06 07:22:48 INFO  starting service 'odbencprod' ...
 Container odbencprod Creating 
 Container odbencprod Created 
 Container odbencprod Starting 
 Container odbencprod Started 
2026-09-06 07:22:49 INFO  waiting for odbencprod to be ready (timeout 900s) ...
2026-09-06 07:25:23 INFO  odbencprod is ready

========================================================================
== Reset odbencdev
========================================================================
2026-09-06 07:25:23 INFO  resetting service 'odbencdev' ...
 Container odbencdev Stopping 
 Container odbencdev Stopped 
 Container odbencdev Removing 
 Container odbencdev Removed 
 Network oracle-free-labs_default Removing 
 Network oracle-free-labs_default Resource is still in use 
2026-09-06 07:25:26 INFO  removing /Users/stefan.oehrli/Repos/own/oehrlis/oracle-free-labs/data/odbencdev
2026-09-06 07:25:26 INFO  restored tracked files under data/odbencdev
2026-09-06 07:25:26 INFO  service 'odbencdev' reset complete
2026-09-06 07:25:26 INFO  starting service 'odbencdev' ...
 Container odbencdev Creating 
 Container odbencdev Created 
 Container odbencdev Starting 
 Container odbencdev Started 
2026-09-06 07:25:27 INFO  waiting for odbencdev to be ready (timeout 600s) ...
2026-09-06 07:27:30 INFO  odbencdev is ready

========================================================================
== Log scan
========================================================================
2026-09-06 07:27:31 INFO  odbencprod logs: no ORA-/SP2-/DBT- errors
2026-09-06 07:27:31 INFO  odbencdev logs: no ORA-/SP2-/DBT- errors

Service              Ready      Log errors
-------              -----      ----------
odbencprod           yes        none      
odbencdev            yes        none      

------------------------------------------------------------------------
VERDICT: PASS - both services are up, healthy, and clean
------------------------------------------------------------------------
2026-09-06 07:27:31 INFO  Done.

========================================================================
  STEP 10: Create canary tables, READ ONLY, collect baseline evidence
  Script: /Users/stefan.oehrli/Repos/own/oehrlis/oracle-free-labs/scripts/tde-verify/tests/10_baseline.sh
  Time:   2026-09-06 07:27:31
========================================================================
2026-09-06 07:27:32 INFO  Starting 10_baseline.sh 0.1.0

========================================================================
== Step 10: Collect prod baseline
========================================================================

========================================================================
== Create canary in USERS (encrypted)
========================================================================

Session altered.

ALTER TABLESPACE USERS READ WRITE
*
ERROR at line 1:
ORA-01646: tablespace 'USERS' is not read-only - cannot make read write
Help: https://docs.oracle.com/error-help/db/ora-01646/


========================================================================
== Create canary table SCOTT.CANARY_TDE in USERS
========================================================================
no existing SCOTT.CANARY_TDE to drop

PL/SQL procedure successfully completed.


Table created.


5000 rows created.


Commit complete.

== Row count and segment size ==========================================

CANARY_ROWS
-----------
       5000

1 row selected.


OWNER		     TABLE_NAME 	  TS_NAME		   BLOCKS      BYTES
-------------------- -------------------- -------------------- ---------- ----------
SCOTT		     CANARY_TDE 	  USERS 		      384    3145728

1 row selected.

== Physical block range of the canary rows =============================

RELATIVE_FNO  MIN_BLOCK  MAX_BLOCK DISTINCT_BLOCKS ROWS_TOTAL
------------ ---------- ---------- --------------- ----------
	   0	    979       1407	       313	 5000

1 row selected.

== Datafile holding the canary ==========================================

RELATIVE_FNO FILE_NAME								    BLOCK_SIZE	   BLOCKS      BYTES
------------ ---------------------------------------------------------------------- ---------- ---------- ----------
	1024 /opt/oracle/oradata/FREE/5ACAB80548401021E063020013ACDC24/datafile/o1_	  8192	     2560   20971520
	     mf_users_o9sy9kts_.dbf


1 row selected.

== Marker for the host side plain-text scan ============================

MARKER
----------------------------------------
OEHRLI-CANARY-01

1 row selected.

========================================================================
== Create unencrypted control tablespace CANARY_PLAIN
========================================================================

Session altered.

ALTER TABLESPACE CANARY_PLAIN READ WRITE
*
ERROR at line 1:
ORA-00959: tablespace 'CANARY_PLAIN' does not exist
Help: https://docs.oracle.com/error-help/db/ora-00959/


DROP TABLESPACE CANARY_PLAIN INCLUDING CONTENTS AND DATAFILES
*
ERROR at line 1:
ORA-00959: tablespace 'CANARY_PLAIN' does not exist
Help: https://docs.oracle.com/error-help/db/ora-00959/



Tablespace created.


User altered.


TABLESPACE_NAME 	       BIG ENC
------------------------------ --- ---
CANARY_PLAIN		       YES NO

========================================================================
== Create control canary in CANARY_PLAIN (unencrypted)
========================================================================

Session altered.

========================================================================
== Create canary table SCOTT.CANARY_PLAIN_TAB in CANARY_PLAIN
========================================================================
no existing SCOTT.CANARY_PLAIN_TAB to drop

PL/SQL procedure successfully completed.


Table created.


5000 rows created.


Commit complete.

== Row count and segment size ==========================================

CANARY_ROWS
-----------
       5000

1 row selected.


OWNER		     TABLE_NAME 	  TS_NAME		   BLOCKS      BYTES
-------------------- -------------------- -------------------- ---------- ----------
SCOTT		     CANARY_PLAIN_TAB	  CANARY_PLAIN		      384    3145728

1 row selected.

== Physical block range of the canary rows =============================

RELATIVE_FNO  MIN_BLOCK  MAX_BLOCK DISTINCT_BLOCKS ROWS_TOTAL
------------ ---------- ---------- --------------- ----------
	   0	    779       1279	       313	 5000

1 row selected.

== Datafile holding the canary ==========================================

RELATIVE_FNO FILE_NAME								    BLOCK_SIZE	   BLOCKS      BYTES
------------ ---------------------------------------------------------------------- ---------- ---------- ----------
	1024 /opt/oracle/oradata/FREE/5ACAB80548401021E063020013ACDC24/datafile/o1_	  8192	     2560   20971520
	     mf_canary_p_o9syg4rr_.dbf


1 row selected.

== Marker for the host side plain-text scan ============================

MARKER
----------------------------------------
OEHRLI-CANARY-01

1 row selected.

========================================================================
== Set USERS and CANARY_PLAIN to READ ONLY
========================================================================

Session altered.


Tablespace altered.


Tablespace altered.


TABLESPACE_NAME 	       STATUS
------------------------------ ---------
CANARY_PLAIN		       READ ONLY
USERS			       READ ONLY

========================================================================
== Collect evidence set 'baseline'
========================================================================
2026-09-06 07:27:33 INFO  collecting evidence set 'baseline' from odbencprod
2026-09-06 07:27:33 INFO  Starting tde_evidence.sh 0.1.0
2026-09-06 07:27:33 INFO  evidence set 'baseline' -> /Users/stefan.oehrli/Repos/own/oehrlis/oracle-free-labs/data/xchange/evidence/baseline
2026-09-06 07:27:33 INFO  collecting key chain evidence from odbencprod (CDB$ROOT)

Session altered.

========================================================================
== TDE key chain evidence snapshot =====================================
========================================================================
== Identity of this database ===========================================

CONTAINER	     DB_NAME	  DB_UNIQUE_NAME	 DBID CREATED	LOG_MODE     OPEN_MODE
-------------------- ------------ ---------------- ---------- --------- ------------ --------------------
CDB$ROOT	     FREE	  FREE		   1515292873 06-SEP-26 ARCHIVELOG   READ WRITE

1 row selected.

== Keystore state from v$encryption_wallet =============================

WRL_TYPE WRL_PARAMETER								STATUS		   WALLET_TYPE	   KEYSTORE CON_ID
-------- ---------------------------------------------------------------------- ------------------ --------------- -------- ------
FILE	 /opt/oracle/dbconfig/FREE/wallet/tde/					OPEN		   LOCAL_AUTOLOGIN NONE 	 1
FILE										OPEN		   LOCAL_AUTOLOGIN UNITED	 2
FILE										OPEN		   LOCAL_AUTOLOGIN UNITED	 4

3 rows selected.

== Master encryption keys from v$encryption_keys =======================

KEY_ID							 KEY_USE    KEYSTORE_TYPE  ORIGIN     BACKED_UP CREATION_TIME	       ACTIVATION_TIME
-------------------------------------------------------- ---------- -------------- ---------- --------- ---------------------- ----------------------
CREATOR_PDBNAME
--------------------------------------------------------------------------------------------------------------------------------
ACTIVATING_PDBNAME														 CON_ID
-------------------------------------------------------------------------------------------------------------------------------- ------
AQbBvEA8/kJyuUn9246sO0UAAAAAAAAAAAAAAAAAAAAAAAAAAAAA	 TDE IN PDB SOFTWARE KEYST LOCAL      YES	06.09.2026 05:25:02    06.09.2026 05:25:02
								    ORE
CDB$ROOT
CDB$ROOT															      1

AexXSvFmk01Fq1rB8iZ6KXoAAAAAAAAAAAAAAAAAAAAAAAAAAAAA	 TDE IN PDB SOFTWARE KEYST LOCAL      NO	06.09.2026 05:25:05    06.09.2026 05:25:05
								    ORE
ODBENCPROD
ODBENCPROD															      4


2 rows selected.

== Tablespace key chain from v$encrypted_tablespaces ===================

TS_NAME 		    TS# ENCRYPTI ENC MASTERKEYID_HEX			KEY_VERSION STATUS	       ENCRYPTEDKEY_HEX 						  BLOCKS_ENCRYPTED BLOCKS_DECRYPTED CON_ID
-------------------- ---------- -------- --- ---------------------------------- ----------- ------------------ ------------------------------------------------------------------ ---------------- ---------------- ------
USERS			      6 AES256	 YES EC574AF166934D45AB5AC1F2267A297A		  1 NORMAL	       059EFEB1BB6D72140B68FD768F80105B37BB912E84E6273E82227A027FD830F3 	       372		  3	 4

1 row selected.

== Full v$encrypted_tablespaces row (version specific columns) =========

       TS# ENCRYPTI ENC ENCRYPTEDKEY							 MASTERKEYID			  BLOCKS_ENCRYPTED BLOCKS_DECRYPTED KEY_VERSION STATUS		   CIPHERMODE	 CON_ID
---------- -------- --- ---------------------------------------------------------------- -------------------------------- ---------------- ---------------- ----------- ------------------ ------------- ------
	 6 AES256   YES 059EFEB1BB6D72140B68FD768F80105B37BB912E84E6273E82227A027FD830F3 EC574AF166934D45AB5AC1F2267A297A	       372		  3	      1 NORMAL		   XTS		      4

1 row selected.

== Implicit database key for SYSTEM / UNDO / TEMP ======================

ENCRYPTI ENCRYPTEDKEY											  MASTERKEYID			   MAS CIPHERMODE    CON_ID
-------- ------------------------------------------------------------------------------------------------ -------------------------------- --- ------------- ------
AES256	 B045728506A501E21FD577C3A9DA902B10069DB2CE11FE2ED0DA4E8ACF099CC900000000000000000000000000000000 06C1BC403CFE4272B949FDDB8EAC3B45 YES XTS		  1
NONE	 000000000000000000000000000000000000000000000000000000000000000000000000000000000000000000000000 00000000000000000000000000000000 NO  CFB		  2
AES256	 E7A6FAC63AA0DE492C8FC1E8916AB2958BEC9BFE36A88C3F24F65DC3F936F96300000000000000000000000000000000 EC574AF166934D45AB5AC1F2267A297A YES XTS		  4

3 rows selected.

== Datafiles of encrypted tablespaces ==================================

no rows selected

2026-09-06 07:27:34 INFO  collecting key chain evidence from odbencprod (PDB ODBENCPROD)

Session altered.


Session altered.

========================================================================
== TDE key chain evidence snapshot =====================================
========================================================================
== Identity of this database ===========================================

CONTAINER	     DB_NAME	  DB_UNIQUE_NAME	 DBID CREATED	LOG_MODE     OPEN_MODE
-------------------- ------------ ---------------- ---------- --------- ------------ --------------------
ODBENCPROD	     FREE	  FREE		   1515292873 06-SEP-26 ARCHIVELOG   READ WRITE

1 row selected.

== Keystore state from v$encryption_wallet =============================

WRL_TYPE WRL_PARAMETER								STATUS		   WALLET_TYPE	   KEYSTORE CON_ID
-------- ---------------------------------------------------------------------- ------------------ --------------- -------- ------
FILE										OPEN		   LOCAL_AUTOLOGIN UNITED	 4

1 row selected.

== Master encryption keys from v$encryption_keys =======================

KEY_ID							 KEY_USE    KEYSTORE_TYPE  ORIGIN     BACKED_UP CREATION_TIME	       ACTIVATION_TIME
-------------------------------------------------------- ---------- -------------- ---------- --------- ---------------------- ----------------------
CREATOR_PDBNAME
--------------------------------------------------------------------------------------------------------------------------------
ACTIVATING_PDBNAME														 CON_ID
-------------------------------------------------------------------------------------------------------------------------------- ------
AexXSvFmk01Fq1rB8iZ6KXoAAAAAAAAAAAAAAAAAAAAAAAAAAAAA	 TDE IN PDB SOFTWARE KEYST LOCAL      NO	06.09.2026 05:25:05    06.09.2026 05:25:05
								    ORE
ODBENCPROD
ODBENCPROD															      4


1 row selected.

== Tablespace key chain from v$encrypted_tablespaces ===================

TS_NAME 		    TS# ENCRYPTI ENC MASTERKEYID_HEX			KEY_VERSION STATUS	       ENCRYPTEDKEY_HEX 						  BLOCKS_ENCRYPTED BLOCKS_DECRYPTED CON_ID
-------------------- ---------- -------- --- ---------------------------------- ----------- ------------------ ------------------------------------------------------------------ ---------------- ---------------- ------
USERS			      6 AES256	 YES EC574AF166934D45AB5AC1F2267A297A		  1 NORMAL	       059EFEB1BB6D72140B68FD768F80105B37BB912E84E6273E82227A027FD830F3 	       372		  3	 4

1 row selected.

== Full v$encrypted_tablespaces row (version specific columns) =========

       TS# ENCRYPTI ENC ENCRYPTEDKEY							 MASTERKEYID			  BLOCKS_ENCRYPTED BLOCKS_DECRYPTED KEY_VERSION STATUS		   CIPHERMODE	 CON_ID
---------- -------- --- ---------------------------------------------------------------- -------------------------------- ---------------- ---------------- ----------- ------------------ ------------- ------
	 6 AES256   YES 059EFEB1BB6D72140B68FD768F80105B37BB912E84E6273E82227A027FD830F3 EC574AF166934D45AB5AC1F2267A297A	       372		  3	      1 NORMAL		   XTS		      4

1 row selected.

== Implicit database key for SYSTEM / UNDO / TEMP ======================

ENCRYPTI ENCRYPTEDKEY											  MASTERKEYID			   MAS CIPHERMODE    CON_ID
-------- ------------------------------------------------------------------------------------------------ -------------------------------- --- ------------- ------
AES256	 E7A6FAC63AA0DE492C8FC1E8916AB2958BEC9BFE36A88C3F24F65DC3F936F96300000000000000000000000000000000 EC574AF166934D45AB5AC1F2267A297A YES XTS		  4

1 row selected.

== Datafiles of encrypted tablespaces ==================================

TS_NAME 	     RELATIVE_FNO FILE_NAME								     BLOCKS BLOCK_SIZE	    BYTES
-------------------- ------------ ---------------------------------------------------------------------- ---------- ---------- ----------
USERS			     1024 /opt/oracle/oradata/FREE/5ACAB80548401021E063020013ACDC24/datafile/o1_       2560	  8192	 20971520
				  mf_users_o9sy9kts_.dbf


1 row selected.

2026-09-06 07:27:34 INFO  listing datafiles of tablespace USERS in PDB ODBENCPROD
2026-09-06 07:27:34 INFO  found 1 datafile(s)
2026-09-06 07:27:34 INFO  fingerprinting o1_mf_users_o9sy9kts_.dbf (block size 8192)
wrote /Users/stefan.oehrli/Repos/own/oehrlis/oracle-free-labs/data/xchange/evidence/baseline/o1_mf_users_o9sy9kts_.dbf.fp
2026-09-06 07:27:34 INFO  scanning o1_mf_users_o9sy9kts_.dbf for the clear-text marker
no hits - needle not present as plaintext in this datafile
2026-09-06 07:27:35 INFO  manifest written to /Users/stefan.oehrli/Repos/own/oehrlis/oracle-free-labs/data/xchange/evidence/baseline/manifest.txt
2026-09-06 07:27:35 INFO  Done.
2026-09-06 07:27:35 INFO  collecting evidence for CANARY_PLAIN (control group)
2026-09-06 07:27:35 INFO  collecting evidence set 'baseline_plain' from odbencprod
2026-09-06 07:27:35 INFO  Starting tde_evidence.sh 0.1.0
2026-09-06 07:27:35 INFO  evidence set 'baseline_plain' -> /Users/stefan.oehrli/Repos/own/oehrlis/oracle-free-labs/data/xchange/evidence/baseline_plain
2026-09-06 07:27:35 INFO  collecting key chain evidence from odbencprod (CDB$ROOT)

Session altered.

========================================================================
== TDE key chain evidence snapshot =====================================
========================================================================
== Identity of this database ===========================================

CONTAINER	     DB_NAME	  DB_UNIQUE_NAME	 DBID CREATED	LOG_MODE     OPEN_MODE
-------------------- ------------ ---------------- ---------- --------- ------------ --------------------
CDB$ROOT	     FREE	  FREE		   1515292873 06-SEP-26 ARCHIVELOG   READ WRITE

1 row selected.

== Keystore state from v$encryption_wallet =============================

WRL_TYPE WRL_PARAMETER								STATUS		   WALLET_TYPE	   KEYSTORE CON_ID
-------- ---------------------------------------------------------------------- ------------------ --------------- -------- ------
FILE	 /opt/oracle/dbconfig/FREE/wallet/tde/					OPEN		   LOCAL_AUTOLOGIN NONE 	 1
FILE										OPEN		   LOCAL_AUTOLOGIN UNITED	 2
FILE										OPEN		   LOCAL_AUTOLOGIN UNITED	 4

3 rows selected.

== Master encryption keys from v$encryption_keys =======================

KEY_ID							 KEY_USE    KEYSTORE_TYPE  ORIGIN     BACKED_UP CREATION_TIME	       ACTIVATION_TIME
-------------------------------------------------------- ---------- -------------- ---------- --------- ---------------------- ----------------------
CREATOR_PDBNAME
--------------------------------------------------------------------------------------------------------------------------------
ACTIVATING_PDBNAME														 CON_ID
-------------------------------------------------------------------------------------------------------------------------------- ------
AQbBvEA8/kJyuUn9246sO0UAAAAAAAAAAAAAAAAAAAAAAAAAAAAA	 TDE IN PDB SOFTWARE KEYST LOCAL      YES	06.09.2026 05:25:02    06.09.2026 05:25:02
								    ORE
CDB$ROOT
CDB$ROOT															      1

AexXSvFmk01Fq1rB8iZ6KXoAAAAAAAAAAAAAAAAAAAAAAAAAAAAA	 TDE IN PDB SOFTWARE KEYST LOCAL      NO	06.09.2026 05:25:05    06.09.2026 05:25:05
								    ORE
ODBENCPROD
ODBENCPROD															      4


2 rows selected.

== Tablespace key chain from v$encrypted_tablespaces ===================

TS_NAME 		    TS# ENCRYPTI ENC MASTERKEYID_HEX			KEY_VERSION STATUS	       ENCRYPTEDKEY_HEX 						  BLOCKS_ENCRYPTED BLOCKS_DECRYPTED CON_ID
-------------------- ---------- -------- --- ---------------------------------- ----------- ------------------ ------------------------------------------------------------------ ---------------- ---------------- ------
USERS			      6 AES256	 YES EC574AF166934D45AB5AC1F2267A297A		  1 NORMAL	       059EFEB1BB6D72140B68FD768F80105B37BB912E84E6273E82227A027FD830F3 	       372		  3	 4

1 row selected.

== Full v$encrypted_tablespaces row (version specific columns) =========

       TS# ENCRYPTI ENC ENCRYPTEDKEY							 MASTERKEYID			  BLOCKS_ENCRYPTED BLOCKS_DECRYPTED KEY_VERSION STATUS		   CIPHERMODE	 CON_ID
---------- -------- --- ---------------------------------------------------------------- -------------------------------- ---------------- ---------------- ----------- ------------------ ------------- ------
	 6 AES256   YES 059EFEB1BB6D72140B68FD768F80105B37BB912E84E6273E82227A027FD830F3 EC574AF166934D45AB5AC1F2267A297A	       372		  3	      1 NORMAL		   XTS		      4

1 row selected.

== Implicit database key for SYSTEM / UNDO / TEMP ======================

ENCRYPTI ENCRYPTEDKEY											  MASTERKEYID			   MAS CIPHERMODE    CON_ID
-------- ------------------------------------------------------------------------------------------------ -------------------------------- --- ------------- ------
AES256	 B045728506A501E21FD577C3A9DA902B10069DB2CE11FE2ED0DA4E8ACF099CC900000000000000000000000000000000 06C1BC403CFE4272B949FDDB8EAC3B45 YES XTS		  1
NONE	 000000000000000000000000000000000000000000000000000000000000000000000000000000000000000000000000 00000000000000000000000000000000 NO  CFB		  2
AES256	 E7A6FAC63AA0DE492C8FC1E8916AB2958BEC9BFE36A88C3F24F65DC3F936F96300000000000000000000000000000000 EC574AF166934D45AB5AC1F2267A297A YES XTS		  4

3 rows selected.

== Datafiles of encrypted tablespaces ==================================

no rows selected

2026-09-06 07:27:35 INFO  collecting key chain evidence from odbencprod (PDB ODBENCPROD)

Session altered.


Session altered.

========================================================================
== TDE key chain evidence snapshot =====================================
========================================================================
== Identity of this database ===========================================

CONTAINER	     DB_NAME	  DB_UNIQUE_NAME	 DBID CREATED	LOG_MODE     OPEN_MODE
-------------------- ------------ ---------------- ---------- --------- ------------ --------------------
ODBENCPROD	     FREE	  FREE		   1515292873 06-SEP-26 ARCHIVELOG   READ WRITE

1 row selected.

== Keystore state from v$encryption_wallet =============================

WRL_TYPE WRL_PARAMETER								STATUS		   WALLET_TYPE	   KEYSTORE CON_ID
-------- ---------------------------------------------------------------------- ------------------ --------------- -------- ------
FILE										OPEN		   LOCAL_AUTOLOGIN UNITED	 4

1 row selected.

== Master encryption keys from v$encryption_keys =======================

KEY_ID							 KEY_USE    KEYSTORE_TYPE  ORIGIN     BACKED_UP CREATION_TIME	       ACTIVATION_TIME
-------------------------------------------------------- ---------- -------------- ---------- --------- ---------------------- ----------------------
CREATOR_PDBNAME
--------------------------------------------------------------------------------------------------------------------------------
ACTIVATING_PDBNAME														 CON_ID
-------------------------------------------------------------------------------------------------------------------------------- ------
AexXSvFmk01Fq1rB8iZ6KXoAAAAAAAAAAAAAAAAAAAAAAAAAAAAA	 TDE IN PDB SOFTWARE KEYST LOCAL      NO	06.09.2026 05:25:05    06.09.2026 05:25:05
								    ORE
ODBENCPROD
ODBENCPROD															      4


1 row selected.

== Tablespace key chain from v$encrypted_tablespaces ===================

TS_NAME 		    TS# ENCRYPTI ENC MASTERKEYID_HEX			KEY_VERSION STATUS	       ENCRYPTEDKEY_HEX 						  BLOCKS_ENCRYPTED BLOCKS_DECRYPTED CON_ID
-------------------- ---------- -------- --- ---------------------------------- ----------- ------------------ ------------------------------------------------------------------ ---------------- ---------------- ------
USERS			      6 AES256	 YES EC574AF166934D45AB5AC1F2267A297A		  1 NORMAL	       059EFEB1BB6D72140B68FD768F80105B37BB912E84E6273E82227A027FD830F3 	       372		  3	 4

1 row selected.

== Full v$encrypted_tablespaces row (version specific columns) =========

       TS# ENCRYPTI ENC ENCRYPTEDKEY							 MASTERKEYID			  BLOCKS_ENCRYPTED BLOCKS_DECRYPTED KEY_VERSION STATUS		   CIPHERMODE	 CON_ID
---------- -------- --- ---------------------------------------------------------------- -------------------------------- ---------------- ---------------- ----------- ------------------ ------------- ------
	 6 AES256   YES 059EFEB1BB6D72140B68FD768F80105B37BB912E84E6273E82227A027FD830F3 EC574AF166934D45AB5AC1F2267A297A	       372		  3	      1 NORMAL		   XTS		      4

1 row selected.

== Implicit database key for SYSTEM / UNDO / TEMP ======================

ENCRYPTI ENCRYPTEDKEY											  MASTERKEYID			   MAS CIPHERMODE    CON_ID
-------- ------------------------------------------------------------------------------------------------ -------------------------------- --- ------------- ------
AES256	 E7A6FAC63AA0DE492C8FC1E8916AB2958BEC9BFE36A88C3F24F65DC3F936F96300000000000000000000000000000000 EC574AF166934D45AB5AC1F2267A297A YES XTS		  4

1 row selected.

== Datafiles of encrypted tablespaces ==================================

TS_NAME 	     RELATIVE_FNO FILE_NAME								     BLOCKS BLOCK_SIZE	    BYTES
-------------------- ------------ ---------------------------------------------------------------------- ---------- ---------- ----------
USERS			     1024 /opt/oracle/oradata/FREE/5ACAB80548401021E063020013ACDC24/datafile/o1_       2560	  8192	 20971520
				  mf_users_o9sy9kts_.dbf


1 row selected.

2026-09-06 07:27:36 INFO  listing datafiles of tablespace CANARY_PLAIN in PDB ODBENCPROD
2026-09-06 07:27:36 INFO  found 1 datafile(s)
2026-09-06 07:27:36 INFO  fingerprinting o1_mf_canary_p_o9syg4rr_.dbf (block size 8192)
wrote /Users/stefan.oehrli/Repos/own/oehrlis/oracle-free-labs/data/xchange/evidence/baseline_plain/o1_mf_canary_p_o9syg4rr_.dbf.fp
2026-09-06 07:27:36 INFO  scanning o1_mf_canary_p_o9syg4rr_.dbf for the clear-text marker
HITS: 313 (data is readable in the clear)
2026-09-06 07:27:36 INFO  manifest written to /Users/stefan.oehrli/Repos/own/oehrlis/oracle-free-labs/data/xchange/evidence/baseline_plain/manifest.txt
2026-09-06 07:27:36 INFO  Done.

========================================================================
== Read key values
========================================================================

========================================================================
== Dump datafile header (Oracle side)
========================================================================

Session altered.

========================================================================
== Oracle side file header dump =========================================
========================================================================
== Trace file for this session =========================================

TRACE_FILE
----------------------------------------------------------------------------------------------------
/opt/oracle/diag/rdbms/free/FREE/trace/FREE_ora_5330.trc

1 row selected.

== Dump all datafile headers (file_hdrs, level 10) =====================

Session altered.

== Dump block 1 of /opt/oracle/oradata/FREE/5ACAB80548401021E063020013ACDC24/datafile/o1_mf_users_o9sy9kts_.dbf

System altered.

== Trace file to collect ===============================================

TRACE_FILE
----------------------------------------------------------------------------------------------------
/opt/oracle/diag/rdbms/free/FREE/trace/FREE_ora_5330.trc

1 row selected.

Key summary for baseline:
  MASTERKEYID : EC574AF166934D45AB5AC1F2267A297A
  Wrapped TEK : 059EFEB1BB6D72140B68FD768F80105B37BB912E84E6273E82227A027FD830F3
  Notes       : DBID=1515292873, set READ ONLY, evidence in /Users/stefan.oehrli/Repos/own/oehrlis/oracle-free-labs/data/xchange/evidence/baseline

------------------------------------------------------------------------
VERDICT: PASS - baseline collected, MASTERKEYID and TEK saved to state
------------------------------------------------------------------------
2026-09-06 07:27:38 INFO  Done.

========================================================================
  STEP 15: RMAN backup + stage source keystore
  Script: /Users/stefan.oehrli/Repos/own/oehrlis/oracle-free-labs/scripts/tde-verify/tests/15_backup.sh
  Time:   2026-09-06 07:27:38
========================================================================
2026-09-06 07:27:38 INFO  Starting 15_backup.sh 0.1.0

========================================================================
== Step 15: RMAN backup and keystore staging
========================================================================

========================================================================
== Prepare backup directory
========================================================================

========================================================================
== RMAN BACKUP DATABASE PLUS ARCHIVELOG
========================================================================

Recovery Manager: Release 23.26.3.0.0 - Production on Sun Sep 6 07:27:39 2026
Version 23.26.3.0.0

Copyright (c) 1982, 2026, Oracle and/or its affiliates.  All rights reserved.

connected to target database: FREE (DBID=1515292873)

RMAN> 

RMAN> CONFIGURE CONTROLFILE AUTOBACKUP ON;
using target database control file instead of recovery catalog
new RMAN configuration parameters:
CONFIGURE CONTROLFILE AUTOBACKUP ON;
new RMAN configuration parameters are successfully stored


RMAN> CONFIGURE CONTROLFILE AUTOBACKUP FORMAT FOR DEVICE TYPE DISK TO '/opt/oracle/xchange/backup/cf_%F';
new RMAN configuration parameters:
CONFIGURE CONTROLFILE AUTOBACKUP FORMAT FOR DEVICE TYPE DISK TO '/opt/oracle/xchange/backup/cf_%F';
new RMAN configuration parameters are successfully stored


RMAN> RUN {
2>   ALLOCATE CHANNEL c1 DEVICE TYPE DISK FORMAT '/opt/oracle/xchange/backup/%U';
3>   BACKUP DATABASE PLUS ARCHIVELOG;
4>   RELEASE CHANNEL c1;
5> }
allocated channel: c1
channel c1: SID=177 device type=DISK


Starting backup at 06-SEP-26
current log archived
channel c1: starting archived log backup set
channel c1: specifying archived log(s) in backup set
input archived log thread=1 sequence=1 RECID=1 STAMP=1243236301
input archived log thread=1 sequence=2 RECID=2 STAMP=1243236303
input archived log thread=1 sequence=3 RECID=3 STAMP=1243236304
input archived log thread=1 sequence=4 RECID=4 STAMP=1243236460
channel c1: starting piece 1 at 06-SEP-26
channel c1: finished piece 1 at 06-SEP-26
piece handle=/opt/oracle/xchange/backup/01ceui3c_1_1_1 tag=TAG20260906T072740 comment=NONE
channel c1: backup set complete, elapsed time: 00:00:01
Finished backup at 06-SEP-26

Starting backup at 06-SEP-26
channel c1: starting full datafile backup set
channel c1: specifying datafile(s) in backup set
input datafile file number=00001 name=/opt/oracle/oradata/FREE/system01.dbf
input datafile file number=00003 name=/opt/oracle/oradata/FREE/sysaux01.dbf
input datafile file number=00011 name=/opt/oracle/oradata/FREE/undotbs01.dbf
input datafile file number=00007 name=/opt/oracle/oradata/FREE/users01.dbf
channel c1: starting piece 1 at 06-SEP-26
channel c1: finished piece 1 at 06-SEP-26
piece handle=/opt/oracle/xchange/backup/02deui3d_2_1_1 tag=TAG20260906T072741 comment=NONE
channel c1: backup set complete, elapsed time: 00:00:03
channel c1: starting full datafile backup set
channel c1: specifying datafile(s) in backup set
input datafile file number=00017 name=/opt/oracle/oradata/FREE/5ACAB80548401021E063020013ACDC24/datafile/o1_mf_sysaux_o9sy8tq3_.dbf
input datafile file number=00016 name=/opt/oracle/oradata/FREE/5ACAB80548401021E063020013ACDC24/datafile/o1_mf_system_o9sy8tq0_.dbf
input datafile file number=00018 name=/opt/oracle/oradata/FREE/5ACAB80548401021E063020013ACDC24/datafile/o1_mf_undotbs1_o9sy8tq4_.dbf
input datafile file number=00019 name=/opt/oracle/oradata/FREE/5ACAB80548401021E063020013ACDC24/datafile/o1_mf_audit_da_o9sy8xok_.dbf
input datafile file number=00020 name=/opt/oracle/oradata/FREE/5ACAB80548401021E063020013ACDC24/datafile/o1_mf_users_o9sy9kts_.dbf
input datafile file number=00021 name=/opt/oracle/oradata/FREE/5ACAB80548401021E063020013ACDC24/datafile/o1_mf_canary_p_o9syg4rr_.dbf
channel c1: starting piece 1 at 06-SEP-26
channel c1: finished piece 1 at 06-SEP-26
piece handle=/opt/oracle/xchange/backup/03geui3g_3_1_1 tag=TAG20260906T072741 comment=NONE
channel c1: backup set complete, elapsed time: 00:00:01
channel c1: starting full datafile backup set
channel c1: specifying datafile(s) in backup set
input datafile file number=00004 name=/opt/oracle/oradata/FREE/pdbseed/sysaux01.dbf
input datafile file number=00002 name=/opt/oracle/oradata/FREE/pdbseed/system01.dbf
input datafile file number=00009 name=/opt/oracle/oradata/FREE/pdbseed/undotbs01.dbf
channel c1: starting piece 1 at 06-SEP-26
channel c1: finished piece 1 at 06-SEP-26
piece handle=/opt/oracle/xchange/backup/04heui3h_4_1_1 tag=TAG20260906T072741 comment=NONE
channel c1: backup set complete, elapsed time: 00:00:01
Finished backup at 06-SEP-26

Starting backup at 06-SEP-26
current log archived
channel c1: starting archived log backup set
channel c1: specifying archived log(s) in backup set
input archived log thread=1 sequence=5 RECID=5 STAMP=1243236466
channel c1: starting piece 1 at 06-SEP-26
channel c1: finished piece 1 at 06-SEP-26
piece handle=/opt/oracle/xchange/backup/05ieui3i_5_1_1 tag=TAG20260906T072746 comment=NONE
channel c1: backup set complete, elapsed time: 00:00:01
Finished backup at 06-SEP-26

Starting Control File and SPFILE Autobackup at 06-SEP-26
piece handle=/opt/oracle/xchange/backup/cf_c-1515292873-20260906-00 comment=NONE
Finished Control File and SPFILE Autobackup at 06-SEP-26

released channel: c1


RMAN> EXIT


Recovery Manager complete.
2026-09-06 07:27:49 INFO  backup pieces in /opt/oracle/xchange/backup: 5, controlfile autobackups: 1

========================================================================
== Stage source keystore to /opt/oracle/xchange/wallet_prod
========================================================================
ewallet.p12 staged
total 8
drwxr-xr-x 3 oracle oinstall   96 Sep  6 07:27 .
drwxr-xr-x 4 oracle oinstall  128 Sep  6 07:27 ..
-rw------- 1 oracle oinstall 5091 Sep  6 07:27 ewallet.p12
2026-09-06 07:27:49 INFO  backup pieces on host: 6 file(s) in /Users/stefan.oehrli/Repos/own/oehrlis/oracle-free-labs/data/xchange/backup
2026-09-06 07:27:49 INFO  controlfile autobackup: cf_c-1515292873-20260906-00

Backup summary:
  DBID         : 1515292873
  Backup dir   : /opt/oracle/xchange/backup
  CF format    : /opt/oracle/xchange/backup/cf_%F
  Wallet staged: /opt/oracle/xchange/wallet_prod

------------------------------------------------------------------------
VERDICT: PASS - RMAN backup complete, source keystore staged
------------------------------------------------------------------------
2026-09-06 07:27:49 INFO  Done.

========================================================================
  STEP 20: Variant A: plain RESTORE with transported source keystore
  Script: /Users/stefan.oehrli/Repos/own/oehrlis/oracle-free-labs/scripts/tde-verify/tests/20_variant_a.sh
  Time:   2026-09-06 07:27:50
========================================================================
2026-09-06 07:27:50 INFO  Starting 20_variant_a.sh 0.1.0

========================================================================
== Step 20: Variant A - plain RESTORE with source keystore
========================================================================

========================================================================
== Reset odbencdev
========================================================================
2026-09-06 07:27:50 INFO  resetting service 'odbencdev' ...
 Container odbencdev Stopping 
 Container odbencdev Stopped 
 Container odbencdev Removing 
 Container odbencdev Removed 
 Network oracle-free-labs_default Removing 
 Network oracle-free-labs_default Resource is still in use 
2026-09-06 07:27:52 INFO  removing /Users/stefan.oehrli/Repos/own/oehrlis/oracle-free-labs/data/odbencdev
2026-09-06 07:27:53 INFO  restored tracked files under data/odbencdev
2026-09-06 07:27:53 INFO  service 'odbencdev' reset complete
2026-09-06 07:27:53 INFO  starting service 'odbencdev' ...
 Container odbencdev Creating 
 Container odbencdev Created 
 Container odbencdev Starting 
 Container odbencdev Started 
2026-09-06 07:27:53 INFO  waiting for odbencdev to be ready (timeout 600s) ...
2026-09-06 07:29:57 INFO  odbencdev is ready

========================================================================
== Clone via tde_clone.sh --variant a
========================================================================
2026-09-06 07:29:57 INFO  DBID: 1515292873
2026-09-06 07:29:57 INFO  Starting tde_clone.sh 0.1.0
2026-09-06 07:29:57 INFO  variant a: replacing the target keystore with the source keystore
2026-09-06 07:29:57 INFO  backing the target keystore up to /opt/oracle/xchange/wallet_dev_pristine
2026-09-06 07:29:58 INFO  backup verified, keystore file present and non-empty
2026-09-06 07:29:58 INFO  staging the source keystore into /opt/oracle/dbconfig/FREE/wallet
2026-09-06 07:29:58 INFO  shutting the target down and starting it NOMOUNT
Database closed.
Database dismounted.
ORACLE instance shut down.
ORACLE instance started.

Total System Global Area 1603392144 bytes
Fixed Size		    5026448 bytes
Variable Size		  419430400 bytes
Database Buffers	 1174405120 bytes
Redo Buffers		    4530176 bytes
2026-09-06 07:30:00 INFO  moving stale online redo logs to /opt/oracle/xchange/stale_redo_odbencdev
moved /opt/oracle/oradata/FREE/redo01.log
moved /opt/oracle/oradata/FREE/redo02.log
moved /opt/oracle/oradata/FREE/redo03.log
2026-09-06 07:30:01 INFO  restoring the source control file and mounting
2026-09-06 07:30:01 INFO  control file autobackup: cf_c-1515292873-20260906-00

Recovery Manager: Release 23.26.3.0.0 - Production on Sun Sep 6 07:30:01 2026
Version 23.26.3.0.0

Copyright (c) 1982, 2026, Oracle and/or its affiliates.  All rights reserved.

connected to target database: FREE (not mounted)

RMAN> 

RMAN> SET DBID 1515292873;
executing command: SET DBID


RMAN> RUN {
2>   ALLOCATE CHANNEL c1 DEVICE TYPE DISK;
3>   SET CONTROLFILE AUTOBACKUP FORMAT FOR DEVICE TYPE DISK TO '/opt/oracle/xchange/backup/cf_%F';
4>   RESTORE CONTROLFILE FROM '/opt/oracle/xchange/backup/cf_c-1515292873-20260906-00';
5>   ALTER DATABASE MOUNT;
6>   RELEASE CHANNEL c1;
7> }
using target database control file instead of recovery catalog
allocated channel: c1
channel c1: SID=162 device type=DISK

executing command: SET CONTROLFILE AUTOBACKUP FORMAT

Starting restore at 06-SEP-26

channel c1: restoring control file
channel c1: restore complete, elapsed time: 00:00:01
output file name=/opt/oracle/oradata/FREE/control01.ctl
output file name=/opt/oracle/oradata/FREE/control02.ctl
Finished restore at 06-SEP-26

Statement processed

released channel: c1


RMAN> EXIT


Recovery Manager complete.

Recovery Manager: Release 23.26.3.0.0 - Production on Sun Sep 6 07:30:03 2026
Version 23.26.3.0.0

Copyright (c) 1982, 2026, Oracle and/or its affiliates.  All rights reserved.

connected to target database: FREE (DBID=1515292873, not open)

RMAN> 

RMAN> CONFIGURE CONTROLFILE AUTOBACKUP FORMAT FOR DEVICE TYPE DISK TO '/opt/oracle/oradata/cf_target_%F';
using target database control file instead of recovery catalog
old RMAN configuration parameters:
CONFIGURE CONTROLFILE AUTOBACKUP FORMAT FOR DEVICE TYPE DISK TO '/opt/oracle/xchange/backup/cf_%F';
new RMAN configuration parameters:
CONFIGURE CONTROLFILE AUTOBACKUP FORMAT FOR DEVICE TYPE DISK TO '/opt/oracle/oradata/cf_target_%F';
new RMAN configuration parameters are successfully stored


RMAN> EXIT


Recovery Manager complete.
2026-09-06 07:30:04 INFO  opening the target keystore with the stored keystore password

    CON_ID STATUS	  WALLET_TYPE
---------- -------------- ----------------
	 1 OPEN 	  PASSWORD
2026-09-06 07:30:04 INFO  cataloging the backup pieces

Recovery Manager: Release 23.26.3.0.0 - Production on Sun Sep 6 07:30:04 2026
Version 23.26.3.0.0

Copyright (c) 1982, 2026, Oracle and/or its affiliates.  All rights reserved.

connected to target database: FREE (DBID=1515292873, not open)

RMAN> 

RMAN> RUN {
2>   ALLOCATE CHANNEL c1 DEVICE TYPE DISK;
3>   # No CATALOG: both containers see the exchange directory at the same path, so
4>   # the restored control file already knows the source pieces. Cataloging would
5>   # also pick up a previous clone's control file autobackup and its incarnation,
6>   # which makes recovery fail with ORA-19912.
7>   RELEASE CHANNEL c1;
8> }
using target database control file instead of recovery catalog
allocated channel: c1
channel c1: SID=4 device type=DISK

released channel: c1


RMAN> EXIT


Recovery Manager complete.
2026-09-06 07:30:05 INFO  restoring with: RESTORE DATABASE;
2026-09-06 07:30:05 INFO  recovery will stop before archived log sequence 6

Recovery Manager: Release 23.26.3.0.0 - Production on Sun Sep 6 07:30:06 2026
Version 23.26.3.0.0

Copyright (c) 1982, 2026, Oracle and/or its affiliates.  All rights reserved.

connected to target database: FREE (DBID=1515292873, not open)

RMAN> 

RMAN> RUN {
2>   ALLOCATE CHANNEL c1 DEVICE TYPE DISK;
3>   SET UNTIL SEQUENCE 6 THREAD 1;
4>   RESTORE DATABASE;
5>   RECOVER DATABASE;
6>   RELEASE CHANNEL c1;
7> }
using target database control file instead of recovery catalog
allocated channel: c1
channel c1: SID=40 device type=DISK

executing command: SET until clause (SEQUENCE)

Starting restore at 06-SEP-26

channel c1: starting datafile backup set restore
channel c1: specifying datafile(s) to restore from backup set
channel c1: restoring datafile 00001 to /opt/oracle/oradata/FREE/system01.dbf
channel c1: restoring datafile 00003 to /opt/oracle/oradata/FREE/sysaux01.dbf
channel c1: restoring datafile 00007 to /opt/oracle/oradata/FREE/users01.dbf
channel c1: restoring datafile 00011 to /opt/oracle/oradata/FREE/undotbs01.dbf
channel c1: reading from backup piece /opt/oracle/xchange/backup/02deui3d_2_1_1
channel c1: piece handle=/opt/oracle/xchange/backup/02deui3d_2_1_1 tag=TAG20260906T072741
channel c1: restored backup piece 1
channel c1: restore complete, elapsed time: 00:00:04
channel c1: starting datafile backup set restore
channel c1: specifying datafile(s) to restore from backup set
channel c1: restoring datafile 00016 to /opt/oracle/oradata/FREE/5ACAB80548401021E063020013ACDC24/datafile/o1_mf_system_o9sy8tq0_.dbf
channel c1: restoring datafile 00017 to /opt/oracle/oradata/FREE/5ACAB80548401021E063020013ACDC24/datafile/o1_mf_sysaux_o9sy8tq3_.dbf
channel c1: restoring datafile 00018 to /opt/oracle/oradata/FREE/5ACAB80548401021E063020013ACDC24/datafile/o1_mf_undotbs1_o9sy8tq4_.dbf
channel c1: restoring datafile 00019 to /opt/oracle/oradata/FREE/5ACAB80548401021E063020013ACDC24/datafile/o1_mf_audit_da_o9sy8xok_.dbf
channel c1: restoring datafile 00020 to /opt/oracle/oradata/FREE/5ACAB80548401021E063020013ACDC24/datafile/o1_mf_users_o9sy9kts_.dbf
channel c1: restoring datafile 00021 to /opt/oracle/oradata/FREE/5ACAB80548401021E063020013ACDC24/datafile/o1_mf_canary_p_o9syg4rr_.dbf
channel c1: reading from backup piece /opt/oracle/xchange/backup/03geui3g_3_1_1
channel c1: piece handle=/opt/oracle/xchange/backup/03geui3g_3_1_1 tag=TAG20260906T072741
channel c1: restored backup piece 1
channel c1: restore complete, elapsed time: 00:00:03
channel c1: starting datafile backup set restore
channel c1: specifying datafile(s) to restore from backup set
channel c1: restoring datafile 00002 to /opt/oracle/oradata/FREE/pdbseed/system01.dbf
channel c1: restoring datafile 00004 to /opt/oracle/oradata/FREE/pdbseed/sysaux01.dbf
channel c1: restoring datafile 00009 to /opt/oracle/oradata/FREE/pdbseed/undotbs01.dbf
channel c1: reading from backup piece /opt/oracle/xchange/backup/04heui3h_4_1_1
channel c1: piece handle=/opt/oracle/xchange/backup/04heui3h_4_1_1 tag=TAG20260906T072741
channel c1: restored backup piece 1
channel c1: restore complete, elapsed time: 00:00:01
Finished restore at 06-SEP-26

Starting recover at 06-SEP-26
datafile 20 not processed because file is read-only
datafile 21 not processed because file is read-only

starting media recovery

channel c1: starting archived log restore to default destination
channel c1: restoring archived log
archived log thread=1 sequence=5
channel c1: reading from backup piece /opt/oracle/xchange/backup/05ieui3i_5_1_1
channel c1: piece handle=/opt/oracle/xchange/backup/05ieui3i_5_1_1 tag=TAG20260906T072746
channel c1: restored backup piece 1
channel c1: restore complete, elapsed time: 00:00:01
recovery status time_needed 2026-09-06 07:27:41
archived log file name=/opt/oracle/product/26ai/dbhomeFree/dbs/arch1_5_1243236233.dbf thread=1 sequence=5
media recovery complete, elapsed time: 00:00:00
Finished recover at 06-SEP-26

released channel: c1


RMAN> EXIT


Recovery Manager complete.
2026-09-06 07:30:15 INFO  opening the target with RESETLOGS

Database altered.


Pluggable database altered.


      DBID NAME      OPEN_MODE		  LOG_MODE
---------- --------- -------------------- ------------
1515292873 FREE      READ WRITE 	  ARCHIVELOG

2026-09-06 07:30:18 INFO  recreating the auto-login keystore on the target host

    CON_ID STATUS		WALLET_TYPE
---------- -------------------- ----------------
	 1 OPEN 		PASSWORD
	 2 CLOSED		UNKNOWN
	 4 OPEN 		PASSWORD
2026-09-06 07:30:18 INFO  target keystore open via local auto-login
2026-09-06 07:30:18 INFO  Done.

========================================================================
== Collect evidence set 'variant_a'
========================================================================
2026-09-06 07:30:18 INFO  collecting evidence set 'variant_a' from odbencdev
2026-09-06 07:30:18 INFO  Starting tde_evidence.sh 0.1.0
2026-09-06 07:30:19 INFO  evidence set 'variant_a' -> /Users/stefan.oehrli/Repos/own/oehrlis/oracle-free-labs/data/xchange/evidence/variant_a
2026-09-06 07:30:19 INFO  collecting key chain evidence from odbencdev (CDB$ROOT)

Session altered.

========================================================================
== TDE key chain evidence snapshot =====================================
========================================================================
== Identity of this database ===========================================

CONTAINER	     DB_NAME	  DB_UNIQUE_NAME	 DBID CREATED	LOG_MODE     OPEN_MODE
-------------------- ------------ ---------------- ---------- --------- ------------ --------------------
CDB$ROOT	     FREE	  FREE		   1515292873 06-SEP-26 ARCHIVELOG   READ WRITE

1 row selected.

== Keystore state from v$encryption_wallet =============================

WRL_TYPE WRL_PARAMETER								STATUS		   WALLET_TYPE	   KEYSTORE CON_ID
-------- ---------------------------------------------------------------------- ------------------ --------------- -------- ------
FILE	 /opt/oracle/dbconfig/FREE/wallet/tde/					OPEN		   PASSWORD	   NONE 	 1
FILE										CLOSED		   UNKNOWN	   UNITED	 2
FILE										OPEN		   PASSWORD	   UNITED	 4

3 rows selected.

== Master encryption keys from v$encryption_keys =======================

KEY_ID							 KEY_USE    KEYSTORE_TYPE  ORIGIN     BACKED_UP CREATION_TIME	       ACTIVATION_TIME
-------------------------------------------------------- ---------- -------------- ---------- --------- ---------------------- ----------------------
CREATOR_PDBNAME
--------------------------------------------------------------------------------------------------------------------------------
ACTIVATING_PDBNAME														 CON_ID
-------------------------------------------------------------------------------------------------------------------------------- ------
AQbBvEA8/kJyuUn9246sO0UAAAAAAAAAAAAAAAAAAAAAAAAAAAAA	 TDE IN PDB SOFTWARE KEYST LOCAL      YES	06.09.2026 05:25:02    06.09.2026 05:25:02
								    ORE
CDB$ROOT
CDB$ROOT															      1

AexXSvFmk01Fq1rB8iZ6KXoAAAAAAAAAAAAAAAAAAAAAAAAAAAAA	 TDE IN PDB SOFTWARE KEYST LOCAL      NO	06.09.2026 05:25:05    06.09.2026 05:25:05
								    ORE
ODBENCPROD
ODBENCPROD															      4


2 rows selected.

== Tablespace key chain from v$encrypted_tablespaces ===================

TS_NAME 		    TS# ENCRYPTI ENC MASTERKEYID_HEX			KEY_VERSION STATUS	       ENCRYPTEDKEY_HEX 						  BLOCKS_ENCRYPTED BLOCKS_DECRYPTED CON_ID
-------------------- ---------- -------- --- ---------------------------------- ----------- ------------------ ------------------------------------------------------------------ ---------------- ---------------- ------
USERS			      6 AES256	 YES EC574AF166934D45AB5AC1F2267A297A		  1 NORMAL	       059EFEB1BB6D72140B68FD768F80105B37BB912E84E6273E82227A027FD830F3 		 0		  1	 4

1 row selected.

== Full v$encrypted_tablespaces row (version specific columns) =========

       TS# ENCRYPTI ENC ENCRYPTEDKEY							 MASTERKEYID			  BLOCKS_ENCRYPTED BLOCKS_DECRYPTED KEY_VERSION STATUS		   CIPHERMODE	 CON_ID
---------- -------- --- ---------------------------------------------------------------- -------------------------------- ---------------- ---------------- ----------- ------------------ ------------- ------
	 6 AES256   YES 059EFEB1BB6D72140B68FD768F80105B37BB912E84E6273E82227A027FD830F3 EC574AF166934D45AB5AC1F2267A297A		 0		  1	      1 NORMAL		   XTS		      4

1 row selected.

== Implicit database key for SYSTEM / UNDO / TEMP ======================

ENCRYPTI ENCRYPTEDKEY											  MASTERKEYID			   MAS CIPHERMODE    CON_ID
-------- ------------------------------------------------------------------------------------------------ -------------------------------- --- ------------- ------
AES256	 B045728506A501E21FD577C3A9DA902B10069DB2CE11FE2ED0DA4E8ACF099CC900000000000000000000000000000000 06C1BC403CFE4272B949FDDB8EAC3B45 YES XTS		  1
NONE	 000000000000000000000000000000000000000000000000000000000000000000000000000000000000000000000000 00000000000000000000000000000000 NO  CFB		  2
AES256	 E7A6FAC63AA0DE492C8FC1E8916AB2958BEC9BFE36A88C3F24F65DC3F936F96300000000000000000000000000000000 EC574AF166934D45AB5AC1F2267A297A YES XTS		  4

3 rows selected.

== Datafiles of encrypted tablespaces ==================================

no rows selected

2026-09-06 07:30:19 INFO  collecting key chain evidence from odbencdev (PDB ODBENCPROD)

Session altered.


Session altered.

========================================================================
== TDE key chain evidence snapshot =====================================
========================================================================
== Identity of this database ===========================================

CONTAINER	     DB_NAME	  DB_UNIQUE_NAME	 DBID CREATED	LOG_MODE     OPEN_MODE
-------------------- ------------ ---------------- ---------- --------- ------------ --------------------
ODBENCPROD	     FREE	  FREE		   1515292873 06-SEP-26 ARCHIVELOG   READ WRITE

1 row selected.

== Keystore state from v$encryption_wallet =============================

WRL_TYPE WRL_PARAMETER								STATUS		   WALLET_TYPE	   KEYSTORE CON_ID
-------- ---------------------------------------------------------------------- ------------------ --------------- -------- ------
FILE										OPEN		   PASSWORD	   UNITED	 4

1 row selected.

== Master encryption keys from v$encryption_keys =======================

KEY_ID							 KEY_USE    KEYSTORE_TYPE  ORIGIN     BACKED_UP CREATION_TIME	       ACTIVATION_TIME
-------------------------------------------------------- ---------- -------------- ---------- --------- ---------------------- ----------------------
CREATOR_PDBNAME
--------------------------------------------------------------------------------------------------------------------------------
ACTIVATING_PDBNAME														 CON_ID
-------------------------------------------------------------------------------------------------------------------------------- ------
AexXSvFmk01Fq1rB8iZ6KXoAAAAAAAAAAAAAAAAAAAAAAAAAAAAA	 TDE IN PDB SOFTWARE KEYST LOCAL      NO	06.09.2026 05:25:05    06.09.2026 05:25:05
								    ORE
ODBENCPROD
ODBENCPROD															      4


1 row selected.

== Tablespace key chain from v$encrypted_tablespaces ===================

TS_NAME 		    TS# ENCRYPTI ENC MASTERKEYID_HEX			KEY_VERSION STATUS	       ENCRYPTEDKEY_HEX 						  BLOCKS_ENCRYPTED BLOCKS_DECRYPTED CON_ID
-------------------- ---------- -------- --- ---------------------------------- ----------- ------------------ ------------------------------------------------------------------ ---------------- ---------------- ------
USERS			      6 AES256	 YES EC574AF166934D45AB5AC1F2267A297A		  1 NORMAL	       059EFEB1BB6D72140B68FD768F80105B37BB912E84E6273E82227A027FD830F3 		 0		  1	 4

1 row selected.

== Full v$encrypted_tablespaces row (version specific columns) =========

       TS# ENCRYPTI ENC ENCRYPTEDKEY							 MASTERKEYID			  BLOCKS_ENCRYPTED BLOCKS_DECRYPTED KEY_VERSION STATUS		   CIPHERMODE	 CON_ID
---------- -------- --- ---------------------------------------------------------------- -------------------------------- ---------------- ---------------- ----------- ------------------ ------------- ------
	 6 AES256   YES 059EFEB1BB6D72140B68FD768F80105B37BB912E84E6273E82227A027FD830F3 EC574AF166934D45AB5AC1F2267A297A		 0		  1	      1 NORMAL		   XTS		      4

1 row selected.

== Implicit database key for SYSTEM / UNDO / TEMP ======================

ENCRYPTI ENCRYPTEDKEY											  MASTERKEYID			   MAS CIPHERMODE    CON_ID
-------- ------------------------------------------------------------------------------------------------ -------------------------------- --- ------------- ------
AES256	 E7A6FAC63AA0DE492C8FC1E8916AB2958BEC9BFE36A88C3F24F65DC3F936F96300000000000000000000000000000000 EC574AF166934D45AB5AC1F2267A297A YES XTS		  4

1 row selected.

== Datafiles of encrypted tablespaces ==================================

TS_NAME 	     RELATIVE_FNO FILE_NAME								     BLOCKS BLOCK_SIZE	    BYTES
-------------------- ------------ ---------------------------------------------------------------------- ---------- ---------- ----------
USERS			     1024 /opt/oracle/oradata/FREE/5ACAB80548401021E063020013ACDC24/datafile/o1_       2560	  8192	 20971520
				  mf_users_o9sy9kts_.dbf


1 row selected.

2026-09-06 07:30:19 INFO  listing datafiles of tablespace USERS in PDB ODBENCPROD
2026-09-06 07:30:20 INFO  found 1 datafile(s)
2026-09-06 07:30:20 INFO  fingerprinting o1_mf_users_o9sy9kts_.dbf (block size 8192)
wrote /Users/stefan.oehrli/Repos/own/oehrlis/oracle-free-labs/data/xchange/evidence/variant_a/o1_mf_users_o9sy9kts_.dbf.fp
2026-09-06 07:30:20 INFO  scanning o1_mf_users_o9sy9kts_.dbf for the clear-text marker
no hits - needle not present as plaintext in this datafile
2026-09-06 07:30:20 INFO  manifest written to /Users/stefan.oehrli/Repos/own/oehrlis/oracle-free-labs/data/xchange/evidence/variant_a/manifest.txt
2026-09-06 07:30:20 INFO  Done.

========================================================================
== Compare 'variant_a' vs 'baseline'
========================================================================
2026-09-06 07:30:21 INFO  comparing evidence sets 'baseline' vs 'variant_a'
2026-09-06 07:30:21 INFO  Starting tde_evidence.sh 0.1.0

== Block-level ciphertext comparison ==
A: baseline/o1_mf_users_o9sy9kts_.dbf.fp
B: variant_a/o1_mf_users_o9sy9kts_.dbf.fp
block_size A/B: 8192/8192
blocks compared: 2561
identical: 1271
differing: 1290
first differing blocks: [0, 1, 771, 772, 773, 774, 775, 788, 789, 790, 791, 796, 797, 798, 799, 812, 813, 814, 815, 828]
... and 1270 more
verdict: MIXED - 1290 of 2561 blocks changed; inspect which ranges differ before drawing a conclusion
2026-09-06 07:30:21 INFO  compared 1 datafile(s)
2026-09-06 07:30:21 INFO  Done.
canary blocks:   identical 313 differing 0 total 313

Key summary for variant_a (clone):
  MASTERKEYID : EC574AF166934D45AB5AC1F2267A297A
  Wrapped TEK : 059EFEB1BB6D72140B68FD768F80105B37BB912E84E6273E82227A027FD830F3

Key summary for baseline  (source):
  MASTERKEYID : EC574AF166934D45AB5AC1F2267A297A
  Wrapped TEK : 059EFEB1BB6D72140B68FD768F80105B37BB912E84E6273E82227A027FD830F3

TEK comparison: IDENTICAL
MASTERKEYID:    IDENTICAL

------------------------------------------------------------------------
VERDICT: PASS - TEK IDENTICAL and canary ciphertext IDENTICAL (identical 313 differing 0 total 313) - pure re-wrap, no new TEK (expected for variant A)
------------------------------------------------------------------------
2026-09-06 07:30:23 INFO  Done.

========================================================================
  STEP 30: Variant B2: AS ENCRYPTED USING KEY without prod MEK
  Script: /Users/stefan.oehrli/Repos/own/oehrlis/oracle-free-labs/scripts/tde-verify/tests/30_variant_b2.sh
  Time:   2026-09-06 07:30:23
========================================================================
2026-09-06 07:30:23 INFO  Starting 30_variant_b2.sh 0.1.0

========================================================================
== Step 30: Variant B2 - AS ENCRYPTED without prod MEK
========================================================================

========================================================================
== Reset odbencdev
========================================================================
2026-09-06 07:30:23 INFO  resetting service 'odbencdev' ...
 Container odbencdev Stopping 
 Container odbencdev Stopped 
 Container odbencdev Removing 
 Container odbencdev Removed 
 Network oracle-free-labs_default Removing 
 Network oracle-free-labs_default Resource is still in use 
2026-09-06 07:30:26 INFO  removing /Users/stefan.oehrli/Repos/own/oehrlis/oracle-free-labs/data/odbencdev
2026-09-06 07:30:26 INFO  restored tracked files under data/odbencdev
2026-09-06 07:30:26 INFO  service 'odbencdev' reset complete
2026-09-06 07:30:26 INFO  starting service 'odbencdev' ...
 Container odbencdev Creating 
 Container odbencdev Created 
 Container odbencdev Starting 
 Container odbencdev Started 
2026-09-06 07:30:27 INFO  waiting for odbencdev to be ready (timeout 600s) ...
2026-09-06 07:32:30 INFO  odbencdev is ready

========================================================================
== Create dev-own MEK (no prod MEK)
========================================================================
2026-09-06 07:32:31 INFO  dev key ID: AVCU8H6DV0l1vuCY...

========================================================================
== Attempt RESTORE AS ENCRYPTED USING KEY (expected to fail)
========================================================================
2026-09-06 07:32:31 INFO  DBID: 1515292873, dev key: AVCU8H6DV0l1vuCY...
2026-09-06 07:32:31 INFO  Starting tde_clone.sh 0.1.0
2026-09-06 07:32:31 INFO  variant b2: target keystore holds only its own MEK, source MEK absent
2026-09-06 07:32:31 INFO  shutting the target down and starting it NOMOUNT
Database closed.
Database dismounted.
ORACLE instance shut down.
ORACLE instance started.

Total System Global Area 1603392144 bytes
Fixed Size		    5026448 bytes
Variable Size		  419430400 bytes
Database Buffers	 1174405120 bytes
Redo Buffers		    4530176 bytes
2026-09-06 07:32:34 INFO  moving stale online redo logs to /opt/oracle/xchange/stale_redo_odbencdev
moved /opt/oracle/oradata/FREE/redo01.log
moved /opt/oracle/oradata/FREE/redo02.log
moved /opt/oracle/oradata/FREE/redo03.log
2026-09-06 07:32:34 INFO  restoring the source control file and mounting
2026-09-06 07:32:34 INFO  control file autobackup: cf_c-1515292873-20260906-00

Recovery Manager: Release 23.26.3.0.0 - Production on Sun Sep 6 07:32:35 2026
Version 23.26.3.0.0

Copyright (c) 1982, 2026, Oracle and/or its affiliates.  All rights reserved.

connected to target database: FREE (not mounted)

RMAN> 

RMAN> SET DBID 1515292873;
executing command: SET DBID


RMAN> RUN {
2>   ALLOCATE CHANNEL c1 DEVICE TYPE DISK;
3>   SET CONTROLFILE AUTOBACKUP FORMAT FOR DEVICE TYPE DISK TO '/opt/oracle/xchange/backup/cf_%F';
4>   RESTORE CONTROLFILE FROM '/opt/oracle/xchange/backup/cf_c-1515292873-20260906-00';
5>   ALTER DATABASE MOUNT;
6>   RELEASE CHANNEL c1;
7> }
using target database control file instead of recovery catalog
allocated channel: c1
channel c1: SID=162 device type=DISK

executing command: SET CONTROLFILE AUTOBACKUP FORMAT

Starting restore at 06-SEP-26

channel c1: restoring control file
channel c1: restore complete, elapsed time: 00:00:01
output file name=/opt/oracle/oradata/FREE/control01.ctl
output file name=/opt/oracle/oradata/FREE/control02.ctl
Finished restore at 06-SEP-26

Statement processed

released channel: c1


RMAN> EXIT


Recovery Manager complete.

Recovery Manager: Release 23.26.3.0.0 - Production on Sun Sep 6 07:32:36 2026
Version 23.26.3.0.0

Copyright (c) 1982, 2026, Oracle and/or its affiliates.  All rights reserved.

connected to target database: FREE (DBID=1515292873, not open)

RMAN> 

RMAN> CONFIGURE CONTROLFILE AUTOBACKUP FORMAT FOR DEVICE TYPE DISK TO '/opt/oracle/oradata/cf_target_%F';
using target database control file instead of recovery catalog
old RMAN configuration parameters:
CONFIGURE CONTROLFILE AUTOBACKUP FORMAT FOR DEVICE TYPE DISK TO '/opt/oracle/xchange/backup/cf_%F';
new RMAN configuration parameters:
CONFIGURE CONTROLFILE AUTOBACKUP FORMAT FOR DEVICE TYPE DISK TO '/opt/oracle/oradata/cf_target_%F';
new RMAN configuration parameters are successfully stored


RMAN> EXIT


Recovery Manager complete.
2026-09-06 07:32:37 INFO  opening the target keystore with the stored keystore password

    CON_ID STATUS	  WALLET_TYPE
---------- -------------- ----------------
	 1 OPEN 	  PASSWORD
2026-09-06 07:32:37 INFO  cataloging the backup pieces

Recovery Manager: Release 23.26.3.0.0 - Production on Sun Sep 6 07:32:37 2026
Version 23.26.3.0.0

Copyright (c) 1982, 2026, Oracle and/or its affiliates.  All rights reserved.

connected to target database: FREE (DBID=1515292873, not open)

RMAN> 

RMAN> RUN {
2>   ALLOCATE CHANNEL c1 DEVICE TYPE DISK;
3>   # No CATALOG: both containers see the exchange directory at the same path, so
4>   # the restored control file already knows the source pieces. Cataloging would
5>   # also pick up a previous clone's control file autobackup and its incarnation,
6>   # which makes recovery fail with ORA-19912.
7>   RELEASE CHANNEL c1;
8> }
using target database control file instead of recovery catalog
allocated channel: c1
channel c1: SID=4 device type=DISK

released channel: c1


RMAN> EXIT


Recovery Manager complete.
2026-09-06 07:32:38 INFO  restoring with: RESTORE DATABASE AS ENCRYPTED USING KEY 'AVCU8H6DV0l1vuCYES4Stu0AAAAAAAAAAAAAAAAAAAAAAAAAAAAA';
2026-09-06 07:32:38 INFO  recovery will stop before archived log sequence 6

Recovery Manager: Release 23.26.3.0.0 - Production on Sun Sep 6 07:32:38 2026
Version 23.26.3.0.0

Copyright (c) 1982, 2026, Oracle and/or its affiliates.  All rights reserved.

connected to target database: FREE (DBID=1515292873, not open)

RMAN> 

RMAN> RUN {
2>   ALLOCATE CHANNEL c1 DEVICE TYPE DISK;
3>   SET UNTIL SEQUENCE 6 THREAD 1;
4>   RESTORE DATABASE AS ENCRYPTED USING KEY 'AVCU8H6DV0l1vuCYES4Stu0AAAAAAAAAAAAAAAAAAAAAAAAAAAAA';
5>   RECOVER DATABASE;
6>   RELEASE CHANNEL c1;
7> }
using target database control file instead of recovery catalog
allocated channel: c1
channel c1: SID=38 device type=DISK

executing command: SET until clause (SEQUENCE)

Starting restore at 06-SEP-26

channel c1: starting datafile backup set restore
channel c1: specifying datafile(s) to restore from backup set
channel c1: restoring datafile 00001 to /opt/oracle/oradata/FREE/system01.dbf
channel c1: restoring datafile 00003 to /opt/oracle/oradata/FREE/sysaux01.dbf
channel c1: restoring datafile 00007 to /opt/oracle/oradata/FREE/users01.dbf
channel c1: restoring datafile 00011 to /opt/oracle/oradata/FREE/undotbs01.dbf
channel c1: reading from backup piece /opt/oracle/xchange/backup/02deui3d_2_1_1
RMAN Command Id : 2026-09-06T07:32:38
RMAN Command Id : 2026-09-06T07:32:38
released channel: c1
RMAN-00571: ===========================================================
RMAN-00569: =============== ERROR MESSAGE STACK FOLLOWS ===============
RMAN-00571: ===========================================================
RMAN-03002: failure of restore command at 09/06/2026 07:32:40
ORA-19870: error while restoring backup piece /opt/oracle/xchange/backup/02deui3d_2_1_1
ORA-28374: typed master key not found in wallet
RMAN Client Diagnostic Trace file : /opt/oracle/diag/clients/user_oracle/RMAN_2145370381_116/trace/ora_rman_5290_0.trc
RMAN Server Diagnostic Trace file : /opt/oracle/diag/rdbms/free/FREE/trace/FREE_ora_5307.trc
RMAN Server Diagnostic Trace file : /opt/oracle/diag/rdbms/free/FREE/trace/FREE_ora_5301.trc


RMAN> EXIT


Recovery Manager complete.

========================================================================
== Result
========================================================================

------------------------------------------------------------------------
VERDICT: PASS - RMAN failed as expected (exit 1): ORA-19870/ORA-28374 without prod MEK
------------------------------------------------------------------------
2026-09-06 07:32:41 INFO  Done.

========================================================================
  STEP 35: Variant B1: AS ENCRYPTED USING KEY with prod MEK
  Script: /Users/stefan.oehrli/Repos/own/oehrlis/oracle-free-labs/scripts/tde-verify/tests/35_variant_b1.sh
  Time:   2026-09-06 07:32:41
========================================================================
2026-09-06 07:32:41 INFO  Starting 35_variant_b1.sh 0.1.0

========================================================================
== Step 35: Variant B1 - AS ENCRYPTED with prod MEK + new dev MEK
========================================================================

========================================================================
== Reset odbencdev
========================================================================
2026-09-06 07:32:41 INFO  resetting service 'odbencdev' ...
 Container odbencdev Stopping 
 Container odbencdev Stopped 
 Container odbencdev Removing 
 Container odbencdev Removed 
 Network oracle-free-labs_default Removing 
 Network oracle-free-labs_default Resource is still in use 
2026-09-06 07:32:42 INFO  removing /Users/stefan.oehrli/Repos/own/oehrlis/oracle-free-labs/data/odbencdev
2026-09-06 07:32:42 INFO  restored tracked files under data/odbencdev
2026-09-06 07:32:42 INFO  service 'odbencdev' reset complete
2026-09-06 07:32:42 INFO  starting service 'odbencdev' ...
 Container odbencdev Creating 
 Container odbencdev Created 
 Container odbencdev Starting 
 Container odbencdev Started 
2026-09-06 07:32:43 INFO  waiting for odbencdev to be ready (timeout 600s) ...
2026-09-06 07:34:47 INFO  odbencdev is ready

========================================================================
== Attempt RESTORE AS ENCRYPTED USING KEY (prod MEK present)
========================================================================
2026-09-06 07:34:47 INFO  DBID: 1515292873
2026-09-06 07:34:47 INFO  Starting tde_clone.sh 0.1.0
2026-09-06 07:34:47 ERROR --key is required for variant b1

========================================================================
== Result
========================================================================

------------------------------------------------------------------------
VERDICT: PASS - RMAN failed as expected (exit 1): ORA-00600 on encrypted source datafile
------------------------------------------------------------------------
2026-09-06 07:34:48 INFO  Done.

========================================================================
  STEP 40: Variant C: DUPLICATE ... AS ENCRYPTED
  Script: /Users/stefan.oehrli/Repos/own/oehrlis/oracle-free-labs/scripts/tde-verify/tests/40_variant_c.sh
  Time:   2026-09-06 07:34:48
========================================================================
2026-09-06 07:34:48 INFO  Starting 40_variant_c.sh 0.1.0

========================================================================
== Step 40: Variant C - DUPLICATE ... AS ENCRYPTED
========================================================================

========================================================================
== Reset odbencdev (required for DUPLICATE)
========================================================================
2026-09-06 07:34:48 INFO  resetting service 'odbencdev' ...
 Container odbencdev Stopping 
 Container odbencdev Stopped 
 Container odbencdev Removing 
 Container odbencdev Removed 
 Network oracle-free-labs_default Removing 
 Network oracle-free-labs_default Resource is still in use 
2026-09-06 07:34:51 INFO  removing /Users/stefan.oehrli/Repos/own/oehrlis/oracle-free-labs/data/odbencdev
2026-09-06 07:34:51 INFO  restored tracked files under data/odbencdev
2026-09-06 07:34:51 INFO  service 'odbencdev' reset complete
2026-09-06 07:34:51 INFO  starting service 'odbencdev' ...
 Container odbencdev Creating 
 Container odbencdev Created 
 Container odbencdev Starting 
 Container odbencdev Started 
2026-09-06 07:34:52 INFO  waiting for odbencdev to be ready (timeout 600s) ...
2026-09-06 07:36:55 INFO  odbencdev is ready

========================================================================
== DUPLICATE DATABASE ... AS ENCRYPTED
========================================================================
2026-09-06 07:36:55 INFO  DBID: 1515292873
2026-09-06 07:36:55 INFO  Starting tde_clone.sh 0.1.0
2026-09-06 07:36:56 INFO  variant c: staging the source keystore on the auxiliary
2026-09-06 07:36:56 INFO  recreating the auto-login keystore on the target host

    CON_ID STATUS		WALLET_TYPE
---------- -------------------- ----------------
	 1 OPEN 		LOCAL_AUTOLOGIN
	 2 OPEN 		LOCAL_AUTOLOGIN
	 3 OPEN_NO_MASTER_KEY	LOCAL_AUTOLOGIN
2026-09-06 07:36:56 INFO  target keystore open via local auto-login
2026-09-06 07:36:56 INFO  shutting the auxiliary down and starting it NOMOUNT
Database closed.
Database dismounted.
ORACLE instance shut down.
ORACLE instance started.

Total System Global Area 1603392144 bytes
Fixed Size		    5026448 bytes
Variable Size		  419430400 bytes
Database Buffers	 1174405120 bytes
Redo Buffers		    4530176 bytes

STATUS
------------
STARTED

2026-09-06 07:36:59 INFO  moving stale online redo logs to /opt/oracle/xchange/stale_redo_odbencdev
moved /opt/oracle/oradata/FREE/redo01.log
moved /opt/oracle/oradata/FREE/redo02.log
moved /opt/oracle/oradata/FREE/redo03.log
2026-09-06 07:37:00 INFO  DUPLICATE DATABASE ... BACKUP LOCATION ... AS ENCRYPTED

Recovery Manager: Release 23.26.3.0.0 - Production on Sun Sep 6 07:37:00 2026
Version 23.26.3.0.0

Copyright (c) 1982, 2026, Oracle and/or its affiliates.  All rights reserved.

RMAN> 

RMAN> connect auxiliary *
connected to auxiliary database: FREE (not mounted)

RMAN> DUPLICATE DATABASE TO FREE
2>   BACKUP LOCATION '/opt/oracle/xchange/backup'
3>   NOFILENAMECHECK
4>   AS ENCRYPTED;
Starting Duplicate Db at 06-SEP-26
Starting Search Files at 06-SEP-26
Finished Search Files at 06-SEP-26
searching for database ID
found backup of database ID 1515292873

contents of Memory Script:
{
   sql clone "alter system set  db_name = 
 ''FREE'' comment=
 ''Modified by RMAN duplicate'' scope=spfile";
   sql clone "alter system set  db_unique_name = 
 ''FREE'' comment=
 ''Modified by RMAN duplicate'' scope=spfile";
   shutdown clone immediate;
   startup clone force nomount
   restore clone primary controlfile from  '/opt/oracle/xchange/backup/cf_c-1515292873-20260906-00';
   alter clone database mount;
}
executing Memory Script

sql statement: alter system set  db_name =  ''FREE'' comment= ''Modified by RMAN duplicate'' scope=spfile

sql statement: alter system set  db_unique_name =  ''FREE'' comment= ''Modified by RMAN duplicate'' scope=spfile

Oracle instance shut down

Oracle instance started

Total System Global Area    1603392144 bytes

Fixed Size                     5026448 bytes
Variable Size                419430400 bytes
Database Buffers            1174405120 bytes
Redo Buffers                   4530176 bytes

Starting restore at 06-SEP-26
allocated channel: ORA_AUX_DISK_1
channel ORA_AUX_DISK_1: SID=36 device type=DISK

channel ORA_AUX_DISK_1: restoring control file
channel ORA_AUX_DISK_1: restore complete, elapsed time: 00:00:01
output file name=/opt/oracle/oradata/FREE/control01.ctl
output file name=/opt/oracle/oradata/FREE/control02.ctl
Finished restore at 06-SEP-26

database mounted
released channel: ORA_AUX_DISK_1
Starting Search Files at 06-SEP-26
Finished Search Files at 06-SEP-26
allocated channel: ORA_AUX_DISK_1
channel ORA_AUX_DISK_1: SID=36 device type=DISK
RMAN-05158: WARNING: auxiliary (logfile) file name /opt/oracle/oradata/FREE/redo01.log conflicts with a file used by the target database
RMAN-05158: WARNING: auxiliary (logfile) file name /opt/oracle/oradata/FREE/redo02.log conflicts with a file used by the target database
RMAN-05158: WARNING: auxiliary (logfile) file name /opt/oracle/oradata/FREE/redo03.log conflicts with a file used by the target database
RMAN-05158: WARNING: auxiliary (datafile) file name /opt/oracle/oradata/FREE/system01.dbf conflicts with a file used by the target database
RMAN-05158: WARNING: auxiliary (datafile) file name /opt/oracle/oradata/FREE/pdbseed/system01.dbf conflicts with a file used by the target database
RMAN-05158: WARNING: auxiliary (datafile) file name /opt/oracle/oradata/FREE/sysaux01.dbf conflicts with a file used by the target database
RMAN-05158: WARNING: auxiliary (datafile) file name /opt/oracle/oradata/FREE/pdbseed/sysaux01.dbf conflicts with a file used by the target database
RMAN-05158: WARNING: auxiliary (datafile) file name /opt/oracle/oradata/FREE/users01.dbf conflicts with a file used by the target database
RMAN-05158: WARNING: auxiliary (datafile) file name /opt/oracle/oradata/FREE/pdbseed/undotbs01.dbf conflicts with a file used by the target database
RMAN-05158: WARNING: auxiliary (datafile) file name /opt/oracle/oradata/FREE/undotbs01.dbf conflicts with a file used by the target database
RMAN-05158: WARNING: auxiliary (datafile) file name /opt/oracle/oradata/FREE/5ACAB80548401021E063020013ACDC24/datafile/o1_mf_system_o9sy8tq0_.dbf conflicts with a file used by the target database
RMAN-05158: WARNING: auxiliary (datafile) file name /opt/oracle/oradata/FREE/5ACAB80548401021E063020013ACDC24/datafile/o1_mf_sysaux_o9sy8tq3_.dbf conflicts with a file used by the target database
RMAN-05158: WARNING: auxiliary (datafile) file name /opt/oracle/oradata/FREE/5ACAB80548401021E063020013ACDC24/datafile/o1_mf_undotbs1_o9sy8tq4_.dbf conflicts with a file used by the target database
RMAN-05158: WARNING: auxiliary (datafile) file name /opt/oracle/oradata/FREE/5ACAB80548401021E063020013ACDC24/datafile/o1_mf_audit_da_o9sy8xok_.dbf conflicts with a file used by the target database
RMAN-05158: WARNING: auxiliary (datafile) file name /opt/oracle/oradata/FREE/5ACAB80548401021E063020013ACDC24/datafile/o1_mf_users_o9sy9kts_.dbf conflicts with a file used by the target database
RMAN-05158: WARNING: auxiliary (datafile) file name /opt/oracle/oradata/FREE/5ACAB80548401021E063020013ACDC24/datafile/o1_mf_canary_p_o9syg4rr_.dbf conflicts with a file used by the target database
RMAN-05158: WARNING: auxiliary (tempfile) file name /opt/oracle/oradata/FREE/temp01.dbf conflicts with a file used by the target database
RMAN-05158: WARNING: auxiliary (tempfile) file name /opt/oracle/oradata/FREE/pdbseed/temp01.dbf conflicts with a file used by the target database
RMAN-05158: WARNING: auxiliary (tempfile) file name /opt/oracle/oradata/FREE/5ACAB80548401021E063020013ACDC24/datafile/o1_mf_temp_o9sy8tq4_.dbf conflicts with a file used by the target database

contents of Memory Script:
{
   set until scn  3971707;
   set newname for datafile  1 to 
 "/opt/oracle/oradata/FREE/system01.dbf";
   set newname for datafile  2 to 
 "/opt/oracle/oradata/FREE/pdbseed/system01.dbf";
   set newname for datafile  3 to 
 "/opt/oracle/oradata/FREE/sysaux01.dbf";
   set newname for datafile  4 to 
 "/opt/oracle/oradata/FREE/pdbseed/sysaux01.dbf";
   set newname for datafile  7 to 
 "/opt/oracle/oradata/FREE/users01.dbf";
   set newname for datafile  9 to 
 "/opt/oracle/oradata/FREE/pdbseed/undotbs01.dbf";
   set newname for datafile  11 to 
 "/opt/oracle/oradata/FREE/undotbs01.dbf";
   set newname for datafile  16 to 
 "/opt/oracle/oradata/FREE/5ACAB80548401021E063020013ACDC24/datafile/o1_mf_system_o9sy8tq0_.dbf";
   set newname for datafile  17 to 
 "/opt/oracle/oradata/FREE/5ACAB80548401021E063020013ACDC24/datafile/o1_mf_sysaux_o9sy8tq3_.dbf";
   set newname for datafile  18 to 
 "/opt/oracle/oradata/FREE/5ACAB80548401021E063020013ACDC24/datafile/o1_mf_undotbs1_o9sy8tq4_.dbf";
   set newname for datafile  19 to 
 "/opt/oracle/oradata/FREE/5ACAB80548401021E063020013ACDC24/datafile/o1_mf_audit_da_o9sy8xok_.dbf";
   set newname for datafile  20 to 
 "/opt/oracle/oradata/FREE/5ACAB80548401021E063020013ACDC24/datafile/o1_mf_users_o9sy9kts_.dbf";
   set newname for datafile  21 to 
 "/opt/oracle/oradata/FREE/5ACAB80548401021E063020013ACDC24/datafile/o1_mf_canary_p_o9syg4rr_.dbf";
   restore
   as encrypted 
   clone database
   ;
}
executing Memory Script

executing command: SET until clause (SCN)

executing command: SET NEWNAME

executing command: SET NEWNAME

executing command: SET NEWNAME

executing command: SET NEWNAME

executing command: SET NEWNAME

executing command: SET NEWNAME

executing command: SET NEWNAME

executing command: SET NEWNAME

executing command: SET NEWNAME

executing command: SET NEWNAME

executing command: SET NEWNAME

executing command: SET NEWNAME

executing command: SET NEWNAME

Starting restore at 06-SEP-26
using channel ORA_AUX_DISK_1

channel ORA_AUX_DISK_1: starting datafile backup set restore
channel ORA_AUX_DISK_1: specifying datafile(s) to restore from backup set
channel ORA_AUX_DISK_1: restoring datafile 00001 to /opt/oracle/oradata/FREE/system01.dbf
channel ORA_AUX_DISK_1: restoring datafile 00003 to /opt/oracle/oradata/FREE/sysaux01.dbf
channel ORA_AUX_DISK_1: restoring datafile 00007 to /opt/oracle/oradata/FREE/users01.dbf
channel ORA_AUX_DISK_1: restoring datafile 00011 to /opt/oracle/oradata/FREE/undotbs01.dbf
channel ORA_AUX_DISK_1: reading from backup piece /opt/oracle/xchange/backup/02deui3d_2_1_1
channel ORA_AUX_DISK_1: piece handle=/opt/oracle/xchange/backup/02deui3d_2_1_1 tag=TAG20260906T072741
channel ORA_AUX_DISK_1: restored backup piece 1
channel ORA_AUX_DISK_1: restore complete, elapsed time: 00:00:03
channel ORA_AUX_DISK_1: starting datafile backup set restore
channel ORA_AUX_DISK_1: specifying datafile(s) to restore from backup set
channel ORA_AUX_DISK_1: restoring datafile 00002 to /opt/oracle/oradata/FREE/pdbseed/system01.dbf
channel ORA_AUX_DISK_1: restoring datafile 00004 to /opt/oracle/oradata/FREE/pdbseed/sysaux01.dbf
channel ORA_AUX_DISK_1: restoring datafile 00009 to /opt/oracle/oradata/FREE/pdbseed/undotbs01.dbf
channel ORA_AUX_DISK_1: reading from backup piece /opt/oracle/xchange/backup/04heui3h_4_1_1
channel ORA_AUX_DISK_1: piece handle=/opt/oracle/xchange/backup/04heui3h_4_1_1 tag=TAG20260906T072741
channel ORA_AUX_DISK_1: restored backup piece 1
channel ORA_AUX_DISK_1: restore complete, elapsed time: 00:00:01
channel ORA_AUX_DISK_1: starting datafile backup set restore
channel ORA_AUX_DISK_1: specifying datafile(s) to restore from backup set
channel ORA_AUX_DISK_1: restoring datafile 00016 to /opt/oracle/oradata/FREE/5ACAB80548401021E063020013ACDC24/datafile/o1_mf_system_o9sy8tq0_.dbf
channel ORA_AUX_DISK_1: restoring datafile 00017 to /opt/oracle/oradata/FREE/5ACAB80548401021E063020013ACDC24/datafile/o1_mf_sysaux_o9sy8tq3_.dbf
channel ORA_AUX_DISK_1: restoring datafile 00018 to /opt/oracle/oradata/FREE/5ACAB80548401021E063020013ACDC24/datafile/o1_mf_undotbs1_o9sy8tq4_.dbf
channel ORA_AUX_DISK_1: restoring datafile 00019 to /opt/oracle/oradata/FREE/5ACAB80548401021E063020013ACDC24/datafile/o1_mf_audit_da_o9sy8xok_.dbf
channel ORA_AUX_DISK_1: restoring datafile 00020 to /opt/oracle/oradata/FREE/5ACAB80548401021E063020013ACDC24/datafile/o1_mf_users_o9sy9kts_.dbf
channel ORA_AUX_DISK_1: restoring datafile 00021 to /opt/oracle/oradata/FREE/5ACAB80548401021E063020013ACDC24/datafile/o1_mf_canary_p_o9syg4rr_.dbf
channel ORA_AUX_DISK_1: reading from backup piece /opt/oracle/xchange/backup/03geui3g_3_1_1
channel ORA_AUX_DISK_1: piece handle=/opt/oracle/xchange/backup/03geui3g_3_1_1 tag=TAG20260906T072741
channel ORA_AUX_DISK_1: restored backup piece 1
channel ORA_AUX_DISK_1: restore complete, elapsed time: 00:00:03
Finished restore at 06-SEP-26

contents of Memory Script:
{
   switch clone datafile all;
}
executing Memory Script

datafile 1 switched to datafile copy
input datafile copy RECID=1 STAMP=1243237030 file name=/opt/oracle/oradata/FREE/system01.dbf
datafile 2 switched to datafile copy
input datafile copy RECID=2 STAMP=1243237030 file name=/opt/oracle/oradata/FREE/pdbseed/system01.dbf
datafile 3 switched to datafile copy
input datafile copy RECID=3 STAMP=1243237030 file name=/opt/oracle/oradata/FREE/sysaux01.dbf
datafile 4 switched to datafile copy
input datafile copy RECID=4 STAMP=1243237030 file name=/opt/oracle/oradata/FREE/pdbseed/sysaux01.dbf
datafile 7 switched to datafile copy
input datafile copy RECID=5 STAMP=1243237030 file name=/opt/oracle/oradata/FREE/users01.dbf
datafile 9 switched to datafile copy
input datafile copy RECID=6 STAMP=1243237030 file name=/opt/oracle/oradata/FREE/pdbseed/undotbs01.dbf
datafile 11 switched to datafile copy
input datafile copy RECID=7 STAMP=1243237030 file name=/opt/oracle/oradata/FREE/undotbs01.dbf
datafile 16 switched to datafile copy
input datafile copy RECID=8 STAMP=1243237030 file name=/opt/oracle/oradata/FREE/5ACAB80548401021E063020013ACDC24/datafile/o1_mf_system_o9sy8tq0_.dbf
datafile 17 switched to datafile copy
input datafile copy RECID=9 STAMP=1243237030 file name=/opt/oracle/oradata/FREE/5ACAB80548401021E063020013ACDC24/datafile/o1_mf_sysaux_o9sy8tq3_.dbf
datafile 18 switched to datafile copy
input datafile copy RECID=10 STAMP=1243237031 file name=/opt/oracle/oradata/FREE/5ACAB80548401021E063020013ACDC24/datafile/o1_mf_undotbs1_o9sy8tq4_.dbf
datafile 19 switched to datafile copy
input datafile copy RECID=11 STAMP=1243237031 file name=/opt/oracle/oradata/FREE/5ACAB80548401021E063020013ACDC24/datafile/o1_mf_audit_da_o9sy8xok_.dbf
datafile 20 switched to datafile copy
input datafile copy RECID=12 STAMP=1243237031 file name=/opt/oracle/oradata/FREE/5ACAB80548401021E063020013ACDC24/datafile/o1_mf_users_o9sy9kts_.dbf
datafile 21 switched to datafile copy
input datafile copy RECID=13 STAMP=1243237031 file name=/opt/oracle/oradata/FREE/5ACAB80548401021E063020013ACDC24/datafile/o1_mf_canary_p_o9syg4rr_.dbf

contents of Memory Script:
{
   set until scn  3971707;
   recover
   clone database
    delete archivelog
   ;
}
executing Memory Script

executing command: SET until clause (SCN)

Starting recover at 06-SEP-26
using channel ORA_AUX_DISK_1
datafile 20 not processed because file is read-only
datafile 21 not processed because file is read-only

starting media recovery

channel ORA_AUX_DISK_1: starting archived log restore to default destination
channel ORA_AUX_DISK_1: restoring archived log
archived log thread=1 sequence=5
channel ORA_AUX_DISK_1: reading from backup piece /opt/oracle/xchange/backup/05ieui3i_5_1_1
channel ORA_AUX_DISK_1: piece handle=/opt/oracle/xchange/backup/05ieui3i_5_1_1 tag=TAG20260906T072746
channel ORA_AUX_DISK_1: restored backup piece 1
channel ORA_AUX_DISK_1: restore complete, elapsed time: 00:00:01
recovery status time_needed 2026-09-06 07:27:41
archived log file name=/opt/oracle/product/26ai/dbhomeFree/dbs/arch1_5_1243236233.dbf thread=1 sequence=5
channel ORA_AUX_DISK_1: deleting archived log(s)
archived log file name=/opt/oracle/product/26ai/dbhomeFree/dbs/arch1_5_1243236233.dbf RECID=1 STAMP=1243237031
media recovery complete, elapsed time: 00:00:00
Finished recover at 06-SEP-26
Oracle instance started

Total System Global Area    1603392144 bytes

Fixed Size                     5026448 bytes
Variable Size                419430400 bytes
Database Buffers            1174405120 bytes
Redo Buffers                   4530176 bytes

contents of Memory Script:
{
   sql clone "alter system set  db_name = 
 ''FREE'' comment=
 ''Reset to original value by RMAN'' scope=spfile";
   sql clone "alter system reset  db_unique_name scope=spfile";
}
executing Memory Script

sql statement: alter system set  db_name =  ''FREE'' comment= ''Reset to original value by RMAN'' scope=spfile

sql statement: alter system reset  db_unique_name scope=spfile
Oracle instance started

Total System Global Area    1603392144 bytes

Fixed Size                     5026448 bytes
Variable Size                419430400 bytes
Database Buffers            1174405120 bytes
Redo Buffers                   4530176 bytes
sql statement: CREATE CONTROLFILE REUSE SET DATABASE "FREE" RESETLOGS ARCHIVELOG 
  MAXLOGFILES     16
  MAXLOGMEMBERS      3
  MAXDATAFILES     1024
  MAXINSTANCES     8
  MAXLOGHISTORY      292
 LOGFILE
  GROUP     1 ( '/opt/oracle/oradata/FREE/redo01.log' ) SIZE 200 M  REUSE,
  GROUP     2 ( '/opt/oracle/oradata/FREE/redo02.log' ) SIZE 200 M  REUSE,
  GROUP     3 ( '/opt/oracle/oradata/FREE/redo03.log' ) SIZE 200 M  REUSE
 DATAFILE
  '/opt/oracle/oradata/FREE/system01.dbf',
  '/opt/oracle/oradata/FREE/pdbseed/system01.dbf',
  '/opt/oracle/oradata/FREE/5ACAB80548401021E063020013ACDC24/datafile/o1_mf_system_o9sy8tq0_.dbf'
 CHARACTER SET AL32UTF8


contents of Memory Script:
{
   set newname for tempfile  1 to 
 "/opt/oracle/oradata/FREE/temp01.dbf";
   set newname for tempfile  2 to 
 "/opt/oracle/oradata/FREE/pdbseed/temp01.dbf";
   set newname for tempfile  5 to 
 "/opt/oracle/oradata/FREE/5ACAB80548401021E063020013ACDC24/datafile/o1_mf_temp_o9sy8tq4_.dbf";
   switch clone tempfile all;
   catalog clone datafilecopy  "/opt/oracle/oradata/FREE/sysaux01.dbf", 
 "/opt/oracle/oradata/FREE/pdbseed/sysaux01.dbf", 
 "/opt/oracle/oradata/FREE/users01.dbf", 
 "/opt/oracle/oradata/FREE/pdbseed/undotbs01.dbf", 
 "/opt/oracle/oradata/FREE/undotbs01.dbf", 
 "/opt/oracle/oradata/FREE/5ACAB80548401021E063020013ACDC24/datafile/o1_mf_sysaux_o9sy8tq3_.dbf", 
 "/opt/oracle/oradata/FREE/5ACAB80548401021E063020013ACDC24/datafile/o1_mf_undotbs1_o9sy8tq4_.dbf", 
 "/opt/oracle/oradata/FREE/5ACAB80548401021E063020013ACDC24/datafile/o1_mf_audit_da_o9sy8xok_.dbf";
   switch clone datafile all;
}
executing Memory Script

executing command: SET NEWNAME

executing command: SET NEWNAME

executing command: SET NEWNAME

renamed tempfile 1 to /opt/oracle/oradata/FREE/temp01.dbf in control file
renamed tempfile 2 to /opt/oracle/oradata/FREE/pdbseed/temp01.dbf in control file
renamed tempfile 5 to /opt/oracle/oradata/FREE/5ACAB80548401021E063020013ACDC24/datafile/o1_mf_temp_o9sy8tq4_.dbf in control file

cataloged datafile copy
datafile copy file name=/opt/oracle/oradata/FREE/sysaux01.dbf RECID=1 STAMP=1243237035
cataloged datafile copy
datafile copy file name=/opt/oracle/oradata/FREE/pdbseed/sysaux01.dbf RECID=2 STAMP=1243237035
cataloged datafile copy
datafile copy file name=/opt/oracle/oradata/FREE/users01.dbf RECID=3 STAMP=1243237035
cataloged datafile copy
datafile copy file name=/opt/oracle/oradata/FREE/pdbseed/undotbs01.dbf RECID=4 STAMP=1243237035
cataloged datafile copy
datafile copy file name=/opt/oracle/oradata/FREE/undotbs01.dbf RECID=5 STAMP=1243237035
cataloged datafile copy
datafile copy file name=/opt/oracle/oradata/FREE/5ACAB80548401021E063020013ACDC24/datafile/o1_mf_sysaux_o9sy8tq3_.dbf RECID=6 STAMP=1243237035
cataloged datafile copy
datafile copy file name=/opt/oracle/oradata/FREE/5ACAB80548401021E063020013ACDC24/datafile/o1_mf_undotbs1_o9sy8tq4_.dbf RECID=7 STAMP=1243237035
cataloged datafile copy
datafile copy file name=/opt/oracle/oradata/FREE/5ACAB80548401021E063020013ACDC24/datafile/o1_mf_audit_da_o9sy8xok_.dbf RECID=8 STAMP=1243237035

datafile 3 switched to datafile copy
input datafile copy RECID=1 STAMP=1243237035 file name=/opt/oracle/oradata/FREE/sysaux01.dbf
datafile 4 switched to datafile copy
input datafile copy RECID=2 STAMP=1243237035 file name=/opt/oracle/oradata/FREE/pdbseed/sysaux01.dbf
datafile 7 switched to datafile copy
input datafile copy RECID=3 STAMP=1243237035 file name=/opt/oracle/oradata/FREE/users01.dbf
datafile 9 switched to datafile copy
input datafile copy RECID=4 STAMP=1243237035 file name=/opt/oracle/oradata/FREE/pdbseed/undotbs01.dbf
datafile 11 switched to datafile copy
input datafile copy RECID=5 STAMP=1243237035 file name=/opt/oracle/oradata/FREE/undotbs01.dbf
datafile 17 switched to datafile copy
input datafile copy RECID=6 STAMP=1243237035 file name=/opt/oracle/oradata/FREE/5ACAB80548401021E063020013ACDC24/datafile/o1_mf_sysaux_o9sy8tq3_.dbf
datafile 18 switched to datafile copy
input datafile copy RECID=7 STAMP=1243237035 file name=/opt/oracle/oradata/FREE/5ACAB80548401021E063020013ACDC24/datafile/o1_mf_undotbs1_o9sy8tq4_.dbf
datafile 19 switched to datafile copy
input datafile copy RECID=8 STAMP=1243237035 file name=/opt/oracle/oradata/FREE/5ACAB80548401021E063020013ACDC24/datafile/o1_mf_audit_da_o9sy8xok_.dbf
Reenabling controlfile options for auxiliary database
Executing: alter database force logging
Executing: alter system set tde_configuration='KEYSTORE_CONFIGURATION=FILE'

contents of Memory Script:
{
   Alter clone database open resetlogs;
}
executing Memory Script

database opened

contents of Memory Script:
{
   sql clone "alter pluggable database all open";
}
executing Memory Script

sql statement: alter pluggable database all open

contents of Memory Script:
{
   catalog clone datafilecopy  "/opt/oracle/oradata/FREE/5ACAB80548401021E063020013ACDC24/datafile/o1_mf_users_o9sy9kts_.dbf", 
 "/opt/oracle/oradata/FREE/5ACAB80548401021E063020013ACDC24/datafile/o1_mf_canary_p_o9syg4rr_.dbf";
   switch clone datafile  20 to datafilecopy 
 "/opt/oracle/oradata/FREE/5ACAB80548401021E063020013ACDC24/datafile/o1_mf_users_o9sy9kts_.dbf";
   switch clone datafile  21 to datafilecopy 
 "/opt/oracle/oradata/FREE/5ACAB80548401021E063020013ACDC24/datafile/o1_mf_canary_p_o9syg4rr_.dbf";
   #online the readonly tablespace
   sql clone 'ODBENCPROD' "alter tablespace 
 USERS online";
   #read write the online tablespace
   sql clone 'ODBENCPROD' "alter tablespace 
 USERS read write";
   #readonly the read write tablespace
   sql clone 'ODBENCPROD' "alter tablespace 
 USERS read only";
   #online the readonly tablespace
   sql clone 'ODBENCPROD' "alter tablespace 
 CANARY_PLAIN online";
   #read write the online tablespace
   sql clone 'ODBENCPROD' "alter tablespace 
 CANARY_PLAIN read write";
   #readonly the read write tablespace
   sql clone 'ODBENCPROD' "alter tablespace 
 CANARY_PLAIN read only";
}
executing Memory Script

cataloged datafile copy
datafile copy file name=/opt/oracle/oradata/FREE/5ACAB80548401021E063020013ACDC24/datafile/o1_mf_users_o9sy9kts_.dbf RECID=9 STAMP=1243237037
cataloged datafile copy
datafile copy file name=/opt/oracle/oradata/FREE/5ACAB80548401021E063020013ACDC24/datafile/o1_mf_canary_p_o9syg4rr_.dbf RECID=10 STAMP=1243237037

datafile 20 switched to datafile copy
input datafile copy RECID=9 STAMP=1243237037 file name=/opt/oracle/oradata/FREE/5ACAB80548401021E063020013ACDC24/datafile/o1_mf_users_o9sy9kts_.dbf

datafile 21 switched to datafile copy
input datafile copy RECID=10 STAMP=1243237037 file name=/opt/oracle/oradata/FREE/5ACAB80548401021E063020013ACDC24/datafile/o1_mf_canary_p_o9syg4rr_.dbf

sql statement: alter tablespace  USERS online

sql statement: alter tablespace  USERS read write

sql statement: alter tablespace  USERS read only

sql statement: alter tablespace  CANARY_PLAIN online

sql statement: alter tablespace  CANARY_PLAIN read write

sql statement: alter tablespace  CANARY_PLAIN read only
Finished Duplicate Db at 06-SEP-26


RMAN> EXIT


Recovery Manager complete.
2026-09-06 07:37:18 INFO  opening the pluggable databases

Pluggable database altered.


      DBID NAME      OPEN_MODE
---------- --------- --------------------
1515293674 FREE      READ WRITE


NAME
--------------------------------------------------------------------------------
OPEN_MODE
----------
PDB$SEED
READ ONLY

ODBENCPROD
READ WRITE


2026-09-06 07:37:18 INFO  Done.

========================================================================
== Collect evidence set 'variant_c'
========================================================================
2026-09-06 07:37:18 INFO  collecting evidence set 'variant_c' from odbencdev
2026-09-06 07:37:18 INFO  Starting tde_evidence.sh 0.1.0
2026-09-06 07:37:18 INFO  evidence set 'variant_c' -> /Users/stefan.oehrli/Repos/own/oehrlis/oracle-free-labs/data/xchange/evidence/variant_c
2026-09-06 07:37:18 INFO  collecting key chain evidence from odbencdev (CDB$ROOT)

Session altered.

========================================================================
== TDE key chain evidence snapshot =====================================
========================================================================
== Identity of this database ===========================================

CONTAINER	     DB_NAME	  DB_UNIQUE_NAME	 DBID CREATED	LOG_MODE     OPEN_MODE
-------------------- ------------ ---------------- ---------- --------- ------------ --------------------
CDB$ROOT	     FREE	  FREE		   1515293674 06-SEP-26 ARCHIVELOG   READ WRITE

1 row selected.

== Keystore state from v$encryption_wallet =============================

WRL_TYPE WRL_PARAMETER								STATUS		   WALLET_TYPE	   KEYSTORE CON_ID
-------- ---------------------------------------------------------------------- ------------------ --------------- -------- ------
FILE	 /opt/oracle/dbconfig/FREE/wallet/tde/					OPEN		   LOCAL_AUTOLOGIN NONE 	 1
FILE										OPEN		   LOCAL_AUTOLOGIN UNITED	 2
FILE										OPEN		   LOCAL_AUTOLOGIN UNITED	 4

3 rows selected.

== Master encryption keys from v$encryption_keys =======================

KEY_ID							 KEY_USE    KEYSTORE_TYPE  ORIGIN     BACKED_UP CREATION_TIME	       ACTIVATION_TIME
-------------------------------------------------------- ---------- -------------- ---------- --------- ---------------------- ----------------------
CREATOR_PDBNAME
--------------------------------------------------------------------------------------------------------------------------------
ACTIVATING_PDBNAME														 CON_ID
-------------------------------------------------------------------------------------------------------------------------------- ------
AQbBvEA8/kJyuUn9246sO0UAAAAAAAAAAAAAAAAAAAAAAAAAAAAA	 TDE IN PDB SOFTWARE KEYST LOCAL      YES	06.09.2026 05:25:02    06.09.2026 05:25:02
								    ORE
CDB$ROOT
CDB$ROOT															      1

AexXSvFmk01Fq1rB8iZ6KXoAAAAAAAAAAAAAAAAAAAAAAAAAAAAA	 TDE IN PDB SOFTWARE KEYST LOCAL      NO	06.09.2026 05:25:05    06.09.2026 05:25:05
								    ORE
ODBENCPROD
ODBENCPROD															      4


2 rows selected.

== Tablespace key chain from v$encrypted_tablespaces ===================

TS_NAME 		    TS# ENCRYPTI ENC MASTERKEYID_HEX			KEY_VERSION STATUS	       ENCRYPTEDKEY_HEX 						  BLOCKS_ENCRYPTED BLOCKS_DECRYPTED CON_ID
-------------------- ---------- -------- --- ---------------------------------- ----------- ------------------ ------------------------------------------------------------------ ---------------- ---------------- ------
AUDIT_DATA		      5 AES256	 YES EC574AF166934D45AB5AC1F2267A297A		  0 NORMAL	       E7A6FAC63AA0DE492C8FC1E8916AB2958BEC9BFE36A88C3F24F65DC3F936F963 		 0		  5	 4
CANARY_PLAIN		      7 AES256	 YES EC574AF166934D45AB5AC1F2267A297A		  0 NORMAL	       E7A6FAC63AA0DE492C8FC1E8916AB2958BEC9BFE36A88C3F24F65DC3F936F963 		 0		  3	 4
SYSAUX			      1 AES256	 YES 06C1BC403CFE4272B949FDDB8EAC3B45		  0 NORMAL	       B045728506A501E21FD577C3A9DA902B10069DB2CE11FE2ED0DA4E8ACF099CC9 	       303	       2003	 1
SYSAUX			      1 AES256	 YES EC574AF166934D45AB5AC1F2267A297A		  0 NORMAL	       E7A6FAC63AA0DE492C8FC1E8916AB2958BEC9BFE36A88C3F24F65DC3F936F963 		 0		568	 4
SYSTEM			      0 AES256	 YES EC574AF166934D45AB5AC1F2267A297A		  0 NORMAL	       E7A6FAC63AA0DE492C8FC1E8916AB2958BEC9BFE36A88C3F24F65DC3F936F963 		 0	       5054	 4
SYSTEM			      0 AES256	 YES 06C1BC403CFE4272B949FDDB8EAC3B45		  0 NORMAL	       B045728506A501E21FD577C3A9DA902B10069DB2CE11FE2ED0DA4E8ACF099CC9 		 0	       7423	 1
UNDOTBS1		      2 AES256	 YES EC574AF166934D45AB5AC1F2267A297A		  0 NORMAL	       E7A6FAC63AA0DE492C8FC1E8916AB2958BEC9BFE36A88C3F24F65DC3F936F963 		 8		 42	 4
UNDOTBS1		      2 AES256	 YES 06C1BC403CFE4272B949FDDB8EAC3B45		  0 NORMAL	       B045728506A501E21FD577C3A9DA902B10069DB2CE11FE2ED0DA4E8ACF099CC9 		 0		 23	 1
USERS			      6 AES256	 YES EC574AF166934D45AB5AC1F2267A297A		  0 NORMAL	       059EFEB1BB6D72140B68FD768F80105B37BB912E84E6273E82227A027FD830F3 		 0		  1	 4
USERS			      4 AES256	 YES 06C1BC403CFE4272B949FDDB8EAC3B45		  0 NORMAL	       B045728506A501E21FD577C3A9DA902B10069DB2CE11FE2ED0DA4E8ACF099CC9 		 0		  2	 1

10 rows selected.

== Full v$encrypted_tablespaces row (version specific columns) =========

       TS# ENCRYPTI ENC ENCRYPTEDKEY							 MASTERKEYID			  BLOCKS_ENCRYPTED BLOCKS_DECRYPTED KEY_VERSION STATUS		   CIPHERMODE	 CON_ID
---------- -------- --- ---------------------------------------------------------------- -------------------------------- ---------------- ---------------- ----------- ------------------ ------------- ------
	 0 AES256   YES B045728506A501E21FD577C3A9DA902B10069DB2CE11FE2ED0DA4E8ACF099CC9 06C1BC403CFE4272B949FDDB8EAC3B45		 0	       7423	      0 NORMAL		   XTS		      1
	 1 AES256   YES B045728506A501E21FD577C3A9DA902B10069DB2CE11FE2ED0DA4E8ACF099CC9 06C1BC403CFE4272B949FDDB8EAC3B45	       303	       2003	      0 NORMAL		   XTS		      1
	 4 AES256   YES B045728506A501E21FD577C3A9DA902B10069DB2CE11FE2ED0DA4E8ACF099CC9 06C1BC403CFE4272B949FDDB8EAC3B45		 0		  2	      0 NORMAL		   XTS		      1
	 2 AES256   YES B045728506A501E21FD577C3A9DA902B10069DB2CE11FE2ED0DA4E8ACF099CC9 06C1BC403CFE4272B949FDDB8EAC3B45		 0		 23	      0 NORMAL		   XTS		      1
	 0 AES256   YES E7A6FAC63AA0DE492C8FC1E8916AB2958BEC9BFE36A88C3F24F65DC3F936F963 EC574AF166934D45AB5AC1F2267A297A		 0	       5054	      0 NORMAL		   XTS		      4
	 1 AES256   YES E7A6FAC63AA0DE492C8FC1E8916AB2958BEC9BFE36A88C3F24F65DC3F936F963 EC574AF166934D45AB5AC1F2267A297A		 0		568	      0 NORMAL		   XTS		      4
	 2 AES256   YES E7A6FAC63AA0DE492C8FC1E8916AB2958BEC9BFE36A88C3F24F65DC3F936F963 EC574AF166934D45AB5AC1F2267A297A		 8		 42	      0 NORMAL		   XTS		      4
	 5 AES256   YES E7A6FAC63AA0DE492C8FC1E8916AB2958BEC9BFE36A88C3F24F65DC3F936F963 EC574AF166934D45AB5AC1F2267A297A		 0		  5	      0 NORMAL		   XTS		      4
	 6 AES256   YES 059EFEB1BB6D72140B68FD768F80105B37BB912E84E6273E82227A027FD830F3 EC574AF166934D45AB5AC1F2267A297A		 0		  1	      0 NORMAL		   XTS		      4
	 7 AES256   YES E7A6FAC63AA0DE492C8FC1E8916AB2958BEC9BFE36A88C3F24F65DC3F936F963 EC574AF166934D45AB5AC1F2267A297A		 0		  3	      0 NORMAL		   XTS		      4

10 rows selected.

== Implicit database key for SYSTEM / UNDO / TEMP ======================

ENCRYPTI ENCRYPTEDKEY											  MASTERKEYID			   MAS CIPHERMODE    CON_ID
-------- ------------------------------------------------------------------------------------------------ -------------------------------- --- ------------- ------
AES256	 B045728506A501E21FD577C3A9DA902B10069DB2CE11FE2ED0DA4E8ACF099CC900000000000000000000000000000000 06C1BC403CFE4272B949FDDB8EAC3B45 YES XTS		  1
NONE	 000000000000000000000000000000000000000000000000000000000000000000000000000000000000000000000000 00000000000000000000000000000000 NO  CFB		  2
AES256	 E7A6FAC63AA0DE492C8FC1E8916AB2958BEC9BFE36A88C3F24F65DC3F936F96300000000000000000000000000000000 EC574AF166934D45AB5AC1F2267A297A YES XTS		  4

3 rows selected.

== Datafiles of encrypted tablespaces ==================================

TS_NAME 	     RELATIVE_FNO FILE_NAME								     BLOCKS BLOCK_SIZE	    BYTES
-------------------- ------------ ---------------------------------------------------------------------- ---------- ---------- ----------
SYSAUX			     1024 /opt/oracle/oradata/FREE/sysaux01.dbf 				      87040	  8192	713031680
SYSTEM			     1024 /opt/oracle/oradata/FREE/system01.dbf 				     139520	  8192 1142947840
UNDOTBS1		     1024 /opt/oracle/oradata/FREE/undotbs01.dbf				       5120	  8192	 41943040
USERS			     1024 /opt/oracle/oradata/FREE/users01.dbf						896	  8192	  7340032

4 rows selected.

2026-09-06 07:37:19 INFO  collecting key chain evidence from odbencdev (PDB ODBENCPROD)

Session altered.


Session altered.

========================================================================
== TDE key chain evidence snapshot =====================================
========================================================================
== Identity of this database ===========================================

CONTAINER	     DB_NAME	  DB_UNIQUE_NAME	 DBID CREATED	LOG_MODE     OPEN_MODE
-------------------- ------------ ---------------- ---------- --------- ------------ --------------------
ODBENCPROD	     FREE	  FREE		   1515293674 06-SEP-26 ARCHIVELOG   READ WRITE

1 row selected.

== Keystore state from v$encryption_wallet =============================

WRL_TYPE WRL_PARAMETER								STATUS		   WALLET_TYPE	   KEYSTORE CON_ID
-------- ---------------------------------------------------------------------- ------------------ --------------- -------- ------
FILE										OPEN		   LOCAL_AUTOLOGIN UNITED	 4

1 row selected.

== Master encryption keys from v$encryption_keys =======================

KEY_ID							 KEY_USE    KEYSTORE_TYPE  ORIGIN     BACKED_UP CREATION_TIME	       ACTIVATION_TIME
-------------------------------------------------------- ---------- -------------- ---------- --------- ---------------------- ----------------------
CREATOR_PDBNAME
--------------------------------------------------------------------------------------------------------------------------------
ACTIVATING_PDBNAME														 CON_ID
-------------------------------------------------------------------------------------------------------------------------------- ------
AexXSvFmk01Fq1rB8iZ6KXoAAAAAAAAAAAAAAAAAAAAAAAAAAAAA	 TDE IN PDB SOFTWARE KEYST LOCAL      NO	06.09.2026 05:25:05    06.09.2026 05:25:05
								    ORE
ODBENCPROD
ODBENCPROD															      4


1 row selected.

== Tablespace key chain from v$encrypted_tablespaces ===================

TS_NAME 		    TS# ENCRYPTI ENC MASTERKEYID_HEX			KEY_VERSION STATUS	       ENCRYPTEDKEY_HEX 						  BLOCKS_ENCRYPTED BLOCKS_DECRYPTED CON_ID
-------------------- ---------- -------- --- ---------------------------------- ----------- ------------------ ------------------------------------------------------------------ ---------------- ---------------- ------
AUDIT_DATA		      5 AES256	 YES EC574AF166934D45AB5AC1F2267A297A		  0 NORMAL	       E7A6FAC63AA0DE492C8FC1E8916AB2958BEC9BFE36A88C3F24F65DC3F936F963 		 0		  5	 4
CANARY_PLAIN		      7 AES256	 YES EC574AF166934D45AB5AC1F2267A297A		  0 NORMAL	       E7A6FAC63AA0DE492C8FC1E8916AB2958BEC9BFE36A88C3F24F65DC3F936F963 		 0		  3	 4
SYSAUX			      1 AES256	 YES EC574AF166934D45AB5AC1F2267A297A		  0 NORMAL	       E7A6FAC63AA0DE492C8FC1E8916AB2958BEC9BFE36A88C3F24F65DC3F936F963 		 0		573	 4
SYSTEM			      0 AES256	 YES EC574AF166934D45AB5AC1F2267A297A		  0 NORMAL	       E7A6FAC63AA0DE492C8FC1E8916AB2958BEC9BFE36A88C3F24F65DC3F936F963 		 0	       5054	 4
UNDOTBS1		      2 AES256	 YES EC574AF166934D45AB5AC1F2267A297A		  0 NORMAL	       E7A6FAC63AA0DE492C8FC1E8916AB2958BEC9BFE36A88C3F24F65DC3F936F963 		 8		 42	 4
USERS			      6 AES256	 YES EC574AF166934D45AB5AC1F2267A297A		  0 NORMAL	       059EFEB1BB6D72140B68FD768F80105B37BB912E84E6273E82227A027FD830F3 		 0		  1	 4

6 rows selected.

== Full v$encrypted_tablespaces row (version specific columns) =========

       TS# ENCRYPTI ENC ENCRYPTEDKEY							 MASTERKEYID			  BLOCKS_ENCRYPTED BLOCKS_DECRYPTED KEY_VERSION STATUS		   CIPHERMODE	 CON_ID
---------- -------- --- ---------------------------------------------------------------- -------------------------------- ---------------- ---------------- ----------- ------------------ ------------- ------
	 0 AES256   YES E7A6FAC63AA0DE492C8FC1E8916AB2958BEC9BFE36A88C3F24F65DC3F936F963 EC574AF166934D45AB5AC1F2267A297A		 0	       5054	      0 NORMAL		   XTS		      4
	 1 AES256   YES E7A6FAC63AA0DE492C8FC1E8916AB2958BEC9BFE36A88C3F24F65DC3F936F963 EC574AF166934D45AB5AC1F2267A297A		 0		573	      0 NORMAL		   XTS		      4
	 2 AES256   YES E7A6FAC63AA0DE492C8FC1E8916AB2958BEC9BFE36A88C3F24F65DC3F936F963 EC574AF166934D45AB5AC1F2267A297A		 8		 42	      0 NORMAL		   XTS		      4
	 5 AES256   YES E7A6FAC63AA0DE492C8FC1E8916AB2958BEC9BFE36A88C3F24F65DC3F936F963 EC574AF166934D45AB5AC1F2267A297A		 0		  5	      0 NORMAL		   XTS		      4
	 6 AES256   YES 059EFEB1BB6D72140B68FD768F80105B37BB912E84E6273E82227A027FD830F3 EC574AF166934D45AB5AC1F2267A297A		 0		  1	      0 NORMAL		   XTS		      4
	 7 AES256   YES E7A6FAC63AA0DE492C8FC1E8916AB2958BEC9BFE36A88C3F24F65DC3F936F963 EC574AF166934D45AB5AC1F2267A297A		 0		  3	      0 NORMAL		   XTS		      4

6 rows selected.

== Implicit database key for SYSTEM / UNDO / TEMP ======================

ENCRYPTI ENCRYPTEDKEY											  MASTERKEYID			   MAS CIPHERMODE    CON_ID
-------- ------------------------------------------------------------------------------------------------ -------------------------------- --- ------------- ------
AES256	 E7A6FAC63AA0DE492C8FC1E8916AB2958BEC9BFE36A88C3F24F65DC3F936F96300000000000000000000000000000000 EC574AF166934D45AB5AC1F2267A297A YES XTS		  4

1 row selected.

== Datafiles of encrypted tablespaces ==================================

TS_NAME 	     RELATIVE_FNO FILE_NAME								     BLOCKS BLOCK_SIZE	    BYTES
-------------------- ------------ ---------------------------------------------------------------------- ---------- ---------- ----------
AUDIT_DATA		     1024 /opt/oracle/oradata/FREE/5ACAB80548401021E063020013ACDC24/datafile/o1_       2560	  8192	 20971520
				  mf_audit_da_o9sy8xok_.dbf

CANARY_PLAIN		     1024 /opt/oracle/oradata/FREE/5ACAB80548401021E063020013ACDC24/datafile/o1_       2560	  8192	 20971520
				  mf_canary_p_o9syg4rr_.dbf

SYSAUX			     1024 /opt/oracle/oradata/FREE/5ACAB80548401021E063020013ACDC24/datafile/o1_      51200	  8192	419430400
				  mf_sysaux_o9sy8tq3_.dbf

SYSTEM			     1024 /opt/oracle/oradata/FREE/5ACAB80548401021E063020013ACDC24/datafile/o1_      38400	  8192	314572800
				  mf_system_o9sy8tq0_.dbf

UNDOTBS1		     1024 /opt/oracle/oradata/FREE/5ACAB80548401021E063020013ACDC24/datafile/o1_      12800	  8192	104857600
				  mf_undotbs1_o9sy8tq4_.dbf

USERS			     1024 /opt/oracle/oradata/FREE/5ACAB80548401021E063020013ACDC24/datafile/o1_       2560	  8192	 20971520
				  mf_users_o9sy9kts_.dbf


6 rows selected.

2026-09-06 07:37:19 INFO  listing datafiles of tablespace USERS in PDB ODBENCPROD
2026-09-06 07:37:19 INFO  found 1 datafile(s)
2026-09-06 07:37:19 INFO  fingerprinting o1_mf_users_o9sy9kts_.dbf (block size 8192)
wrote /Users/stefan.oehrli/Repos/own/oehrlis/oracle-free-labs/data/xchange/evidence/variant_c/o1_mf_users_o9sy9kts_.dbf.fp
2026-09-06 07:37:20 INFO  scanning o1_mf_users_o9sy9kts_.dbf for the clear-text marker
no hits - needle not present as plaintext in this datafile
2026-09-06 07:37:20 INFO  manifest written to /Users/stefan.oehrli/Repos/own/oehrlis/oracle-free-labs/data/xchange/evidence/variant_c/manifest.txt
2026-09-06 07:37:20 INFO  Done.

========================================================================
== Compare 'variant_c' vs 'baseline'
========================================================================
2026-09-06 07:37:20 INFO  comparing evidence sets 'baseline' vs 'variant_c'
2026-09-06 07:37:20 INFO  Starting tde_evidence.sh 0.1.0

== Block-level ciphertext comparison ==
A: baseline/o1_mf_users_o9sy9kts_.dbf.fp
B: variant_c/o1_mf_users_o9sy9kts_.dbf.fp
block_size A/B: 8192/8192
blocks compared: 2561
identical: 1272
differing: 1289
first differing blocks: [1, 771, 772, 773, 774, 775, 788, 789, 790, 791, 796, 797, 798, 799, 812, 813, 814, 815, 828, 829]
... and 1269 more
verdict: MIXED - 1289 of 2561 blocks changed; inspect which ranges differ before drawing a conclusion
2026-09-06 07:37:20 INFO  compared 1 datafile(s)
2026-09-06 07:37:20 INFO  Done.
canary blocks:   identical 313 differing 0 total 313

Key summary for variant_c (clone):
  MASTERKEYID : EC574AF166934D45AB5AC1F2267A297A
  Wrapped TEK : 059EFEB1BB6D72140B68FD768F80105B37BB912E84E6273E82227A027FD830F3

Key summary for baseline  (source):
  MASTERKEYID : EC574AF166934D45AB5AC1F2267A297A
  Wrapped TEK : 059EFEB1BB6D72140B68FD768F80105B37BB912E84E6273E82227A027FD830F3

TEK comparison: IDENTICAL

------------------------------------------------------------------------
VERDICT: PASS - TEK IDENTICAL and canary ciphertext IDENTICAL (identical 313 differing 0 total 313) - DUPLICATE preserved the existing TEK, no new TEK for encrypted source
------------------------------------------------------------------------
2026-09-06 07:37:22 INFO  Done.

========================================================================
  STEP 50: Variant D: RESTORE AS DECRYPTED + SET KEY + OFFLINE ENCRYPT
  Script: /Users/stefan.oehrli/Repos/own/oehrlis/oracle-free-labs/scripts/tde-verify/tests/50_variant_d.sh
  Time:   2026-09-06 07:37:22
========================================================================
2026-09-06 07:37:22 INFO  Starting 50_variant_d.sh 0.1.0

========================================================================
== Step 50: Variant D - RESTORE AS DECRYPTED + SET KEY + OFFLINE ENCRYPT
========================================================================
2026-09-06 07:37:22 INFO  control file autobackup: cf_c-1515292873-20260906-00

========================================================================
== Reset odbencdev
========================================================================
2026-09-06 07:37:22 INFO  resetting service 'odbencdev' ...
 Container odbencdev Stopping 
 Container odbencdev Stopped 
 Container odbencdev Removing 
 Container odbencdev Removed 
 Network oracle-free-labs_default Removing 
 Network oracle-free-labs_default Resource is still in use 
2026-09-06 07:37:25 INFO  removing /Users/stefan.oehrli/Repos/own/oehrlis/oracle-free-labs/data/odbencdev
2026-09-06 07:37:25 INFO  restored tracked files under data/odbencdev
2026-09-06 07:37:25 INFO  service 'odbencdev' reset complete
2026-09-06 07:37:25 INFO  starting service 'odbencdev' ...
 Container odbencdev Creating 
 Container odbencdev Created 
 Container odbencdev Starting 
 Container odbencdev Started 
2026-09-06 07:37:26 INFO  waiting for odbencdev to be ready (timeout 600s) ...
2026-09-06 07:39:30 INFO  odbencdev is ready

========================================================================
== RESTORE FORCE AS DECRYPTED (variant a base + decrypted clause)
========================================================================
2026-09-06 07:39:30 INFO  DBID: 1515292873
Database closed.
Database dismounted.
ORACLE instance shut down.
ORACLE instance started.

Total System Global Area 1603392144 bytes
Fixed Size		    5026448 bytes
Variable Size		  419430400 bytes
Database Buffers	 1174405120 bytes
Redo Buffers		    4530176 bytes
moved /opt/oracle/oradata/FREE/redo01.log
moved /opt/oracle/oradata/FREE/redo02.log
moved /opt/oracle/oradata/FREE/redo03.log

Recovery Manager: Release 23.26.3.0.0 - Production on Sun Sep 6 07:39:33 2026
Version 23.26.3.0.0

Copyright (c) 1982, 2026, Oracle and/or its affiliates.  All rights reserved.

connected to target database: FREE (not mounted)

RMAN> 

RMAN> SET DBID 1515292873;
executing command: SET DBID


RMAN> RUN {
2>   ALLOCATE CHANNEL c1 DEVICE TYPE DISK;
3>   SET CONTROLFILE AUTOBACKUP FORMAT FOR DEVICE TYPE DISK TO '/opt/oracle/xchange/backup/cf_%F';
4>   RESTORE CONTROLFILE FROM '/opt/oracle/xchange/backup/cf_c-1515292873-20260906-00';
5>   ALTER DATABASE MOUNT;
6>   RELEASE CHANNEL c1;
7> }
using target database control file instead of recovery catalog
allocated channel: c1
channel c1: SID=162 device type=DISK

executing command: SET CONTROLFILE AUTOBACKUP FORMAT

Starting restore at 06-SEP-26

channel c1: restoring control file
channel c1: restore complete, elapsed time: 00:00:01
output file name=/opt/oracle/oradata/FREE/control01.ctl
output file name=/opt/oracle/oradata/FREE/control02.ctl
Finished restore at 06-SEP-26

Statement processed

released channel: c1


RMAN> # CONFIGURE is a standalone command and is not allowed inside RUN.
2> # The restored control file carries the SOURCE autobackup path, so every
3> # autobackup this target triggers would land next to the source pieces under the
4> # same DBID. Redirect right after the mount, before recovery writes one.
5> CONFIGURE CONTROLFILE AUTOBACKUP FORMAT FOR DEVICE TYPE DISK TO '/opt/oracle/oradata/cf_target_%F';
old RMAN configuration parameters:
CONFIGURE CONTROLFILE AUTOBACKUP FORMAT FOR DEVICE TYPE DISK TO '/opt/oracle/xchange/backup/cf_%F';
new RMAN configuration parameters:
CONFIGURE CONTROLFILE AUTOBACKUP FORMAT FOR DEVICE TYPE DISK TO '/opt/oracle/oradata/cf_target_%F';
new RMAN configuration parameters are successfully stored


RMAN> SHOW CONTROLFILE AUTOBACKUP FORMAT;
RMAN configuration parameters for database with db_unique_name FREE are:
CONFIGURE CONTROLFILE AUTOBACKUP FORMAT FOR DEVICE TYPE DISK TO '/opt/oracle/oradata/cf_target_%F';


RMAN> EXIT


Recovery Manager complete.

keystore altered.


    CON_ID STATUS			  WALLET_TYPE
---------- ------------------------------ --------------------
	 1 OPEN 			  PASSWORD


Recovery Manager: Release 23.26.3.0.0 - Production on Sun Sep 6 07:39:36 2026
Version 23.26.3.0.0

Copyright (c) 1982, 2026, Oracle and/or its affiliates.  All rights reserved.

connected to target database: FREE (DBID=1515292873, not open)

RMAN> 

RMAN> RUN {
2>   ALLOCATE CHANNEL c1 DEVICE TYPE DISK;
3>   # No CATALOG here on purpose. Both containers mount the exchange directory at
4>   # the same path, so the restored control file already knows every source
5>   # piece. Cataloging the directory would also register any control file
6>   # autobackup a previous clone left there, and with it that clone incarnation.
7>   # Recovery then fails with ORA-19912, cannot recover to target incarnation.
8>   SET UNTIL SEQUENCE 6 THREAD 1;
9>   RESTORE DATABASE FORCE AS DECRYPTED;
10>   RECOVER DATABASE;
11>   RELEASE CHANNEL c1;
12> }
using target database control file instead of recovery catalog
allocated channel: c1
channel c1: SID=4 device type=DISK

executing command: SET until clause (SEQUENCE)

Starting restore at 06-SEP-26

channel c1: starting datafile backup set restore
channel c1: specifying datafile(s) to restore from backup set
channel c1: restoring datafile 00001 to /opt/oracle/oradata/FREE/system01.dbf
channel c1: restoring datafile 00003 to /opt/oracle/oradata/FREE/sysaux01.dbf
channel c1: restoring datafile 00007 to /opt/oracle/oradata/FREE/users01.dbf
channel c1: restoring datafile 00011 to /opt/oracle/oradata/FREE/undotbs01.dbf
channel c1: reading from backup piece /opt/oracle/xchange/backup/02deui3d_2_1_1
channel c1: piece handle=/opt/oracle/xchange/backup/02deui3d_2_1_1 tag=TAG20260906T072741
channel c1: restored backup piece 1
channel c1: restore complete, elapsed time: 00:00:03
channel c1: starting datafile backup set restore
channel c1: specifying datafile(s) to restore from backup set
channel c1: restoring datafile 00016 to /opt/oracle/oradata/FREE/5ACAB80548401021E063020013ACDC24/datafile/o1_mf_system_o9sy8tq0_.dbf
channel c1: restoring datafile 00017 to /opt/oracle/oradata/FREE/5ACAB80548401021E063020013ACDC24/datafile/o1_mf_sysaux_o9sy8tq3_.dbf
channel c1: restoring datafile 00018 to /opt/oracle/oradata/FREE/5ACAB80548401021E063020013ACDC24/datafile/o1_mf_undotbs1_o9sy8tq4_.dbf
channel c1: restoring datafile 00019 to /opt/oracle/oradata/FREE/5ACAB80548401021E063020013ACDC24/datafile/o1_mf_audit_da_o9sy8xok_.dbf
channel c1: restoring datafile 00020 to /opt/oracle/oradata/FREE/5ACAB80548401021E063020013ACDC24/datafile/o1_mf_users_o9sy9kts_.dbf
channel c1: restoring datafile 00021 to /opt/oracle/oradata/FREE/5ACAB80548401021E063020013ACDC24/datafile/o1_mf_canary_p_o9syg4rr_.dbf
channel c1: reading from backup piece /opt/oracle/xchange/backup/03geui3g_3_1_1
channel c1: piece handle=/opt/oracle/xchange/backup/03geui3g_3_1_1 tag=TAG20260906T072741
channel c1: restored backup piece 1
channel c1: restore complete, elapsed time: 00:00:03
channel c1: starting datafile backup set restore
channel c1: specifying datafile(s) to restore from backup set
channel c1: restoring datafile 00002 to /opt/oracle/oradata/FREE/pdbseed/system01.dbf
channel c1: restoring datafile 00004 to /opt/oracle/oradata/FREE/pdbseed/sysaux01.dbf
channel c1: restoring datafile 00009 to /opt/oracle/oradata/FREE/pdbseed/undotbs01.dbf
channel c1: reading from backup piece /opt/oracle/xchange/backup/04heui3h_4_1_1
channel c1: piece handle=/opt/oracle/xchange/backup/04heui3h_4_1_1 tag=TAG20260906T072741
channel c1: restored backup piece 1
channel c1: restore complete, elapsed time: 00:00:01
Finished restore at 06-SEP-26

Starting recover at 06-SEP-26
datafile 20 not processed because file is read-only
datafile 21 not processed because file is read-only

starting media recovery

channel c1: starting archived log restore to default destination
channel c1: restoring archived log
archived log thread=1 sequence=5
channel c1: reading from backup piece /opt/oracle/xchange/backup/05ieui3i_5_1_1
channel c1: piece handle=/opt/oracle/xchange/backup/05ieui3i_5_1_1 tag=TAG20260906T072746
channel c1: restored backup piece 1
channel c1: restore complete, elapsed time: 00:00:01
recovery status time_needed 2026-09-06 07:27:41
archived log file name=/opt/oracle/product/26ai/dbhomeFree/dbs/arch1_5_1243236233.dbf thread=1 sequence=5
media recovery complete, elapsed time: 00:00:00
Finished recover at 06-SEP-26

released channel: c1


RMAN> EXIT


Recovery Manager complete.

Database altered.


      DBID NAME      OPEN_MODE		  LOG_MODE
---------- --------- -------------------- ------------
1515292873 FREE      READ WRITE 	  ARCHIVELOG

========================================================================
== Verify USERS is fully decrypted
========================================================================

Session altered.


TABLESPACE_NAME 	       ENC
------------------------------ ---
USERS			       NO


ENC_TS_COUNT
------------
	   0

========================================================================
== Reopen the keystore after RESETLOGS
========================================================================
2026-09-06 07:39:48 INFO  recreating the auto-login keystore in odbencdev

    CON_ID STATUS		WALLET_TYPE
---------- -------------------- ----------------
	 1 OPEN 		PASSWORD
	 2 CLOSED		UNKNOWN
	 4 OPEN 		PASSWORD
2026-09-06 07:39:49 INFO  keystore in odbencdev open via local auto-login

========================================================================
== SET KEY to dev-own MEK (CDB$ROOT and ODBENCPROD separately)
========================================================================

KEY_ID						       ORIGIN					     CON_ID
------------------------------------------------------ ----------------------------------------- ----------
AQbBvEA8/kJyuUn9246sO0UAAAAAAAAAAAAAAAAAAAAAAAAAAAAA   LOCAL						  1
AShK9NUmdUNumCkfoO/zUYAAAAAAAAAAAAAAAAAAAAAAAAAAAAAA   LOCAL						  1
AexXSvFmk01Fq1rB8iZ6KXoAAAAAAAAAAAAAAAAAAAAAAAAAAAAA   LOCAL						  4
AdxoxExnP0Ast4LP8tMprcQAAAAAAAAAAAAAAAAAAAAAAAAAAAAA   LOCAL						  4

========================================================================
== ALTER TABLESPACE USERS ENCRYPTION OFFLINE ENCRYPT
========================================================================

Session altered.


Tablespace altered.


Tablespace altered.


Tablespace altered.


Tablespace altered.


System altered.


TABLESPACE_NAME 	       STATUS	 ENC
------------------------------ --------- ---
USERS			       ONLINE	 YES

========================================================================
== Collect evidence set 'variant_d'
========================================================================
2026-09-06 07:39:58 INFO  collecting evidence set 'variant_d' from odbencdev
2026-09-06 07:39:58 INFO  Starting tde_evidence.sh 0.1.0
2026-09-06 07:39:58 INFO  evidence set 'variant_d' -> /Users/stefan.oehrli/Repos/own/oehrlis/oracle-free-labs/data/xchange/evidence/variant_d
2026-09-06 07:39:58 INFO  collecting key chain evidence from odbencdev (CDB$ROOT)

Session altered.

========================================================================
== TDE key chain evidence snapshot =====================================
========================================================================
== Identity of this database ===========================================

CONTAINER	     DB_NAME	  DB_UNIQUE_NAME	 DBID CREATED	LOG_MODE     OPEN_MODE
-------------------- ------------ ---------------- ---------- --------- ------------ --------------------
CDB$ROOT	     FREE	  FREE		   1515292873 06-SEP-26 ARCHIVELOG   READ WRITE

1 row selected.

== Keystore state from v$encryption_wallet =============================

WRL_TYPE WRL_PARAMETER								STATUS		   WALLET_TYPE	   KEYSTORE CON_ID
-------- ---------------------------------------------------------------------- ------------------ --------------- -------- ------
FILE	 /opt/oracle/dbconfig/FREE/wallet/tde/					OPEN		   PASSWORD	   NONE 	 1
FILE										CLOSED		   UNKNOWN	   UNITED	 2
FILE										OPEN		   PASSWORD	   UNITED	 4

3 rows selected.

== Master encryption keys from v$encryption_keys =======================

KEY_ID							 KEY_USE    KEYSTORE_TYPE  ORIGIN     BACKED_UP CREATION_TIME	       ACTIVATION_TIME
-------------------------------------------------------- ---------- -------------- ---------- --------- ---------------------- ----------------------
CREATOR_PDBNAME
--------------------------------------------------------------------------------------------------------------------------------
ACTIVATING_PDBNAME														 CON_ID
-------------------------------------------------------------------------------------------------------------------------------- ------
AQbBvEA8/kJyuUn9246sO0UAAAAAAAAAAAAAAAAAAAAAAAAAAAAA	 TDE IN PDB SOFTWARE KEYST LOCAL      YES	06.09.2026 05:25:02    06.09.2026 05:25:02
								    ORE
CDB$ROOT
CDB$ROOT															      1

AexXSvFmk01Fq1rB8iZ6KXoAAAAAAAAAAAAAAAAAAAAAAAAAAAAA	 TDE IN PDB SOFTWARE KEYST LOCAL      YES	06.09.2026 05:25:05    06.09.2026 05:25:05
								    ORE
ODBENCPROD
ODBENCPROD															      4

AShK9NUmdUNumCkfoO/zUYAAAAAAAAAAAAAAAAAAAAAAAAAAAAAA	 TDE IN PDB SOFTWARE KEYST LOCAL      YES	06.09.2026 05:39:49    06.09.2026 05:39:49
								    ORE
CDB$ROOT
CDB$ROOT															      1

AdxoxExnP0Ast4LP8tMprcQAAAAAAAAAAAAAAAAAAAAAAAAAAAAA	 TDE IN PDB SOFTWARE KEYST LOCAL      NO	06.09.2026 05:39:49    06.09.2026 05:39:49
								    ORE
ODBENCPROD
ODBENCPROD															      4


4 rows selected.

== Tablespace key chain from v$encrypted_tablespaces ===================

TS_NAME 		    TS# ENCRYPTI ENC MASTERKEYID_HEX			KEY_VERSION STATUS	       ENCRYPTEDKEY_HEX 						  BLOCKS_ENCRYPTED BLOCKS_DECRYPTED CON_ID
-------------------- ---------- -------- --- ---------------------------------- ----------- ------------------ ------------------------------------------------------------------ ---------------- ---------------- ------
USERS			      6 AES256	 YES DC68C44C673F402CB782CFF2D329ADC4		  3 NORMAL	       74D071CF0CC7E0A5B8F313C995484943EB7D84DE8B01BAEFC02F5FE56457C926 		 0		  1	 4

1 row selected.

== Full v$encrypted_tablespaces row (version specific columns) =========

       TS# ENCRYPTI ENC ENCRYPTEDKEY							 MASTERKEYID			  BLOCKS_ENCRYPTED BLOCKS_DECRYPTED KEY_VERSION STATUS		   CIPHERMODE	 CON_ID
---------- -------- --- ---------------------------------------------------------------- -------------------------------- ---------------- ---------------- ----------- ------------------ ------------- ------
	 6 AES256   YES 74D071CF0CC7E0A5B8F313C995484943EB7D84DE8B01BAEFC02F5FE56457C926 DC68C44C673F402CB782CFF2D329ADC4		 0		  1	      3 NORMAL		   XTS		      4

1 row selected.

== Implicit database key for SYSTEM / UNDO / TEMP ======================

ENCRYPTI ENCRYPTEDKEY											  MASTERKEYID			   MAS CIPHERMODE    CON_ID
-------- ------------------------------------------------------------------------------------------------ -------------------------------- --- ------------- ------
AES256	 0F35CD70BFAE671FA804670F6137DC8E7DD4DD8714E66C0978FFB705AEF56F4700000000000000000000000000000000 284AF4D52675436E98291FA0EFF35180 YES XTS		  1
NONE	 000000000000000000000000000000000000000000000000000000000000000000000000000000000000000000000000 00000000000000000000000000000000 NO  CFB		  2
AES256	 CC921B3FD10600C3F208266F5AFC322F5C6C4603D430FEF999B996211229FC7D00000000000000000000000000000000 DC68C44C673F402CB782CFF2D329ADC4 YES XTS		  4

3 rows selected.

== Datafiles of encrypted tablespaces ==================================

no rows selected

2026-09-06 07:39:58 INFO  collecting key chain evidence from odbencdev (PDB ODBENCPROD)

Session altered.


Session altered.

========================================================================
== TDE key chain evidence snapshot =====================================
========================================================================
== Identity of this database ===========================================

CONTAINER	     DB_NAME	  DB_UNIQUE_NAME	 DBID CREATED	LOG_MODE     OPEN_MODE
-------------------- ------------ ---------------- ---------- --------- ------------ --------------------
ODBENCPROD	     FREE	  FREE		   1515292873 06-SEP-26 ARCHIVELOG   READ WRITE

1 row selected.

== Keystore state from v$encryption_wallet =============================

WRL_TYPE WRL_PARAMETER								STATUS		   WALLET_TYPE	   KEYSTORE CON_ID
-------- ---------------------------------------------------------------------- ------------------ --------------- -------- ------
FILE										OPEN		   PASSWORD	   UNITED	 4

1 row selected.

== Master encryption keys from v$encryption_keys =======================

KEY_ID							 KEY_USE    KEYSTORE_TYPE  ORIGIN     BACKED_UP CREATION_TIME	       ACTIVATION_TIME
-------------------------------------------------------- ---------- -------------- ---------- --------- ---------------------- ----------------------
CREATOR_PDBNAME
--------------------------------------------------------------------------------------------------------------------------------
ACTIVATING_PDBNAME														 CON_ID
-------------------------------------------------------------------------------------------------------------------------------- ------
AexXSvFmk01Fq1rB8iZ6KXoAAAAAAAAAAAAAAAAAAAAAAAAAAAAA	 TDE IN PDB SOFTWARE KEYST LOCAL      YES	06.09.2026 05:25:05    06.09.2026 05:25:05
								    ORE
ODBENCPROD
ODBENCPROD															      4

AdxoxExnP0Ast4LP8tMprcQAAAAAAAAAAAAAAAAAAAAAAAAAAAAA	 TDE IN PDB SOFTWARE KEYST LOCAL      NO	06.09.2026 05:39:49    06.09.2026 05:39:49
								    ORE
ODBENCPROD
ODBENCPROD															      4


2 rows selected.

== Tablespace key chain from v$encrypted_tablespaces ===================

TS_NAME 		    TS# ENCRYPTI ENC MASTERKEYID_HEX			KEY_VERSION STATUS	       ENCRYPTEDKEY_HEX 						  BLOCKS_ENCRYPTED BLOCKS_DECRYPTED CON_ID
-------------------- ---------- -------- --- ---------------------------------- ----------- ------------------ ------------------------------------------------------------------ ---------------- ---------------- ------
USERS			      6 AES256	 YES DC68C44C673F402CB782CFF2D329ADC4		  3 NORMAL	       74D071CF0CC7E0A5B8F313C995484943EB7D84DE8B01BAEFC02F5FE56457C926 		 0		  1	 4

1 row selected.

== Full v$encrypted_tablespaces row (version specific columns) =========

       TS# ENCRYPTI ENC ENCRYPTEDKEY							 MASTERKEYID			  BLOCKS_ENCRYPTED BLOCKS_DECRYPTED KEY_VERSION STATUS		   CIPHERMODE	 CON_ID
---------- -------- --- ---------------------------------------------------------------- -------------------------------- ---------------- ---------------- ----------- ------------------ ------------- ------
	 6 AES256   YES 74D071CF0CC7E0A5B8F313C995484943EB7D84DE8B01BAEFC02F5FE56457C926 DC68C44C673F402CB782CFF2D329ADC4		 0		  1	      3 NORMAL		   XTS		      4

1 row selected.

== Implicit database key for SYSTEM / UNDO / TEMP ======================

ENCRYPTI ENCRYPTEDKEY											  MASTERKEYID			   MAS CIPHERMODE    CON_ID
-------- ------------------------------------------------------------------------------------------------ -------------------------------- --- ------------- ------
AES256	 CC921B3FD10600C3F208266F5AFC322F5C6C4603D430FEF999B996211229FC7D00000000000000000000000000000000 DC68C44C673F402CB782CFF2D329ADC4 YES XTS		  4

1 row selected.

== Datafiles of encrypted tablespaces ==================================

TS_NAME 	     RELATIVE_FNO FILE_NAME								     BLOCKS BLOCK_SIZE	    BYTES
-------------------- ------------ ---------------------------------------------------------------------- ---------- ---------- ----------
USERS			     1024 /opt/oracle/oradata/FREE/5ACAB80548401021E063020013ACDC24/datafile/o1_       2560	  8192	 20971520
				  mf_users_o9sy9kts_.dbf


1 row selected.

2026-09-06 07:39:58 INFO  listing datafiles of tablespace USERS in PDB ODBENCPROD
2026-09-06 07:39:59 INFO  found 1 datafile(s)
2026-09-06 07:39:59 INFO  fingerprinting o1_mf_users_o9sy9kts_.dbf (block size 8192)
wrote /Users/stefan.oehrli/Repos/own/oehrlis/oracle-free-labs/data/xchange/evidence/variant_d/o1_mf_users_o9sy9kts_.dbf.fp
2026-09-06 07:39:59 INFO  scanning o1_mf_users_o9sy9kts_.dbf for the clear-text marker
no hits - needle not present as plaintext in this datafile
2026-09-06 07:39:59 INFO  manifest written to /Users/stefan.oehrli/Repos/own/oehrlis/oracle-free-labs/data/xchange/evidence/variant_d/manifest.txt
2026-09-06 07:39:59 INFO  Done.

========================================================================
== Compare 'variant_d' vs 'baseline'
========================================================================
2026-09-06 07:39:59 INFO  comparing evidence sets 'baseline' vs 'variant_d'
2026-09-06 07:39:59 INFO  Starting tde_evidence.sh 0.1.0

== Block-level ciphertext comparison ==
A: baseline/o1_mf_users_o9sy9kts_.dbf.fp
B: variant_d/o1_mf_users_o9sy9kts_.dbf.fp
block_size A/B: 8192/8192
blocks compared: 2561
identical: 1406
differing: 1155
first differing blocks: [0, 1, 1408, 1409, 1410, 1411, 1412, 1413, 1414, 1415, 1416, 1417, 1418, 1419, 1420, 1421, 1422, 1423, 1424, 1425]
... and 1135 more
verdict: MIXED - 1155 of 2561 blocks changed; inspect which ranges differ before drawing a conclusion
2026-09-06 07:40:00 INFO  compared 1 datafile(s)
2026-09-06 07:40:00 INFO  Done.
canary blocks:   identical 313 differing 0 total 313

Key summary for variant_d (clone):
  MASTERKEYID : DC68C44C673F402CB782CFF2D329ADC4
  Wrapped TEK : 74D071CF0CC7E0A5B8F313C995484943EB7D84DE8B01BAEFC02F5FE56457C926

Key summary for baseline  (source):
  MASTERKEYID : EC574AF166934D45AB5AC1F2267A297A
  Wrapped TEK : 059EFEB1BB6D72140B68FD768F80105B37BB912E84E6273E82227A027FD830F3

Wrapped TEK:     DIFFERENT (expected - re-wrapped under the new dev MEK)
MASTERKEYID:     DIFFERENT (expected - a new dev MEK was set)
Note:            the wrapped TEK is not evidence either way - it
                 changes on a pure re-wrap as well. The verdict is
                 taken from the canary ciphertext above.

------------------------------------------------------------------------
VERDICT: PASS - canary ciphertext IDENTICAL (identical 313 differing 0 total 313) - the OFFLINE DECRYPT/ENCRYPT cycle reproduces the source ciphertext, so the tablespace key material is unchanged; the differing wrapped TEK is the re-wrap under the new dev MEK
------------------------------------------------------------------------
2026-09-06 07:40:01 INFO  Done.

========================================================================
  STEP 60: Variant F: chain-breaking path (new TEK)
  Script: /Users/stefan.oehrli/Repos/own/oehrlis/oracle-free-labs/scripts/tde-verify/tests/60_variant_f.sh
  Time:   2026-09-06 07:40:02
========================================================================
2026-09-06 07:40:02 INFO  Starting 60_variant_f.sh 0.1.0

========================================================================
== Step 60: Variant F - chain-breaking path (new TEK)
========================================================================

========================================================================
== Reset odbencdev
========================================================================
2026-09-06 07:40:02 INFO  resetting service 'odbencdev' ...
 Container odbencdev Stopping 
 Container odbencdev Stopped 
 Container odbencdev Removing 
 Container odbencdev Removed 
 Network oracle-free-labs_default Removing 
 Network oracle-free-labs_default Resource is still in use 
2026-09-06 07:40:05 INFO  removing /Users/stefan.oehrli/Repos/own/oehrlis/oracle-free-labs/data/odbencdev
2026-09-06 07:40:05 INFO  restored tracked files under data/odbencdev
2026-09-06 07:40:05 INFO  service 'odbencdev' reset complete
2026-09-06 07:40:05 INFO  starting service 'odbencdev' ...
 Container odbencdev Creating 
 Container odbencdev Created 
 Container odbencdev Starting 
 Container odbencdev Started 
2026-09-06 07:40:06 INFO  waiting for odbencdev to be ready (timeout 600s) ...
2026-09-06 07:42:09 INFO  odbencdev is ready

========================================================================
== Phase 1: Variant A base (RESTORE with prod keystore)
========================================================================
2026-09-06 07:42:10 INFO  Starting tde_clone.sh 0.1.0
2026-09-06 07:42:10 INFO  variant a: replacing the target keystore with the source keystore
2026-09-06 07:42:10 INFO  backing the target keystore up to /opt/oracle/xchange/wallet_dev_pristine
2026-09-06 07:42:10 INFO  backup verified, keystore file present and non-empty
2026-09-06 07:42:10 INFO  staging the source keystore into /opt/oracle/dbconfig/FREE/wallet
2026-09-06 07:42:10 INFO  shutting the target down and starting it NOMOUNT
Database closed.
Database dismounted.
ORACLE instance shut down.
ORACLE instance started.

Total System Global Area 1603392144 bytes
Fixed Size		    5026448 bytes
Variable Size		  419430400 bytes
Database Buffers	 1174405120 bytes
Redo Buffers		    4530176 bytes
2026-09-06 07:42:13 INFO  moving stale online redo logs to /opt/oracle/xchange/stale_redo_odbencdev
moved /opt/oracle/oradata/FREE/redo01.log
moved /opt/oracle/oradata/FREE/redo02.log
moved /opt/oracle/oradata/FREE/redo03.log
2026-09-06 07:42:14 INFO  restoring the source control file and mounting
2026-09-06 07:42:14 INFO  control file autobackup: cf_c-1515292873-20260906-00

Recovery Manager: Release 23.26.3.0.0 - Production on Sun Sep 6 07:42:14 2026
Version 23.26.3.0.0

Copyright (c) 1982, 2026, Oracle and/or its affiliates.  All rights reserved.

connected to target database: FREE (not mounted)

RMAN> 

RMAN> SET DBID 1515292873;
executing command: SET DBID


RMAN> RUN {
2>   ALLOCATE CHANNEL c1 DEVICE TYPE DISK;
3>   SET CONTROLFILE AUTOBACKUP FORMAT FOR DEVICE TYPE DISK TO '/opt/oracle/xchange/backup/cf_%F';
4>   RESTORE CONTROLFILE FROM '/opt/oracle/xchange/backup/cf_c-1515292873-20260906-00';
5>   ALTER DATABASE MOUNT;
6>   RELEASE CHANNEL c1;
7> }
using target database control file instead of recovery catalog
allocated channel: c1
channel c1: SID=162 device type=DISK

executing command: SET CONTROLFILE AUTOBACKUP FORMAT

Starting restore at 06-SEP-26

channel c1: restoring control file
channel c1: restore complete, elapsed time: 00:00:01
output file name=/opt/oracle/oradata/FREE/control01.ctl
output file name=/opt/oracle/oradata/FREE/control02.ctl
Finished restore at 06-SEP-26

Statement processed

released channel: c1


RMAN> EXIT


Recovery Manager complete.

Recovery Manager: Release 23.26.3.0.0 - Production on Sun Sep 6 07:42:16 2026
Version 23.26.3.0.0

Copyright (c) 1982, 2026, Oracle and/or its affiliates.  All rights reserved.

connected to target database: FREE (DBID=1515292873, not open)

RMAN> 

RMAN> CONFIGURE CONTROLFILE AUTOBACKUP FORMAT FOR DEVICE TYPE DISK TO '/opt/oracle/oradata/cf_target_%F';
using target database control file instead of recovery catalog
old RMAN configuration parameters:
CONFIGURE CONTROLFILE AUTOBACKUP FORMAT FOR DEVICE TYPE DISK TO '/opt/oracle/xchange/backup/cf_%F';
new RMAN configuration parameters:
CONFIGURE CONTROLFILE AUTOBACKUP FORMAT FOR DEVICE TYPE DISK TO '/opt/oracle/oradata/cf_target_%F';
new RMAN configuration parameters are successfully stored


RMAN> EXIT


Recovery Manager complete.
2026-09-06 07:42:16 INFO  opening the target keystore with the stored keystore password

    CON_ID STATUS	  WALLET_TYPE
---------- -------------- ----------------
	 1 OPEN 	  PASSWORD
2026-09-06 07:42:17 INFO  cataloging the backup pieces

Recovery Manager: Release 23.26.3.0.0 - Production on Sun Sep 6 07:42:17 2026
Version 23.26.3.0.0

Copyright (c) 1982, 2026, Oracle and/or its affiliates.  All rights reserved.

connected to target database: FREE (DBID=1515292873, not open)

RMAN> 

RMAN> RUN {
2>   ALLOCATE CHANNEL c1 DEVICE TYPE DISK;
3>   # No CATALOG: both containers see the exchange directory at the same path, so
4>   # the restored control file already knows the source pieces. Cataloging would
5>   # also pick up a previous clone's control file autobackup and its incarnation,
6>   # which makes recovery fail with ORA-19912.
7>   RELEASE CHANNEL c1;
8> }
using target database control file instead of recovery catalog
allocated channel: c1
channel c1: SID=4 device type=DISK

released channel: c1


RMAN> EXIT


Recovery Manager complete.
2026-09-06 07:42:18 INFO  restoring with: RESTORE DATABASE;
2026-09-06 07:42:18 INFO  recovery will stop before archived log sequence 6

Recovery Manager: Release 23.26.3.0.0 - Production on Sun Sep 6 07:42:18 2026
Version 23.26.3.0.0

Copyright (c) 1982, 2026, Oracle and/or its affiliates.  All rights reserved.

connected to target database: FREE (DBID=1515292873, not open)

RMAN> 

RMAN> RUN {
2>   ALLOCATE CHANNEL c1 DEVICE TYPE DISK;
3>   SET UNTIL SEQUENCE 6 THREAD 1;
4>   RESTORE DATABASE;
5>   RECOVER DATABASE;
6>   RELEASE CHANNEL c1;
7> }
using target database control file instead of recovery catalog
allocated channel: c1
channel c1: SID=37 device type=DISK

executing command: SET until clause (SEQUENCE)

Starting restore at 06-SEP-26

channel c1: starting datafile backup set restore
channel c1: specifying datafile(s) to restore from backup set
channel c1: restoring datafile 00001 to /opt/oracle/oradata/FREE/system01.dbf
channel c1: restoring datafile 00003 to /opt/oracle/oradata/FREE/sysaux01.dbf
channel c1: restoring datafile 00007 to /opt/oracle/oradata/FREE/users01.dbf
channel c1: restoring datafile 00011 to /opt/oracle/oradata/FREE/undotbs01.dbf
channel c1: reading from backup piece /opt/oracle/xchange/backup/02deui3d_2_1_1
channel c1: piece handle=/opt/oracle/xchange/backup/02deui3d_2_1_1 tag=TAG20260906T072741
channel c1: restored backup piece 1
channel c1: restore complete, elapsed time: 00:00:03
channel c1: starting datafile backup set restore
channel c1: specifying datafile(s) to restore from backup set
channel c1: restoring datafile 00016 to /opt/oracle/oradata/FREE/5ACAB80548401021E063020013ACDC24/datafile/o1_mf_system_o9sy8tq0_.dbf
channel c1: restoring datafile 00017 to /opt/oracle/oradata/FREE/5ACAB80548401021E063020013ACDC24/datafile/o1_mf_sysaux_o9sy8tq3_.dbf
channel c1: restoring datafile 00018 to /opt/oracle/oradata/FREE/5ACAB80548401021E063020013ACDC24/datafile/o1_mf_undotbs1_o9sy8tq4_.dbf
channel c1: restoring datafile 00019 to /opt/oracle/oradata/FREE/5ACAB80548401021E063020013ACDC24/datafile/o1_mf_audit_da_o9sy8xok_.dbf
channel c1: restoring datafile 00020 to /opt/oracle/oradata/FREE/5ACAB80548401021E063020013ACDC24/datafile/o1_mf_users_o9sy9kts_.dbf
channel c1: restoring datafile 00021 to /opt/oracle/oradata/FREE/5ACAB80548401021E063020013ACDC24/datafile/o1_mf_canary_p_o9syg4rr_.dbf
channel c1: reading from backup piece /opt/oracle/xchange/backup/03geui3g_3_1_1
channel c1: piece handle=/opt/oracle/xchange/backup/03geui3g_3_1_1 tag=TAG20260906T072741
channel c1: restored backup piece 1
channel c1: restore complete, elapsed time: 00:00:03
channel c1: starting datafile backup set restore
channel c1: specifying datafile(s) to restore from backup set
channel c1: restoring datafile 00002 to /opt/oracle/oradata/FREE/pdbseed/system01.dbf
channel c1: restoring datafile 00004 to /opt/oracle/oradata/FREE/pdbseed/sysaux01.dbf
channel c1: restoring datafile 00009 to /opt/oracle/oradata/FREE/pdbseed/undotbs01.dbf
channel c1: reading from backup piece /opt/oracle/xchange/backup/04heui3h_4_1_1
channel c1: piece handle=/opt/oracle/xchange/backup/04heui3h_4_1_1 tag=TAG20260906T072741
channel c1: restored backup piece 1
channel c1: restore complete, elapsed time: 00:00:01
Finished restore at 06-SEP-26

Starting recover at 06-SEP-26
datafile 20 not processed because file is read-only
datafile 21 not processed because file is read-only

starting media recovery

channel c1: starting archived log restore to default destination
channel c1: restoring archived log
archived log thread=1 sequence=5
channel c1: reading from backup piece /opt/oracle/xchange/backup/05ieui3i_5_1_1
channel c1: piece handle=/opt/oracle/xchange/backup/05ieui3i_5_1_1 tag=TAG20260906T072746
channel c1: restored backup piece 1
channel c1: restore complete, elapsed time: 00:00:01
recovery status time_needed 2026-09-06 07:27:41
archived log file name=/opt/oracle/product/26ai/dbhomeFree/dbs/arch1_5_1243236233.dbf thread=1 sequence=5
media recovery complete, elapsed time: 00:00:00
Finished recover at 06-SEP-26

released channel: c1


RMAN> EXIT


Recovery Manager complete.
2026-09-06 07:42:27 INFO  opening the target with RESETLOGS

Database altered.


Pluggable database altered.


      DBID NAME      OPEN_MODE		  LOG_MODE
---------- --------- -------------------- ------------
1515292873 FREE      READ WRITE 	  ARCHIVELOG

2026-09-06 07:42:30 INFO  recreating the auto-login keystore on the target host

    CON_ID STATUS		WALLET_TYPE
---------- -------------------- ----------------
	 1 OPEN 		PASSWORD
	 2 CLOSED		UNKNOWN
	 4 OPEN 		PASSWORD
2026-09-06 07:42:30 INFO  target keystore open via local auto-login
2026-09-06 07:42:30 INFO  Done.

========================================================================
== Phase 2: OFFLINE DECRYPT USERS
========================================================================

Session altered.


Tablespace altered.


Tablespace altered.


Tablespace altered.


Tablespace altered.


System altered.


ENC_TS_REMAINING
----------------
	       0
2026-09-06 07:42:39 INFO  Gate OK: V$ENCRYPTED_TABLESPACES = 0 rows, all tablespaces decrypted

========================================================================
== Phase 2b: swap the PDB undo tablespace to drop encrypted undo
========================================================================

Session altered.


Tablespace created.


System altered.
2026-09-06 07:42:39 INFO  old undo tablespace dropped on attempt 1

Session altered.


TABLESPACE_NAME 	       STATUS	 CONTENTS
------------------------------ --------- ---------------------
UNDOTBS_CLEAN		       ONLINE	 UNDO

1 row selected.

========================================================================
== Phase 3: Remove prod keystore, create fresh dev keystore
========================================================================
prod keystore moved to /opt/oracle/xchange/wallet_prod_used_f
fresh empty keystore directory: /opt/oracle/dbconfig/FREE/wallet/tde

========================================================================
== Restart instance to drop the auto-login keystore from memory
========================================================================
Database closed.
Database dismounted.
ORACLE instance shut down.
ORACLE instance started.

Total System Global Area 1603392144 bytes
Fixed Size		    5026448 bytes
Variable Size		  436207616 bytes
Database Buffers	 1157627904 bytes
Redo Buffers		    4530176 bytes
Database mounted.
Database opened.

Pluggable database altered.


    CON_ID STATUS			  WALLET_TYPE
---------- ------------------------------ --------------------
	 1 NOT_AVAILABLE		  UNKNOWN
	 2 NOT_AVAILABLE		  UNKNOWN
	 4 NOT_AVAILABLE		  UNKNOWN


keystore altered.


keystore altered.


no rows selected


========================================================================
== Phase 4+5: In PDB - _db_discard_lost_masterkey + SET KEY
========================================================================

Session altered.


System altered.


keystore altered.


    CON_ID
----------
KEY_ID
------------------------------------------------------------------------------
KEYSTORE_TYPE	  ORIGIN
----------------- -----------------------------------------
	 4
AcejigwGU0lfiCZxvy7ZdKMAAAAAAAAAAAAAAAAAAAAAAAAAAAAA
SOFTWARE KEYSTORE LOCAL



PROD_KEYS_REMAINING
-------------------
		  0


========================================================================
== Phase 6: OFFLINE ENCRYPT USERS
========================================================================

Session altered.


Tablespace altered.


Tablespace altered.


Tablespace altered.


System altered.


TABLESPACE_NAME 	       STATUS	 ENC
------------------------------ --------- ---
USERS			       ONLINE	 YES


RAWTOHEX(MASTERKEYID)
--------------------------------
RAWTOHEX(ENCRYPTEDKEY)						 KEY_VERSION
---------------------------------------------------------------- -----------
C7A38A0C0653495F882671BF2ED974A3
A0BB56AF4790B1C12B2F21D8263CBBE470EA04CDCBE7DCE5A062F6C177D8E2AC	   3

========================================================================
== Collect evidence set 'variant_f'
========================================================================
2026-09-06 07:42:54 INFO  collecting evidence set 'variant_f' from odbencdev
2026-09-06 07:42:54 INFO  Starting tde_evidence.sh 0.1.0
2026-09-06 07:42:54 INFO  evidence set 'variant_f' -> /Users/stefan.oehrli/Repos/own/oehrlis/oracle-free-labs/data/xchange/evidence/variant_f
2026-09-06 07:42:54 INFO  collecting key chain evidence from odbencdev (CDB$ROOT)

Session altered.

========================================================================
== TDE key chain evidence snapshot =====================================
========================================================================
== Identity of this database ===========================================

CONTAINER	     DB_NAME	  DB_UNIQUE_NAME	 DBID CREATED	LOG_MODE     OPEN_MODE
-------------------- ------------ ---------------- ---------- --------- ------------ --------------------
CDB$ROOT	     FREE	  FREE		   1515292873 06-SEP-26 ARCHIVELOG   READ WRITE

1 row selected.

== Keystore state from v$encryption_wallet =============================

WRL_TYPE WRL_PARAMETER								STATUS		   WALLET_TYPE	   KEYSTORE CON_ID
-------- ---------------------------------------------------------------------- ------------------ --------------- -------- ------
FILE	 /opt/oracle/dbconfig/FREE/wallet/tde/					OPEN		   PASSWORD	   NONE 	 1
FILE										OPEN		   PASSWORD	   UNITED	 2
FILE										OPEN		   PASSWORD	   UNITED	 4

3 rows selected.

== Master encryption keys from v$encryption_keys =======================

KEY_ID							 KEY_USE    KEYSTORE_TYPE  ORIGIN     BACKED_UP CREATION_TIME	       ACTIVATION_TIME
-------------------------------------------------------- ---------- -------------- ---------- --------- ---------------------- ----------------------
CREATOR_PDBNAME
--------------------------------------------------------------------------------------------------------------------------------
ACTIVATING_PDBNAME														 CON_ID
-------------------------------------------------------------------------------------------------------------------------------- ------
AcejigwGU0lfiCZxvy7ZdKMAAAAAAAAAAAAAAAAAAAAAAAAAAAAA	 TDE IN PDB SOFTWARE KEYST LOCAL      NO	06.09.2026 05:42:45    06.09.2026 05:42:45
								    ORE
ODBENCPROD
ODBENCPROD															      4


1 row selected.

== Tablespace key chain from v$encrypted_tablespaces ===================

TS_NAME 		    TS# ENCRYPTI ENC MASTERKEYID_HEX			KEY_VERSION STATUS	       ENCRYPTEDKEY_HEX 						  BLOCKS_ENCRYPTED BLOCKS_DECRYPTED CON_ID
-------------------- ---------- -------- --- ---------------------------------- ----------- ------------------ ------------------------------------------------------------------ ---------------- ---------------- ------
USERS			      6 AES256	 YES C7A38A0C0653495F882671BF2ED974A3		  3 NORMAL	       A0BB56AF4790B1C12B2F21D8263CBBE470EA04CDCBE7DCE5A062F6C177D8E2AC 		 0		  1	 4

1 row selected.

== Full v$encrypted_tablespaces row (version specific columns) =========

       TS# ENCRYPTI ENC ENCRYPTEDKEY							 MASTERKEYID			  BLOCKS_ENCRYPTED BLOCKS_DECRYPTED KEY_VERSION STATUS		   CIPHERMODE	 CON_ID
---------- -------- --- ---------------------------------------------------------------- -------------------------------- ---------------- ---------------- ----------- ------------------ ------------- ------
	 6 AES256   YES A0BB56AF4790B1C12B2F21D8263CBBE470EA04CDCBE7DCE5A062F6C177D8E2AC C7A38A0C0653495F882671BF2ED974A3		 0		  1	      3 NORMAL		   XTS		      4

1 row selected.

== Implicit database key for SYSTEM / UNDO / TEMP ======================

ENCRYPTI ENCRYPTEDKEY											  MASTERKEYID			   MAS CIPHERMODE    CON_ID
-------- ------------------------------------------------------------------------------------------------ -------------------------------- --- ------------- ------
AES256	 B045728506A501E21FD577C3A9DA902B10069DB2CE11FE2ED0DA4E8ACF099CC900000000000000000000000000000000 06C1BC403CFE4272B949FDDB8EAC3B45 YES XTS		  1
NONE	 000000000000000000000000000000000000000000000000000000000000000000000000000000000000000000000000 00000000000000000000000000000000 NO  CFB		  2
AES256	 A0BB56AF4790B1C12B2F21D8263CBBE470EA04CDCBE7DCE5A062F6C177D8E2AC00000000000000000000000000000000 C7A38A0C0653495F882671BF2ED974A3 YES XTS		  4

3 rows selected.

== Datafiles of encrypted tablespaces ==================================

no rows selected

2026-09-06 07:42:54 INFO  collecting key chain evidence from odbencdev (PDB ODBENCPROD)

Session altered.


Session altered.

========================================================================
== TDE key chain evidence snapshot =====================================
========================================================================
== Identity of this database ===========================================

CONTAINER	     DB_NAME	  DB_UNIQUE_NAME	 DBID CREATED	LOG_MODE     OPEN_MODE
-------------------- ------------ ---------------- ---------- --------- ------------ --------------------
ODBENCPROD	     FREE	  FREE		   1515292873 06-SEP-26 ARCHIVELOG   READ WRITE

1 row selected.

== Keystore state from v$encryption_wallet =============================

WRL_TYPE WRL_PARAMETER								STATUS		   WALLET_TYPE	   KEYSTORE CON_ID
-------- ---------------------------------------------------------------------- ------------------ --------------- -------- ------
FILE										OPEN		   PASSWORD	   UNITED	 4

1 row selected.

== Master encryption keys from v$encryption_keys =======================

KEY_ID							 KEY_USE    KEYSTORE_TYPE  ORIGIN     BACKED_UP CREATION_TIME	       ACTIVATION_TIME
-------------------------------------------------------- ---------- -------------- ---------- --------- ---------------------- ----------------------
CREATOR_PDBNAME
--------------------------------------------------------------------------------------------------------------------------------
ACTIVATING_PDBNAME														 CON_ID
-------------------------------------------------------------------------------------------------------------------------------- ------
AcejigwGU0lfiCZxvy7ZdKMAAAAAAAAAAAAAAAAAAAAAAAAAAAAA	 TDE IN PDB SOFTWARE KEYST LOCAL      NO	06.09.2026 05:42:45    06.09.2026 05:42:45
								    ORE
ODBENCPROD
ODBENCPROD															      4


1 row selected.

== Tablespace key chain from v$encrypted_tablespaces ===================

TS_NAME 		    TS# ENCRYPTI ENC MASTERKEYID_HEX			KEY_VERSION STATUS	       ENCRYPTEDKEY_HEX 						  BLOCKS_ENCRYPTED BLOCKS_DECRYPTED CON_ID
-------------------- ---------- -------- --- ---------------------------------- ----------- ------------------ ------------------------------------------------------------------ ---------------- ---------------- ------
USERS			      6 AES256	 YES C7A38A0C0653495F882671BF2ED974A3		  3 NORMAL	       A0BB56AF4790B1C12B2F21D8263CBBE470EA04CDCBE7DCE5A062F6C177D8E2AC 		 0		  1	 4

1 row selected.

== Full v$encrypted_tablespaces row (version specific columns) =========

       TS# ENCRYPTI ENC ENCRYPTEDKEY							 MASTERKEYID			  BLOCKS_ENCRYPTED BLOCKS_DECRYPTED KEY_VERSION STATUS		   CIPHERMODE	 CON_ID
---------- -------- --- ---------------------------------------------------------------- -------------------------------- ---------------- ---------------- ----------- ------------------ ------------- ------
	 6 AES256   YES A0BB56AF4790B1C12B2F21D8263CBBE470EA04CDCBE7DCE5A062F6C177D8E2AC C7A38A0C0653495F882671BF2ED974A3		 0		  1	      3 NORMAL		   XTS		      4

1 row selected.

== Implicit database key for SYSTEM / UNDO / TEMP ======================

ENCRYPTI ENCRYPTEDKEY											  MASTERKEYID			   MAS CIPHERMODE    CON_ID
-------- ------------------------------------------------------------------------------------------------ -------------------------------- --- ------------- ------
AES256	 A0BB56AF4790B1C12B2F21D8263CBBE470EA04CDCBE7DCE5A062F6C177D8E2AC00000000000000000000000000000000 C7A38A0C0653495F882671BF2ED974A3 YES XTS		  4

1 row selected.

== Datafiles of encrypted tablespaces ==================================

TS_NAME 	     RELATIVE_FNO FILE_NAME								     BLOCKS BLOCK_SIZE	    BYTES
-------------------- ------------ ---------------------------------------------------------------------- ---------- ---------- ----------
USERS			     1024 /opt/oracle/oradata/FREE/5ACAB80548401021E063020013ACDC24/datafile/o1_       2560	  8192	 20971520
				  mf_users_o9sy9kts_.dbf


1 row selected.

2026-09-06 07:42:54 INFO  listing datafiles of tablespace USERS in PDB ODBENCPROD
2026-09-06 07:42:55 INFO  found 1 datafile(s)
2026-09-06 07:42:55 INFO  fingerprinting o1_mf_users_o9sy9kts_.dbf (block size 8192)
wrote /Users/stefan.oehrli/Repos/own/oehrlis/oracle-free-labs/data/xchange/evidence/variant_f/o1_mf_users_o9sy9kts_.dbf.fp
2026-09-06 07:42:55 INFO  scanning o1_mf_users_o9sy9kts_.dbf for the clear-text marker
no hits - needle not present as plaintext in this datafile
2026-09-06 07:42:55 INFO  manifest written to /Users/stefan.oehrli/Repos/own/oehrlis/oracle-free-labs/data/xchange/evidence/variant_f/manifest.txt
2026-09-06 07:42:55 INFO  Done.

========================================================================
== Compare 'variant_f' vs 'baseline' (expect DIFFERENT)
========================================================================
2026-09-06 07:42:55 INFO  comparing evidence sets 'baseline' vs 'variant_f'
2026-09-06 07:42:55 INFO  Starting tde_evidence.sh 0.1.0

== Block-level ciphertext comparison ==
A: baseline/o1_mf_users_o9sy9kts_.dbf.fp
B: variant_f/o1_mf_users_o9sy9kts_.dbf.fp
block_size A/B: 8192/8192
blocks compared: 2561
identical: 0
differing: 2561
first differing blocks: [0, 1, 2, 3, 4, 5, 6, 7, 8, 9, 10, 11, 12, 13, 14, 15, 16, 17, 18, 19]
... and 2541 more
verdict: RE-ENCRYPT INDICATED - every comparable block changed
2026-09-06 07:42:56 INFO  compared 1 datafile(s)
2026-09-06 07:42:56 INFO  Done.
canary blocks:   identical 0 differing 313 total 313 (expect all differing)

Key summary for variant_f (clone):
  MASTERKEYID : C7A38A0C0653495F882671BF2ED974A3
  Wrapped TEK : A0BB56AF4790B1C12B2F21D8263CBBE470EA04CDCBE7DCE5A062F6C177D8E2AC

Key summary for baseline  (source):
  MASTERKEYID : EC574AF166934D45AB5AC1F2267A297A
  Wrapped TEK : 059EFEB1BB6D72140B68FD768F80105B37BB912E84E6273E82227A027FD830F3

TEK comparison: DIFFERENT (expected)

------------------------------------------------------------------------
VERDICT: PASS - TEK DIFFERS and the canary ciphertext changed with it (identical 0 differing 313 total 313) - new key material, chain broken. Same OFFLINE ENCRYPT as variant D, which reproduced the ciphertext: the difference is the renewed Database Key
------------------------------------------------------------------------
2026-09-06 07:42:57 INFO  Done.

========================================================================
  STEP 61: PDB testbed: create PDBCLONE with canary tables and c##clone user
  Script: /Users/stefan.oehrli/Repos/own/oehrlis/oracle-free-labs/scripts/tde-verify/tests/61_pdb_testbed.sh
  Time:   2026-09-06 07:42:57
========================================================================
2026-09-06 07:42:58 INFO  Starting 61_pdb_testbed.sh 0.1.0

========================================================================
== Step 61: PDB testbed - create PDBCLONE with canary tables
========================================================================
2026-09-06 07:42:58 INFO  db_create_file_dest set to /opt/oracle/oradata in odbencprod

========================================================================
== Drop PDBCLONE if exists (idempotency)
========================================================================
ALTER PLUGGABLE DATABASE PDBCLONE CLOSE IMMEDIATE
*
ERROR at line 1:
ORA-65011: Pluggable database PDBCLONE does not exist.
Help: https://docs.oracle.com/error-help/db/ora-65011/


DROP PLUGGABLE DATABASE PDBCLONE INCLUDING DATAFILES
*
ERROR at line 1:
ORA-65011: Pluggable database PDBCLONE does not exist.
Help: https://docs.oracle.com/error-help/db/ora-65011/



STATUS
--------------------------
PDBCLONE drop attempt done

========================================================================
== Create PDB PDBCLONE
========================================================================

Pluggable database created.


Pluggable database altered.


Pluggable database altered.


NAME
--------------------------------------------------------------------------------
OPEN_MODE
----------
PDBCLONE
READ WRITE



========================================================================
== Set master key for PDBCLONE
========================================================================

Session altered.


keystore altered.


    CON_ID
----------
KEY_ID
------------------------------------------------------------------------------
ORIGIN
-----------------------------------------
	 3
AafZVKX1uUI9jE75CE2uNH0AAAAAAAAAAAAAAAAAAAAAAAAAAAAA
LOCAL



========================================================================
== Create tablespaces CLONE_ENC and CLONE_PLAIN in PDBCLONE
========================================================================

Session altered.

DROP TABLESPACE CLONE_ENC INCLUDING CONTENTS AND DATAFILES
*
ERROR at line 1:
ORA-00959: tablespace 'CLONE_ENC' does not exist
Help: https://docs.oracle.com/error-help/db/ora-00959/


DROP TABLESPACE CLONE_PLAIN INCLUDING CONTENTS AND DATAFILES
*
ERROR at line 1:
ORA-00959: tablespace 'CLONE_PLAIN' does not exist
Help: https://docs.oracle.com/error-help/db/ora-00959/



Tablespace created.


Tablespace created.


TABLESPACE_NAME 	       ENC
------------------------------ ---
CLONE_ENC		       YES
CLONE_PLAIN		       NO

========================================================================
== Create canary schema SCOTT in PDBCLONE
========================================================================

Session altered.


User created.


Grant succeeded.


User altered.


User altered.


USERNAME
--------------------------------------------------------------------------------
ACCOUNT_STATUS
--------------------------------
SCOTT
OPEN

========================================================================
== Create canary in CLONE_ENC (encrypted)
========================================================================

Session altered.

========================================================================
== Create canary table SCOTT.CANARY_CLONEENC in CLONE_ENC
========================================================================
no existing SCOTT.CANARY_CLONEENC to drop

PL/SQL procedure successfully completed.


Table created.


5000 rows created.


Commit complete.

== Row count and segment size ==========================================

CANARY_ROWS
-----------
       5000

1 row selected.


OWNER		     TABLE_NAME 	  TS_NAME		   BLOCKS      BYTES
-------------------- -------------------- -------------------- ---------- ----------
SCOTT		     CANARY_CLONEENC	  CLONE_ENC		      384    3145728

1 row selected.

== Physical block range of the canary rows =============================

RELATIVE_FNO  MIN_BLOCK  MAX_BLOCK DISTINCT_BLOCKS ROWS_TOTAL
------------ ---------- ---------- --------------- ----------
	   0	    779       1279	       313	 5000

1 row selected.

== Datafile holding the canary ==========================================

RELATIVE_FNO FILE_NAME								    BLOCK_SIZE	   BLOCKS      BYTES
------------ ---------------------------------------------------------------------- ---------- ---------- ----------
	1024 /opt/oracle/oradata/FREE/5ACAF9601D5918F5E063020013ACA1B1/datafile/o1_	  8192	     6400   52428800
	     mf_clone_en_o9szc71g_.dbf


1 row selected.

== Marker for the host side plain-text scan ============================

MARKER
----------------------------------------
OEHRLI-CANARY-2026-09-03

1 row selected.

========================================================================
== Create canary in CLONE_PLAIN (plain control)
========================================================================

Session altered.

========================================================================
== Create canary table SCOTT.CANARY_CLONEPLAIN in CLONE_PLAIN
========================================================================
no existing SCOTT.CANARY_CLONEPLAIN to drop

PL/SQL procedure successfully completed.


Table created.


5000 rows created.


Commit complete.

== Row count and segment size ==========================================

CANARY_ROWS
-----------
       5000

1 row selected.


OWNER		     TABLE_NAME 	  TS_NAME		   BLOCKS      BYTES
-------------------- -------------------- -------------------- ---------- ----------
SCOTT		     CANARY_CLONEPLAIN	  CLONE_PLAIN		      384    3145728

1 row selected.

== Physical block range of the canary rows =============================

RELATIVE_FNO  MIN_BLOCK  MAX_BLOCK DISTINCT_BLOCKS ROWS_TOTAL
------------ ---------- ---------- --------------- ----------
	   0	    779       1279	       313	 5000

1 row selected.

== Datafile holding the canary ==========================================

RELATIVE_FNO FILE_NAME								    BLOCK_SIZE	   BLOCKS      BYTES
------------ ---------------------------------------------------------------------- ---------- ---------- ----------
	1024 /opt/oracle/oradata/FREE/5ACAF9601D5918F5E063020013ACA1B1/datafile/o1_	  8192	     6400   52428800
	     mf_clone_pl_o9szc742_.dbf


1 row selected.

== Marker for the host side plain-text scan ============================

MARKER
----------------------------------------
OEHRLI-CANARY-2026-09-03

1 row selected.

========================================================================
== Set CLONE_ENC and CLONE_PLAIN READ ONLY
========================================================================

Session altered.


Tablespace altered.


Tablespace altered.


TABLESPACE_NAME 	       STATUS
------------------------------ ---------
CLONE_ENC		       READ ONLY
CLONE_PLAIN		       READ ONLY

========================================================================
== Create common user c##clone
========================================================================
DROP USER c##clone CASCADE
          *
ERROR at line 1:
ORA-01918: user 'C##CLONE' does not exist
Help: https://docs.oracle.com/error-help/db/ora-01918/



User created.


Grant succeeded.


Grant succeeded.


USERNAME
--------------------------------------------------------------------------------
COM ACCOUNT_STATUS
--- --------------------------------
C##CLONE
YES OPEN



========================================================================
== Collect evidence set 'pdb_baseline'
========================================================================
2026-09-06 07:43:04 INFO  collecting evidence set 'pdb_baseline' from odbencprod
2026-09-06 07:43:04 INFO  Starting tde_evidence.sh 0.1.0
2026-09-06 07:43:04 INFO  evidence set 'pdb_baseline' -> /Users/stefan.oehrli/Repos/own/oehrlis/oracle-free-labs/data/xchange/evidence/pdb_baseline
2026-09-06 07:43:04 INFO  collecting key chain evidence from odbencprod (CDB$ROOT)

Session altered.

========================================================================
== TDE key chain evidence snapshot =====================================
========================================================================
== Identity of this database ===========================================

CONTAINER	     DB_NAME	  DB_UNIQUE_NAME	 DBID CREATED	LOG_MODE     OPEN_MODE
-------------------- ------------ ---------------- ---------- --------- ------------ --------------------
CDB$ROOT	     FREE	  FREE		   1515292873 06-SEP-26 ARCHIVELOG   READ WRITE

1 row selected.

== Keystore state from v$encryption_wallet =============================

WRL_TYPE WRL_PARAMETER								STATUS		   WALLET_TYPE	   KEYSTORE CON_ID
-------- ---------------------------------------------------------------------- ------------------ --------------- -------- ------
FILE	 /opt/oracle/dbconfig/FREE/wallet/tde/					OPEN		   LOCAL_AUTOLOGIN NONE 	 1
FILE										OPEN		   LOCAL_AUTOLOGIN UNITED	 2
FILE										OPEN		   LOCAL_AUTOLOGIN UNITED	 3
FILE										OPEN		   LOCAL_AUTOLOGIN UNITED	 4

4 rows selected.

== Master encryption keys from v$encryption_keys =======================

KEY_ID							 KEY_USE    KEYSTORE_TYPE  ORIGIN     BACKED_UP CREATION_TIME	       ACTIVATION_TIME
-------------------------------------------------------- ---------- -------------- ---------- --------- ---------------------- ----------------------
CREATOR_PDBNAME
--------------------------------------------------------------------------------------------------------------------------------
ACTIVATING_PDBNAME														 CON_ID
-------------------------------------------------------------------------------------------------------------------------------- ------
AQbBvEA8/kJyuUn9246sO0UAAAAAAAAAAAAAAAAAAAAAAAAAAAAA	 TDE IN PDB SOFTWARE KEYST LOCAL      YES	06.09.2026 05:25:02    06.09.2026 05:25:02
								    ORE
CDB$ROOT
CDB$ROOT															      1

AexXSvFmk01Fq1rB8iZ6KXoAAAAAAAAAAAAAAAAAAAAAAAAAAAAA	 TDE IN PDB SOFTWARE KEYST LOCAL      YES	06.09.2026 05:25:05    06.09.2026 05:25:05
								    ORE
ODBENCPROD
ODBENCPROD															      4

AafZVKX1uUI9jE75CE2uNH0AAAAAAAAAAAAAAAAAAAAAAAAAAAAA	 TDE IN PDB SOFTWARE KEYST LOCAL      NO	06.09.2026 05:43:02    06.09.2026 05:43:02
								    ORE
PDBCLONE
PDBCLONE															      3


3 rows selected.

== Tablespace key chain from v$encrypted_tablespaces ===================

TS_NAME 		    TS# ENCRYPTI ENC MASTERKEYID_HEX			KEY_VERSION STATUS	       ENCRYPTEDKEY_HEX 						  BLOCKS_ENCRYPTED BLOCKS_DECRYPTED CON_ID
-------------------- ---------- -------- --- ---------------------------------- ----------- ------------------ ------------------------------------------------------------------ ---------------- ---------------- ------
CLONE_ENC		      5 AES256	 YES A7D954A5F5B9423D8C4EF9084DAE347D		  0 NORMAL	       FC11003A257C8515095D64B4E961E7328964A6DE12A90D729147009A85E38760 	      1139		  0	 3
USERS			      6 AES256	 YES EC574AF166934D45AB5AC1F2267A297A		  1 NORMAL	       059EFEB1BB6D72140B68FD768F80105B37BB912E84E6273E82227A027FD830F3 	       372		  3	 4

2 rows selected.

== Full v$encrypted_tablespaces row (version specific columns) =========

       TS# ENCRYPTI ENC ENCRYPTEDKEY							 MASTERKEYID			  BLOCKS_ENCRYPTED BLOCKS_DECRYPTED KEY_VERSION STATUS		   CIPHERMODE	 CON_ID
---------- -------- --- ---------------------------------------------------------------- -------------------------------- ---------------- ---------------- ----------- ------------------ ------------- ------
	 6 AES256   YES 059EFEB1BB6D72140B68FD768F80105B37BB912E84E6273E82227A027FD830F3 EC574AF166934D45AB5AC1F2267A297A	       372		  3	      1 NORMAL		   XTS		      4
	 5 AES256   YES FC11003A257C8515095D64B4E961E7328964A6DE12A90D729147009A85E38760 A7D954A5F5B9423D8C4EF9084DAE347D	      1139		  0	      0 NORMAL		   XTS		      3

2 rows selected.

== Implicit database key for SYSTEM / UNDO / TEMP ======================

ENCRYPTI ENCRYPTEDKEY											  MASTERKEYID			   MAS CIPHERMODE    CON_ID
-------- ------------------------------------------------------------------------------------------------ -------------------------------- --- ------------- ------
AES256	 B045728506A501E21FD577C3A9DA902B10069DB2CE11FE2ED0DA4E8ACF099CC900000000000000000000000000000000 06C1BC403CFE4272B949FDDB8EAC3B45 YES XTS		  1
NONE	 000000000000000000000000000000000000000000000000000000000000000000000000000000000000000000000000 00000000000000000000000000000000 NO  CFB		  2
AES256	 2439436FA32E69511180763E69C1DBECC91ADE832F82DB325C7CE3578A062A6300000000000000000000000000000000 A7D954A5F5B9423D8C4EF9084DAE347D YES XTS		  3
AES256	 E7A6FAC63AA0DE492C8FC1E8916AB2958BEC9BFE36A88C3F24F65DC3F936F96300000000000000000000000000000000 EC574AF166934D45AB5AC1F2267A297A YES XTS		  4

4 rows selected.

== Datafiles of encrypted tablespaces ==================================

no rows selected

2026-09-06 07:43:05 INFO  collecting key chain evidence from odbencprod (PDB PDBCLONE)

Session altered.


Session altered.

========================================================================
== TDE key chain evidence snapshot =====================================
========================================================================
== Identity of this database ===========================================

CONTAINER	     DB_NAME	  DB_UNIQUE_NAME	 DBID CREATED	LOG_MODE     OPEN_MODE
-------------------- ------------ ---------------- ---------- --------- ------------ --------------------
PDBCLONE	     FREE	  FREE		   1515292873 06-SEP-26 ARCHIVELOG   READ WRITE

1 row selected.

== Keystore state from v$encryption_wallet =============================

WRL_TYPE WRL_PARAMETER								STATUS		   WALLET_TYPE	   KEYSTORE CON_ID
-------- ---------------------------------------------------------------------- ------------------ --------------- -------- ------
FILE										OPEN		   LOCAL_AUTOLOGIN UNITED	 3

1 row selected.

== Master encryption keys from v$encryption_keys =======================

KEY_ID							 KEY_USE    KEYSTORE_TYPE  ORIGIN     BACKED_UP CREATION_TIME	       ACTIVATION_TIME
-------------------------------------------------------- ---------- -------------- ---------- --------- ---------------------- ----------------------
CREATOR_PDBNAME
--------------------------------------------------------------------------------------------------------------------------------
ACTIVATING_PDBNAME														 CON_ID
-------------------------------------------------------------------------------------------------------------------------------- ------
AafZVKX1uUI9jE75CE2uNH0AAAAAAAAAAAAAAAAAAAAAAAAAAAAA	 TDE IN PDB SOFTWARE KEYST LOCAL      NO	06.09.2026 05:43:02    06.09.2026 05:43:02
								    ORE
PDBCLONE
PDBCLONE															      3


1 row selected.

== Tablespace key chain from v$encrypted_tablespaces ===================

TS_NAME 		    TS# ENCRYPTI ENC MASTERKEYID_HEX			KEY_VERSION STATUS	       ENCRYPTEDKEY_HEX 						  BLOCKS_ENCRYPTED BLOCKS_DECRYPTED CON_ID
-------------------- ---------- -------- --- ---------------------------------- ----------- ------------------ ------------------------------------------------------------------ ---------------- ---------------- ------
CLONE_ENC		      5 AES256	 YES A7D954A5F5B9423D8C4EF9084DAE347D		  0 NORMAL	       FC11003A257C8515095D64B4E961E7328964A6DE12A90D729147009A85E38760 	      1139		  0	 3

1 row selected.

== Full v$encrypted_tablespaces row (version specific columns) =========

       TS# ENCRYPTI ENC ENCRYPTEDKEY							 MASTERKEYID			  BLOCKS_ENCRYPTED BLOCKS_DECRYPTED KEY_VERSION STATUS		   CIPHERMODE	 CON_ID
---------- -------- --- ---------------------------------------------------------------- -------------------------------- ---------------- ---------------- ----------- ------------------ ------------- ------
	 5 AES256   YES FC11003A257C8515095D64B4E961E7328964A6DE12A90D729147009A85E38760 A7D954A5F5B9423D8C4EF9084DAE347D	      1139		  0	      0 NORMAL		   XTS		      3

1 row selected.

== Implicit database key for SYSTEM / UNDO / TEMP ======================

ENCRYPTI ENCRYPTEDKEY											  MASTERKEYID			   MAS CIPHERMODE    CON_ID
-------- ------------------------------------------------------------------------------------------------ -------------------------------- --- ------------- ------
AES256	 2439436FA32E69511180763E69C1DBECC91ADE832F82DB325C7CE3578A062A6300000000000000000000000000000000 A7D954A5F5B9423D8C4EF9084DAE347D YES XTS		  3

1 row selected.

== Datafiles of encrypted tablespaces ==================================

TS_NAME 	     RELATIVE_FNO FILE_NAME								     BLOCKS BLOCK_SIZE	    BYTES
-------------------- ------------ ---------------------------------------------------------------------- ---------- ---------- ----------
CLONE_ENC		     1024 /opt/oracle/oradata/FREE/5ACAF9601D5918F5E063020013ACA1B1/datafile/o1_       6400	  8192	 52428800
				  mf_clone_en_o9szc71g_.dbf


1 row selected.

2026-09-06 07:43:05 INFO  listing datafiles of tablespace CLONE_ENC in PDB PDBCLONE
2026-09-06 07:43:05 INFO  found 1 datafile(s)
2026-09-06 07:43:05 INFO  fingerprinting o1_mf_clone_en_o9szc71g_.dbf (block size 8192)
wrote /Users/stefan.oehrli/Repos/own/oehrlis/oracle-free-labs/data/xchange/evidence/pdb_baseline/o1_mf_clone_en_o9szc71g_.dbf.fp
2026-09-06 07:43:06 INFO  scanning o1_mf_clone_en_o9szc71g_.dbf for the clear-text marker
no hits - needle not present as plaintext in this datafile
2026-09-06 07:43:06 INFO  manifest written to /Users/stefan.oehrli/Repos/own/oehrlis/oracle-free-labs/data/xchange/evidence/pdb_baseline/manifest.txt
2026-09-06 07:43:06 INFO  Done.

========================================================================
== Read key values from PDBCLONE/CLONE_ENC
========================================================================

Key summary for pdb_baseline (PDBCLONE/CLONE_ENC):
  MASTERKEYID : A7D954A5F5B9423D8C4EF9084DAE347D
  Wrapped TEK : FC11003A257C8515095D64B4E961E7328964A6DE12A90D729147009A85E38760
  Notes       : marker=OEHRLI-CANARY-2026-09-03

------------------------------------------------------------------------
VERDICT: PASS - PDB testbed ready: PDBCLONE with canary tables and c##clone
------------------------------------------------------------------------
2026-09-06 07:43:07 INFO  Done.

========================================================================
  STEP 62: PDB P1: local clone in same CDB (reference case)
  Script: /Users/stefan.oehrli/Repos/own/oehrlis/oracle-free-labs/scripts/tde-verify/tests/62_pdb_p1_local.sh
  Time:   2026-09-06 07:43:07
========================================================================
2026-09-06 07:43:07 INFO  Starting 62_pdb_p1_local.sh 0.1.0

========================================================================
== Step 62: PDB P1 - local clone in same CDB
========================================================================
2026-09-06 07:43:08 INFO  db_create_file_dest already /opt/oracle/oradata in odbencprod

========================================================================
== Clone PDBCLONE -> PDBCLONE_P1 (local)
========================================================================
ALTER PLUGGABLE DATABASE PDBCLONE_P1 CLOSE IMMEDIATE
*
ERROR at line 1:
ORA-65011: Pluggable database PDBCLONE_P1 does not exist.
Help: https://docs.oracle.com/error-help/db/ora-65011/


DROP PLUGGABLE DATABASE PDBCLONE_P1 INCLUDING DATAFILES
*
ERROR at line 1:
ORA-65011: Pluggable database PDBCLONE_P1 does not exist.
Help: https://docs.oracle.com/error-help/db/ora-65011/



Pluggable database created.


Pluggable database altered.


NAME
--------------------------------------------------------------------------------
OPEN_MODE
----------
PDBCLONE_P1
READ WRITE



========================================================================
== Query key chain in PDBCLONE_P1
========================================================================

Session altered.


KEY_ID									       KEY_USE	  KEYSTORE_TYPE     ORIGIN				      BACKED_UP
------------------------------------------------------------------------------ ---------- ----------------- ----------------------------------------- ---------
AafZVKX1uUI9jE75CE2uNH0AAAAAAAAAAAAAAAAAAAAAAAAAAAAA			       TDE IN PDB SOFTWARE KEYSTORE LOCAL				      NO

1 row selected.


MASTERKEYID			 ENCRYPTEDKEY							  KEY_VERSION ENCRYPT
-------------------------------- ---------------------------------------------------------------- ----------- -------
A7D954A5F5B9423D8C4EF9084DAE347D A341ABA714216D48A156995247C13AC058D67B07E62CA9812642E6C7382FA239	    0 AES256

1 row selected.

========================================================================
== Collect evidence set 'pdb_p1_local'
========================================================================
2026-09-06 07:43:11 INFO  collecting evidence set 'pdb_p1_local' from odbencprod
2026-09-06 07:43:12 INFO  Starting tde_evidence.sh 0.1.0
2026-09-06 07:43:12 INFO  evidence set 'pdb_p1_local' -> /Users/stefan.oehrli/Repos/own/oehrlis/oracle-free-labs/data/xchange/evidence/pdb_p1_local
2026-09-06 07:43:12 INFO  collecting key chain evidence from odbencprod (CDB$ROOT)

Session altered.

========================================================================
== TDE key chain evidence snapshot =====================================
========================================================================
== Identity of this database ===========================================

CONTAINER	     DB_NAME	  DB_UNIQUE_NAME	 DBID CREATED	LOG_MODE     OPEN_MODE
-------------------- ------------ ---------------- ---------- --------- ------------ --------------------
CDB$ROOT	     FREE	  FREE		   1515292873 06-SEP-26 ARCHIVELOG   READ WRITE

1 row selected.

== Keystore state from v$encryption_wallet =============================

WRL_TYPE WRL_PARAMETER								STATUS		   WALLET_TYPE	   KEYSTORE CON_ID
-------- ---------------------------------------------------------------------- ------------------ --------------- -------- ------
FILE	 /opt/oracle/dbconfig/FREE/wallet/tde/					OPEN		   LOCAL_AUTOLOGIN NONE 	 1
FILE										OPEN		   LOCAL_AUTOLOGIN UNITED	 2
FILE										OPEN		   LOCAL_AUTOLOGIN UNITED	 3
FILE										OPEN		   LOCAL_AUTOLOGIN UNITED	 4
FILE										OPEN		   LOCAL_AUTOLOGIN UNITED	 5

5 rows selected.

== Master encryption keys from v$encryption_keys =======================

KEY_ID							 KEY_USE    KEYSTORE_TYPE  ORIGIN     BACKED_UP CREATION_TIME	       ACTIVATION_TIME
-------------------------------------------------------- ---------- -------------- ---------- --------- ---------------------- ----------------------
CREATOR_PDBNAME
--------------------------------------------------------------------------------------------------------------------------------
ACTIVATING_PDBNAME														 CON_ID
-------------------------------------------------------------------------------------------------------------------------------- ------
AQbBvEA8/kJyuUn9246sO0UAAAAAAAAAAAAAAAAAAAAAAAAAAAAA	 TDE IN PDB SOFTWARE KEYST LOCAL      YES	06.09.2026 05:25:02    06.09.2026 05:25:02
								    ORE
CDB$ROOT
CDB$ROOT															      1

AexXSvFmk01Fq1rB8iZ6KXoAAAAAAAAAAAAAAAAAAAAAAAAAAAAA	 TDE IN PDB SOFTWARE KEYST LOCAL      YES	06.09.2026 05:25:05    06.09.2026 05:25:05
								    ORE
ODBENCPROD
ODBENCPROD															      4

AafZVKX1uUI9jE75CE2uNH0AAAAAAAAAAAAAAAAAAAAAAAAAAAAA	 TDE IN PDB SOFTWARE KEYST LOCAL      NO	06.09.2026 05:43:02    06.09.2026 05:43:02
								    ORE
PDBCLONE
PDBCLONE															      3


3 rows selected.

== Tablespace key chain from v$encrypted_tablespaces ===================

TS_NAME 		    TS# ENCRYPTI ENC MASTERKEYID_HEX			KEY_VERSION STATUS	       ENCRYPTEDKEY_HEX 						  BLOCKS_ENCRYPTED BLOCKS_DECRYPTED CON_ID
-------------------- ---------- -------- --- ---------------------------------- ----------- ------------------ ------------------------------------------------------------------ ---------------- ---------------- ------
CLONE_ENC		      5 AES256	 YES A7D954A5F5B9423D8C4EF9084DAE347D		  0 NORMAL	       FC11003A257C8515095D64B4E961E7328964A6DE12A90D729147009A85E38760 	      1139		  0	 3
CLONE_ENC		      5 AES256	 YES A7D954A5F5B9423D8C4EF9084DAE347D		  0 NORMAL	       A341ABA714216D48A156995247C13AC058D67B07E62CA9812642E6C7382FA239 		 0		  0	 5
USERS			      6 AES256	 YES EC574AF166934D45AB5AC1F2267A297A		  1 NORMAL	       059EFEB1BB6D72140B68FD768F80105B37BB912E84E6273E82227A027FD830F3 	       372		  3	 4

3 rows selected.

== Full v$encrypted_tablespaces row (version specific columns) =========

       TS# ENCRYPTI ENC ENCRYPTEDKEY							 MASTERKEYID			  BLOCKS_ENCRYPTED BLOCKS_DECRYPTED KEY_VERSION STATUS		   CIPHERMODE	 CON_ID
---------- -------- --- ---------------------------------------------------------------- -------------------------------- ---------------- ---------------- ----------- ------------------ ------------- ------
	 6 AES256   YES 059EFEB1BB6D72140B68FD768F80105B37BB912E84E6273E82227A027FD830F3 EC574AF166934D45AB5AC1F2267A297A	       372		  3	      1 NORMAL		   XTS		      4
	 5 AES256   YES FC11003A257C8515095D64B4E961E7328964A6DE12A90D729147009A85E38760 A7D954A5F5B9423D8C4EF9084DAE347D	      1139		  0	      0 NORMAL		   XTS		      3
	 5 AES256   YES A341ABA714216D48A156995247C13AC058D67B07E62CA9812642E6C7382FA239 A7D954A5F5B9423D8C4EF9084DAE347D		 0		  0	      0 NORMAL		   XTS		      5

3 rows selected.

== Implicit database key for SYSTEM / UNDO / TEMP ======================

ENCRYPTI ENCRYPTEDKEY											  MASTERKEYID			   MAS CIPHERMODE    CON_ID
-------- ------------------------------------------------------------------------------------------------ -------------------------------- --- ------------- ------
AES256	 B045728506A501E21FD577C3A9DA902B10069DB2CE11FE2ED0DA4E8ACF099CC900000000000000000000000000000000 06C1BC403CFE4272B949FDDB8EAC3B45 YES XTS		  1
NONE	 000000000000000000000000000000000000000000000000000000000000000000000000000000000000000000000000 00000000000000000000000000000000 NO  CFB		  2
AES256	 2439436FA32E69511180763E69C1DBECC91ADE832F82DB325C7CE3578A062A6300000000000000000000000000000000 A7D954A5F5B9423D8C4EF9084DAE347D YES XTS		  3
AES256	 E7A6FAC63AA0DE492C8FC1E8916AB2958BEC9BFE36A88C3F24F65DC3F936F96300000000000000000000000000000000 EC574AF166934D45AB5AC1F2267A297A YES XTS		  4
AES256	 2439436FA32E69511180763E69C1DBECC91ADE832F82DB325C7CE3578A062A6300000000000000000000000000000000 A7D954A5F5B9423D8C4EF9084DAE347D YES XTS		  5

5 rows selected.

== Datafiles of encrypted tablespaces ==================================

no rows selected

2026-09-06 07:43:12 INFO  collecting key chain evidence from odbencprod (PDB PDBCLONE_P1)

Session altered.


Session altered.

========================================================================
== TDE key chain evidence snapshot =====================================
========================================================================
== Identity of this database ===========================================

CONTAINER	     DB_NAME	  DB_UNIQUE_NAME	 DBID CREATED	LOG_MODE     OPEN_MODE
-------------------- ------------ ---------------- ---------- --------- ------------ --------------------
PDBCLONE_P1	     FREE	  FREE		   1515292873 06-SEP-26 ARCHIVELOG   READ WRITE

1 row selected.

== Keystore state from v$encryption_wallet =============================

WRL_TYPE WRL_PARAMETER								STATUS		   WALLET_TYPE	   KEYSTORE CON_ID
-------- ---------------------------------------------------------------------- ------------------ --------------- -------- ------
FILE										OPEN		   LOCAL_AUTOLOGIN UNITED	 5

1 row selected.

== Master encryption keys from v$encryption_keys =======================

KEY_ID							 KEY_USE    KEYSTORE_TYPE  ORIGIN     BACKED_UP CREATION_TIME	       ACTIVATION_TIME
-------------------------------------------------------- ---------- -------------- ---------- --------- ---------------------- ----------------------
CREATOR_PDBNAME
--------------------------------------------------------------------------------------------------------------------------------
ACTIVATING_PDBNAME														 CON_ID
-------------------------------------------------------------------------------------------------------------------------------- ------
AafZVKX1uUI9jE75CE2uNH0AAAAAAAAAAAAAAAAAAAAAAAAAAAAA	 TDE IN PDB SOFTWARE KEYST LOCAL      NO	06.09.2026 05:43:02    06.09.2026 05:43:02
								    ORE

PDBCLONE_P1															      5


1 row selected.

== Tablespace key chain from v$encrypted_tablespaces ===================

TS_NAME 		    TS# ENCRYPTI ENC MASTERKEYID_HEX			KEY_VERSION STATUS	       ENCRYPTEDKEY_HEX 						  BLOCKS_ENCRYPTED BLOCKS_DECRYPTED CON_ID
-------------------- ---------- -------- --- ---------------------------------- ----------- ------------------ ------------------------------------------------------------------ ---------------- ---------------- ------
CLONE_ENC		      5 AES256	 YES A7D954A5F5B9423D8C4EF9084DAE347D		  0 NORMAL	       A341ABA714216D48A156995247C13AC058D67B07E62CA9812642E6C7382FA239 		 0		  0	 5

1 row selected.

== Full v$encrypted_tablespaces row (version specific columns) =========

       TS# ENCRYPTI ENC ENCRYPTEDKEY							 MASTERKEYID			  BLOCKS_ENCRYPTED BLOCKS_DECRYPTED KEY_VERSION STATUS		   CIPHERMODE	 CON_ID
---------- -------- --- ---------------------------------------------------------------- -------------------------------- ---------------- ---------------- ----------- ------------------ ------------- ------
	 5 AES256   YES A341ABA714216D48A156995247C13AC058D67B07E62CA9812642E6C7382FA239 A7D954A5F5B9423D8C4EF9084DAE347D		 0		  0	      0 NORMAL		   XTS		      5

1 row selected.

== Implicit database key for SYSTEM / UNDO / TEMP ======================

ENCRYPTI ENCRYPTEDKEY											  MASTERKEYID			   MAS CIPHERMODE    CON_ID
-------- ------------------------------------------------------------------------------------------------ -------------------------------- --- ------------- ------
AES256	 2439436FA32E69511180763E69C1DBECC91ADE832F82DB325C7CE3578A062A6300000000000000000000000000000000 A7D954A5F5B9423D8C4EF9084DAE347D YES XTS		  5

1 row selected.

== Datafiles of encrypted tablespaces ==================================

TS_NAME 	     RELATIVE_FNO FILE_NAME								     BLOCKS BLOCK_SIZE	    BYTES
-------------------- ------------ ---------------------------------------------------------------------- ---------- ---------- ----------
CLONE_ENC		     1024 /opt/oracle/oradata/FREE/5ACAF9EF9D851969E063020013ACF5DF/datafile/o1_       6400	  8192	 52428800
				  mf_clone_en_o9szcdpl_.dbf


1 row selected.

2026-09-06 07:43:12 INFO  listing datafiles of tablespace CLONE_ENC in PDB PDBCLONE_P1
2026-09-06 07:43:13 INFO  found 1 datafile(s)
2026-09-06 07:43:13 INFO  fingerprinting o1_mf_clone_en_o9szcdpl_.dbf (block size 8192)
wrote /Users/stefan.oehrli/Repos/own/oehrlis/oracle-free-labs/data/xchange/evidence/pdb_p1_local/o1_mf_clone_en_o9szcdpl_.dbf.fp
2026-09-06 07:43:13 INFO  scanning o1_mf_clone_en_o9szcdpl_.dbf for the clear-text marker
no hits - needle not present as plaintext in this datafile
2026-09-06 07:43:13 INFO  manifest written to /Users/stefan.oehrli/Repos/own/oehrlis/oracle-free-labs/data/xchange/evidence/pdb_p1_local/manifest.txt
2026-09-06 07:43:13 INFO  Done.

========================================================================
== Compare 'pdb_p1_local' vs 'pdb_baseline' (expect IDENTICAL)
========================================================================
2026-09-06 07:43:13 INFO  comparing evidence sets 'pdb_baseline' vs 'pdb_p1_local'
2026-09-06 07:43:14 INFO  Starting tde_evidence.sh 0.1.0
2026-09-06 07:43:14 WARN  datafile renamed between the two sets: o1_mf_clone_en_o9szc71g_.dbf.fp vs o1_mf_clone_en_o9szcdpl_.dbf.fp
2026-09-06 07:43:14 WARN  pairing them anyway because each set holds exactly one datafile

== Block-level ciphertext comparison ==
A: pdb_baseline/o1_mf_clone_en_o9szc71g_.dbf.fp
B: pdb_p1_local/o1_mf_clone_en_o9szc71g_.dbf.fp
block_size A/B: 8192/8192
blocks compared: 6401
identical: 1
differing: 6400
first differing blocks: [1, 2, 3, 4, 5, 6, 7, 8, 9, 10, 11, 12, 13, 14, 15, 16, 17, 18, 19, 20]
... and 6380 more
verdict: MIXED - 6400 of 6401 blocks changed; inspect which ranges differ before drawing a conclusion
2026-09-06 07:43:14 INFO  compared 1 datafile(s)
2026-09-06 07:43:14 INFO  Done.
canary blocks:   identical 0 differing 313 total 313 (expect all differing - clone re-encrypts)

Key summary for pdb_p1_local (PDBCLONE_P1):
  MASTERKEYID : A7D954A5F5B9423D8C4EF9084DAE347D
  Wrapped TEK : A341ABA714216D48A156995247C13AC058D67B07E62CA9812642E6C7382FA239

Key summary for pdb_baseline  (PDBCLONE):
  MASTERKEYID : A7D954A5F5B9423D8C4EF9084DAE347D
  Wrapped TEK : FC11003A257C8515095D64B4E961E7328964A6DE12A90D729147009A85E38760

Wrapped TEK:    DIFFERENT
MASTERKEYID:    IDENTICAL - a re-wrap would have reproduced the same wrapped key

------------------------------------------------------------------------
VERDICT: PASS - P1 local clone: NEW tablespace key material. The MASTERKEYID is unchanged, so the differing wrapped key cannot be a re-wrap, and the ciphertext changed with it (identical 0 differing 313 total 313). A PDB clone re-encrypts - unlike every RMAN path measured
------------------------------------------------------------------------
2026-09-06 07:43:15 INFO  Done.

========================================================================
  STEP 63: PDB P2: unplug with key export, plug into dev CDB
  Script: /Users/stefan.oehrli/Repos/own/oehrlis/oracle-free-labs/scripts/tde-verify/tests/63_pdb_p2_archive.sh
  Time:   2026-09-06 07:43:16
========================================================================
2026-09-06 07:43:16 INFO  Starting 63_pdb_p2_archive.sh 0.1.0

========================================================================
== Step 63: PDB P2 - unplug with key export, plug into dev
========================================================================
2026-09-06 07:43:17 WARN  dev carries the same DBID as prod (1515292873) - it is a restore of the source
2026-09-06 07:43:17 WARN  resetting odbencdev: a restore of the source cannot stand in for a foreign CDB
2026-09-06 07:43:17 INFO  resetting service 'odbencdev' ...
 Container odbencdev Stopping 
 Container odbencdev Stopped 
 Container odbencdev Removing 
 Container odbencdev Removed 
 Network oracle-free-labs_default Removing 
 Network oracle-free-labs_default Resource is still in use 
2026-09-06 07:43:20 INFO  removing /Users/stefan.oehrli/Repos/own/oehrlis/oracle-free-labs/data/odbencdev
2026-09-06 07:43:20 INFO  restored tracked files under data/odbencdev
2026-09-06 07:43:20 INFO  service 'odbencdev' reset complete
2026-09-06 07:43:20 INFO  starting service 'odbencdev' ...
 Container odbencdev Creating 
 Container odbencdev Created 
 Container odbencdev Starting 
 Container odbencdev Started 
2026-09-06 07:43:20 INFO  waiting for odbencdev to be ready (timeout 600s) ...
2026-09-06 07:45:25 INFO  odbencdev is ready
2026-09-06 07:45:25 INFO  odbencdev health: healthy
2026-09-06 07:45:25 INFO  dev CDB rebuilt, DBID now 1515294104 (prod 1515292873)

========================================================================
== Remove a leftover PDB archive if present
========================================================================
no leftover archive at /opt/oracle/xchange/pdbclone_p2.pdb
2026-09-06 07:45:26 INFO  db_create_file_dest already /opt/oracle/oradata in odbencprod
2026-09-06 07:45:26 INFO  db_create_file_dest set to /opt/oracle/oradata in odbencdev

========================================================================
== Phase 1: UNPLUG PDBCLONE with key encryption
========================================================================

Pluggable database altered.


Pluggable database altered.


Pluggable database dropped.


STATUS
------------------------------
PDBCLONE unplugged and dropped

========================================================================
== Phase 2: Re-plug PDBCLONE back into prod
========================================================================

Pluggable database created.


Pluggable database altered.


Pluggable database altered.


NAME
--------------------------------------------------------------------------------
OPEN_MODE
----------
PDBCLONE
READ WRITE



========================================================================
== Phase 3: Prepare dev - drop PDBCLONE_P2 if exists
========================================================================
ALTER PLUGGABLE DATABASE PDBCLONE_P2 CLOSE IMMEDIATE
*
ERROR at line 1:
ORA-65011: Pluggable database PDBCLONE_P2 does not exist.
Help: https://docs.oracle.com/error-help/db/ora-65011/


DROP PLUGGABLE DATABASE PDBCLONE_P2 INCLUDING DATAFILES
*
ERROR at line 1:
ORA-65011: Pluggable database PDBCLONE_P2 does not exist.
Help: https://docs.oracle.com/error-help/db/ora-65011/



STATUS
----------------
dev cleanup done

========================================================================
== Phase 4: CREATE PDBCLONE_P2 in dev from archive
========================================================================

Pluggable database created.


Pluggable database altered.


NAME
--------------------------------------------------------------------------------
OPEN_MODE
----------
PDBCLONE_P2
READ WRITE



========================================================================
== Phase 5: Query key chain in PDBCLONE_P2
========================================================================

Session altered.


KEY_ID									       KEY_USE	  KEYSTORE_TYPE     ORIGIN				      BACKED_UP
------------------------------------------------------------------------------ ---------- ----------------- ----------------------------------------- ---------
AafZVKX1uUI9jE75CE2uNH0AAAAAAAAAAAAAAAAAAAAAAAAAAAAA			       TDE IN PDB SOFTWARE KEYSTORE LOCAL				      NO

1 row selected.


MASTERKEYID			 ENCRYPTEDKEY							  KEY_VERSION ENCRYPT
-------------------------------- ---------------------------------------------------------------- ----------- -------
A7D954A5F5B9423D8C4EF9084DAE347D FC11003A257C8515095D64B4E961E7328964A6DE12A90D729147009A85E38760	    0 AES256

1 row selected.

========================================================================
== Collect evidence set 'pdb_p2_archive'
========================================================================
2026-09-06 07:45:44 INFO  collecting evidence set 'pdb_p2_archive' from odbencdev
2026-09-06 07:45:44 INFO  Starting tde_evidence.sh 0.1.0
2026-09-06 07:45:44 INFO  evidence set 'pdb_p2_archive' -> /Users/stefan.oehrli/Repos/own/oehrlis/oracle-free-labs/data/xchange/evidence/pdb_p2_archive
2026-09-06 07:45:44 INFO  collecting key chain evidence from odbencdev (CDB$ROOT)

Session altered.

========================================================================
== TDE key chain evidence snapshot =====================================
========================================================================
== Identity of this database ===========================================

CONTAINER	     DB_NAME	  DB_UNIQUE_NAME	 DBID CREATED	LOG_MODE     OPEN_MODE
-------------------- ------------ ---------------- ---------- --------- ------------ --------------------
CDB$ROOT	     FREE	  FREE		   1515294104 06-SEP-26 ARCHIVELOG   READ WRITE

1 row selected.

== Keystore state from v$encryption_wallet =============================

WRL_TYPE WRL_PARAMETER								STATUS		   WALLET_TYPE	   KEYSTORE CON_ID
-------- ---------------------------------------------------------------------- ------------------ --------------- -------- ------
FILE	 /opt/oracle/dbconfig/FREE/wallet/tde/					OPEN		   LOCAL_AUTOLOGIN NONE 	 1
FILE										OPEN		   LOCAL_AUTOLOGIN UNITED	 2
FILE										OPEN_NO_MASTER_KEY LOCAL_AUTOLOGIN UNITED	 3
FILE										OPEN		   LOCAL_AUTOLOGIN UNITED	 4

4 rows selected.

== Master encryption keys from v$encryption_keys =======================

KEY_ID							 KEY_USE    KEYSTORE_TYPE  ORIGIN     BACKED_UP CREATION_TIME	       ACTIVATION_TIME
-------------------------------------------------------- ---------- -------------- ---------- --------- ---------------------- ----------------------
CREATOR_PDBNAME
--------------------------------------------------------------------------------------------------------------------------------
ACTIVATING_PDBNAME														 CON_ID
-------------------------------------------------------------------------------------------------------------------------------- ------
AafZVKX1uUI9jE75CE2uNH0AAAAAAAAAAAAAAAAAAAAAAAAAAAAA	 TDE IN PDB SOFTWARE KEYST LOCAL      NO	06.09.2026 05:43:02    06.09.2026 05:43:02
								    ORE
PDBCLONE_P2
PDBCLONE_P2															      4

ASOmkoL9D046mwUNY4/PwUcAAAAAAAAAAAAAAAAAAAAAAAAAAAAA	 TDE IN PDB SOFTWARE KEYST LOCAL      NO	06.09.2026 05:45:18    06.09.2026 05:45:18
								    ORE
CDB$ROOT
CDB$ROOT															      1


2 rows selected.

== Tablespace key chain from v$encrypted_tablespaces ===================

TS_NAME 		    TS# ENCRYPTI ENC MASTERKEYID_HEX			KEY_VERSION STATUS	       ENCRYPTEDKEY_HEX 						  BLOCKS_ENCRYPTED BLOCKS_DECRYPTED CON_ID
-------------------- ---------- -------- --- ---------------------------------- ----------- ------------------ ------------------------------------------------------------------ ---------------- ---------------- ------
CLONE_ENC		      5 AES256	 YES A7D954A5F5B9423D8C4EF9084DAE347D		  0 NORMAL	       FC11003A257C8515095D64B4E961E7328964A6DE12A90D729147009A85E38760 		 0		  0	 4

1 row selected.

== Full v$encrypted_tablespaces row (version specific columns) =========

       TS# ENCRYPTI ENC ENCRYPTEDKEY							 MASTERKEYID			  BLOCKS_ENCRYPTED BLOCKS_DECRYPTED KEY_VERSION STATUS		   CIPHERMODE	 CON_ID
---------- -------- --- ---------------------------------------------------------------- -------------------------------- ---------------- ---------------- ----------- ------------------ ------------- ------
	 5 AES256   YES FC11003A257C8515095D64B4E961E7328964A6DE12A90D729147009A85E38760 A7D954A5F5B9423D8C4EF9084DAE347D		 0		  0	      0 NORMAL		   XTS		      4

1 row selected.

== Implicit database key for SYSTEM / UNDO / TEMP ======================

ENCRYPTI ENCRYPTEDKEY											  MASTERKEYID			   MAS CIPHERMODE    CON_ID
-------- ------------------------------------------------------------------------------------------------ -------------------------------- --- ------------- ------
AES256	 BE5009F6587568E7195B790D5A5F776ABC285786BF05EE7067D45932AD2F2F9000000000000000000000000000000000 23A69282FD0F4E3A9B050D638FCFC147 YES XTS		  1
NONE	 000000000000000000000000000000000000000000000000000000000000000000000000000000000000000000000000 00000000000000000000000000000000 NO  CFB		  2
AES256	 291C155300EE3C6C063B04D5D893B0D3A45C8234917949F174E855E0561DEAA000000000000000000000000000000000 6E028F9A153C4FFB887C1FE283A93AEF NO  XTS		  3
AES256	 2439436FA32E69511180763E69C1DBECC91ADE832F82DB325C7CE3578A062A6300000000000000000000000000000000 A7D954A5F5B9423D8C4EF9084DAE347D YES XTS		  4

4 rows selected.

== Datafiles of encrypted tablespaces ==================================

no rows selected

2026-09-06 07:45:45 INFO  collecting key chain evidence from odbencdev (PDB PDBCLONE_P2)

Session altered.


Session altered.

========================================================================
== TDE key chain evidence snapshot =====================================
========================================================================
== Identity of this database ===========================================

CONTAINER	     DB_NAME	  DB_UNIQUE_NAME	 DBID CREATED	LOG_MODE     OPEN_MODE
-------------------- ------------ ---------------- ---------- --------- ------------ --------------------
PDBCLONE_P2	     FREE	  FREE		   1515294104 06-SEP-26 ARCHIVELOG   READ WRITE

1 row selected.

== Keystore state from v$encryption_wallet =============================

WRL_TYPE WRL_PARAMETER								STATUS		   WALLET_TYPE	   KEYSTORE CON_ID
-------- ---------------------------------------------------------------------- ------------------ --------------- -------- ------
FILE										OPEN		   LOCAL_AUTOLOGIN UNITED	 4

1 row selected.

== Master encryption keys from v$encryption_keys =======================

KEY_ID							 KEY_USE    KEYSTORE_TYPE  ORIGIN     BACKED_UP CREATION_TIME	       ACTIVATION_TIME
-------------------------------------------------------- ---------- -------------- ---------- --------- ---------------------- ----------------------
CREATOR_PDBNAME
--------------------------------------------------------------------------------------------------------------------------------
ACTIVATING_PDBNAME														 CON_ID
-------------------------------------------------------------------------------------------------------------------------------- ------
AafZVKX1uUI9jE75CE2uNH0AAAAAAAAAAAAAAAAAAAAAAAAAAAAA	 TDE IN PDB SOFTWARE KEYST LOCAL      NO	06.09.2026 05:43:02    06.09.2026 05:43:02
								    ORE
PDBCLONE_P2
PDBCLONE_P2															      4


1 row selected.

== Tablespace key chain from v$encrypted_tablespaces ===================

TS_NAME 		    TS# ENCRYPTI ENC MASTERKEYID_HEX			KEY_VERSION STATUS	       ENCRYPTEDKEY_HEX 						  BLOCKS_ENCRYPTED BLOCKS_DECRYPTED CON_ID
-------------------- ---------- -------- --- ---------------------------------- ----------- ------------------ ------------------------------------------------------------------ ---------------- ---------------- ------
CLONE_ENC		      5 AES256	 YES A7D954A5F5B9423D8C4EF9084DAE347D		  0 NORMAL	       FC11003A257C8515095D64B4E961E7328964A6DE12A90D729147009A85E38760 		 0		  0	 4

1 row selected.

== Full v$encrypted_tablespaces row (version specific columns) =========

       TS# ENCRYPTI ENC ENCRYPTEDKEY							 MASTERKEYID			  BLOCKS_ENCRYPTED BLOCKS_DECRYPTED KEY_VERSION STATUS		   CIPHERMODE	 CON_ID
---------- -------- --- ---------------------------------------------------------------- -------------------------------- ---------------- ---------------- ----------- ------------------ ------------- ------
	 5 AES256   YES FC11003A257C8515095D64B4E961E7328964A6DE12A90D729147009A85E38760 A7D954A5F5B9423D8C4EF9084DAE347D		 0		  0	      0 NORMAL		   XTS		      4

1 row selected.

== Implicit database key for SYSTEM / UNDO / TEMP ======================

ENCRYPTI ENCRYPTEDKEY											  MASTERKEYID			   MAS CIPHERMODE    CON_ID
-------- ------------------------------------------------------------------------------------------------ -------------------------------- --- ------------- ------
AES256	 2439436FA32E69511180763E69C1DBECC91ADE832F82DB325C7CE3578A062A6300000000000000000000000000000000 A7D954A5F5B9423D8C4EF9084DAE347D YES XTS		  4

1 row selected.

== Datafiles of encrypted tablespaces ==================================

TS_NAME 	     RELATIVE_FNO FILE_NAME								     BLOCKS BLOCK_SIZE	    BYTES
-------------------- ------------ ---------------------------------------------------------------------- ---------- ---------- ----------
CLONE_ENC		     1024 /opt/oracle/oradata/FREE/5ACAF9601D5918F5E063020013ACA1B1/datafile/o1_       6400	  8192	 52428800
				  mf_clone_en_o9szj4cs_.dbf


1 row selected.

2026-09-06 07:45:45 INFO  listing datafiles of tablespace CLONE_ENC in PDB PDBCLONE_P2
2026-09-06 07:45:45 INFO  found 1 datafile(s)
2026-09-06 07:45:45 INFO  fingerprinting o1_mf_clone_en_o9szj4cs_.dbf (block size 8192)
wrote /Users/stefan.oehrli/Repos/own/oehrlis/oracle-free-labs/data/xchange/evidence/pdb_p2_archive/o1_mf_clone_en_o9szj4cs_.dbf.fp
2026-09-06 07:45:46 INFO  scanning o1_mf_clone_en_o9szj4cs_.dbf for the clear-text marker
no hits - needle not present as plaintext in this datafile
2026-09-06 07:45:46 INFO  manifest written to /Users/stefan.oehrli/Repos/own/oehrlis/oracle-free-labs/data/xchange/evidence/pdb_p2_archive/manifest.txt
2026-09-06 07:45:46 INFO  Done.

========================================================================
== Compare 'pdb_p2_archive' vs 'pdb_baseline' (expect TEK identical)
========================================================================
2026-09-06 07:45:46 INFO  comparing evidence sets 'pdb_baseline' vs 'pdb_p2_archive'
2026-09-06 07:45:46 INFO  Starting tde_evidence.sh 0.1.0
2026-09-06 07:45:47 WARN  datafile renamed between the two sets: o1_mf_clone_en_o9szc71g_.dbf.fp vs o1_mf_clone_en_o9szj4cs_.dbf.fp
2026-09-06 07:45:47 WARN  pairing them anyway because each set holds exactly one datafile

== Block-level ciphertext comparison ==
A: pdb_baseline/o1_mf_clone_en_o9szc71g_.dbf.fp
B: pdb_p2_archive/o1_mf_clone_en_o9szc71g_.dbf.fp
block_size A/B: 8192/8192
blocks compared: 6401
identical: 6400
differing: 1
first differing blocks: [1]
verdict: RE-WRAP INDICATED - only 1 block(s) changed; data blocks byte-identical, so the tablespace key is unchanged
2026-09-06 07:45:47 INFO  compared 1 datafile(s)
2026-09-06 07:45:47 INFO  Done.
canary blocks:   identical 313 differing 0 total 313 (expect all identical - the archive moves files unchanged)

Key summary for pdb_p2_archive (PDBCLONE_P2):
  MASTERKEYID : A7D954A5F5B9423D8C4EF9084DAE347D
  Wrapped TEK : FC11003A257C8515095D64B4E961E7328964A6DE12A90D729147009A85E38760
  Notes       : ORIGIN=LOCAL KEY_VERSION=0

Key summary for pdb_baseline   (PDBCLONE):
  MASTERKEYID : A7D954A5F5B9423D8C4EF9084DAE347D
  Wrapped TEK : FC11003A257C8515095D64B4E961E7328964A6DE12A90D729147009A85E38760

TEK comparison:  IDENTICAL (expected)
ORIGIN in clone: LOCAL (expect: IMPORTED)
KEY_VERSION:     0 (doc: may reset to 0 after foreign plug-in)

------------------------------------------------------------------------
VERDICT: PASS - P2: the archive transport preserved both the wrapped key and the ciphertext (identical 313 differing 0 total 313) into a foreign CDB, ORIGIN=LOCAL, KEY_VERSION=0. The opposite of the clone in P1/P4, which renews the key
------------------------------------------------------------------------
2026-09-06 07:45:50 INFO  Done.

========================================================================
  STEP 64: PDB P3: unplug without key export - negative test
  Script: /Users/stefan.oehrli/Repos/own/oehrlis/oracle-free-labs/scripts/tde-verify/tests/64_pdb_p3_nokeys.sh
  Time:   2026-09-06 07:45:50
========================================================================
2026-09-06 07:45:50 INFO  Starting 64_pdb_p3_nokeys.sh 0.1.0

========================================================================
== Step 64: PDB P3 - unplug without key export (negative test)
========================================================================

========================================================================
== Remove a leftover PDB archive if present
========================================================================
no leftover archive at /opt/oracle/xchange/pdbclone_p3.pdb
2026-09-06 07:45:51 INFO  db_create_file_dest already /opt/oracle/oradata in odbencprod
2026-09-06 07:45:51 INFO  db_create_file_dest already /opt/oracle/oradata in odbencdev

========================================================================
== Phase 1: UNPLUG PDBCLONE (no key export)
========================================================================

Pluggable database altered.

ALTER PLUGGABLE DATABASE PDBCLONE
*
ERROR at line 1:
ORA-46680: Pluggable database (PDB) master keys must be exported.
Help: https://docs.oracle.com/error-help/db/ora-46680/
2026-09-06 07:45:52 INFO  archive present after the keyless unplug attempt: no

========================================================================
== Reopen PDBCLONE - phase 1 closed it and nothing was unplugged
========================================================================

Pluggable database altered.


Pluggable database altered.


NAME
--------------------------------------------------------------------------------
OPEN_MODE
----------
PDBCLONE
READ WRITE

------------------------------------------------------------------------
VERDICT: PASS - P3: Oracle refuses the keyless unplug outright (ORA-46680, PDB master keys must be exported). No archive is written, so an encrypted PDB cannot be carried off without the keys at all - the block sits earlier than the test assumed
------------------------------------------------------------------------
2026-09-06 07:45:52 INFO  Done.

========================================================================
  STEP 65: PDB P4: remote clone via DB link as c##clone
  Script: /Users/stefan.oehrli/Repos/own/oehrlis/oracle-free-labs/scripts/tde-verify/tests/65_pdb_p4_remote.sh
  Time:   2026-09-06 07:45:53
========================================================================
2026-09-06 07:45:53 INFO  Starting 65_pdb_p4_remote.sh 0.1.0

========================================================================
== Step 65: PDB P4 - remote clone via DB link
========================================================================
2026-09-06 07:45:54 INFO  dev CDB is independent (DBID 1515294104 vs prod 1515292873)
2026-09-06 07:45:54 INFO  db_create_file_dest already /opt/oracle/oradata in odbencprod
2026-09-06 07:45:54 INFO  db_create_file_dest already /opt/oracle/oradata in odbencdev

========================================================================
== Phase 1: Prepare credential for DB link (prod container only)
========================================================================
2026-09-06 07:45:55 INFO  clone password read into memory, not written to disk

========================================================================
== Phase 2: Create DB link prod_cdb_link in dev
========================================================================
DROP DATABASE LINK prod_cdb_link
                   *
ERROR at line 1:
ORA-02024: database link not found
Help: https://docs.oracle.com/error-help/db/ora-02024/



Database link created.


LINK_STATUS
------------
DB link test


========================================================================
== Phase 3: Prepare dev - drop PDBCLONE_P4 if exists
========================================================================
ALTER PLUGGABLE DATABASE PDBCLONE_P4 CLOSE IMMEDIATE
*
ERROR at line 1:
ORA-65011: Pluggable database PDBCLONE_P4 does not exist.
Help: https://docs.oracle.com/error-help/db/ora-65011/


DROP PLUGGABLE DATABASE PDBCLONE_P4 INCLUDING DATAFILES
*
ERROR at line 1:
ORA-65011: Pluggable database PDBCLONE_P4 does not exist.
Help: https://docs.oracle.com/error-help/db/ora-65011/



STATUS
----------------
dev cleanup done

========================================================================
== Phase 4: CREATE PDBCLONE_P4 FROM PDBCLONE@prod_cdb_link
========================================================================

Pluggable database created.


NAME
--------------------------------------------------------------------------------
OPEN_MODE
----------
PDBCLONE_P4
MOUNTED



========================================================================
== Remove a leftover key export file if present
========================================================================
no leftover key export at /opt/oracle/xchange/pdbclone_p4_keys.exp
2026-09-06 07:46:03 INFO  source tablespace depends on MEK A7D954A5F5B9423D8C4EF9084DAE347D (KEY_ID AafZVKX1uUI9jE75CE2uNH0AAAAAAAAAAAAAAAAAAAAAAAAAAAAA)

========================================================================
== Phase 5: Export keys from prod for PDBCLONE
========================================================================

keystore altered.


STATUS
-------------
keys exported


========================================================================
== Phase 6: Import keys into dev keystore
========================================================================
*
ERROR at line 1:
ORA-46655: no valid keys in the file from which keys are to be imported
Help: https://docs.oracle.com/error-help/db/ora-46655/



========================================================================
== Phase 7: Remove temp credential file
========================================================================
2026-09-06 07:46:03 INFO  Credential file removed

========================================================================
== Phase 8: Open PDBCLONE_P4 and verify canary
========================================================================

Pluggable database altered.


Session altered.

========================================================================
== Read canary SCOTT.CANARY_CLONEENC
========================================================================

CONTAINER
--------------------
PDBCLONE_P4

1 row selected.

== Row count and marker match ==========================================

ROWS_TOTAL MARKER_MATCH     MIN_ID     MAX_ID
---------- ------------ ---------- ----------
      5000	   5000 	 1	 5000

1 row selected.

== Sample rows =========================================================

	ID MARKER				    PAYLOAD_HEAD
---------- ---------------------------------------- ------------------------
	 1 OEHRLI-CANARY-2026-09-03		    CANARY-0000001-XXXXX
	 2 OEHRLI-CANARY-2026-09-03		    CANARY-0000002-XXXXX
	 3 OEHRLI-CANARY-2026-09-03		    CANARY-0000003-XXXXX

3 rows selected.

== Verdict =============================================================

VERDICT
------------------------------------------------------------
READABLE - all rows decrypt with the keys present here

1 row selected.

========================================================================
== Phase 9: Query key chain in PDBCLONE_P4
========================================================================

Session altered.


KEY_ID									       KEY_USE	  KEYSTORE_TYPE     ORIGIN				      BACKED_UP
------------------------------------------------------------------------------ ---------- ----------------- ----------------------------------------- ---------
AafZVKX1uUI9jE75CE2uNH0AAAAAAAAAAAAAAAAAAAAAAAAAAAAA			       TDE IN PDB SOFTWARE KEYSTORE LOCAL				      NO

1 row selected.


MASTERKEYID			 ENCRYPTEDKEY							  KEY_VERSION ENCRYPT
-------------------------------- ---------------------------------------------------------------- ----------- -------
A7D954A5F5B9423D8C4EF9084DAE347D F19A97984D1DA8EBFEEE076E9C11D365B6AFE027EA3C8172630A4368BC4FE608	    0 AES256

1 row selected.

========================================================================
== Collect evidence set 'pdb_p4_remote'
========================================================================
2026-09-06 07:46:05 INFO  collecting evidence set 'pdb_p4_remote' from odbencdev
2026-09-06 07:46:06 INFO  Starting tde_evidence.sh 0.1.0
2026-09-06 07:46:06 INFO  evidence set 'pdb_p4_remote' -> /Users/stefan.oehrli/Repos/own/oehrlis/oracle-free-labs/data/xchange/evidence/pdb_p4_remote
2026-09-06 07:46:06 INFO  collecting key chain evidence from odbencdev (CDB$ROOT)

Session altered.

========================================================================
== TDE key chain evidence snapshot =====================================
========================================================================
== Identity of this database ===========================================

CONTAINER	     DB_NAME	  DB_UNIQUE_NAME	 DBID CREATED	LOG_MODE     OPEN_MODE
-------------------- ------------ ---------------- ---------- --------- ------------ --------------------
CDB$ROOT	     FREE	  FREE		   1515294104 06-SEP-26 ARCHIVELOG   READ WRITE

1 row selected.

== Keystore state from v$encryption_wallet =============================

WRL_TYPE WRL_PARAMETER								STATUS		   WALLET_TYPE	   KEYSTORE CON_ID
-------- ---------------------------------------------------------------------- ------------------ --------------- -------- ------
FILE	 /opt/oracle/dbconfig/FREE/wallet/tde/					OPEN		   LOCAL_AUTOLOGIN NONE 	 1
FILE										OPEN		   LOCAL_AUTOLOGIN UNITED	 2
FILE										OPEN_NO_MASTER_KEY LOCAL_AUTOLOGIN UNITED	 3
FILE										OPEN		   LOCAL_AUTOLOGIN UNITED	 4
FILE										OPEN		   LOCAL_AUTOLOGIN UNITED	 5

5 rows selected.

== Master encryption keys from v$encryption_keys =======================

KEY_ID							 KEY_USE    KEYSTORE_TYPE  ORIGIN     BACKED_UP CREATION_TIME	       ACTIVATION_TIME
-------------------------------------------------------- ---------- -------------- ---------- --------- ---------------------- ----------------------
CREATOR_PDBNAME
--------------------------------------------------------------------------------------------------------------------------------
ACTIVATING_PDBNAME														 CON_ID
-------------------------------------------------------------------------------------------------------------------------------- ------
AafZVKX1uUI9jE75CE2uNH0AAAAAAAAAAAAAAAAAAAAAAAAAAAAA	 TDE IN PDB SOFTWARE KEYST LOCAL      NO	06.09.2026 05:43:02    06.09.2026 05:43:02
								    ORE
PDBCLONE_P2
PDBCLONE_P2															      4

ASOmkoL9D046mwUNY4/PwUcAAAAAAAAAAAAAAAAAAAAAAAAAAAAA	 TDE IN PDB SOFTWARE KEYST LOCAL      NO	06.09.2026 05:45:18    06.09.2026 05:45:18
								    ORE
CDB$ROOT
CDB$ROOT															      1


2 rows selected.

== Tablespace key chain from v$encrypted_tablespaces ===================

TS_NAME 		    TS# ENCRYPTI ENC MASTERKEYID_HEX			KEY_VERSION STATUS	       ENCRYPTEDKEY_HEX 						  BLOCKS_ENCRYPTED BLOCKS_DECRYPTED CON_ID
-------------------- ---------- -------- --- ---------------------------------- ----------- ------------------ ------------------------------------------------------------------ ---------------- ---------------- ------
CLONE_ENC		      5 AES256	 YES A7D954A5F5B9423D8C4EF9084DAE347D		  0 NORMAL	       F19A97984D1DA8EBFEEE076E9C11D365B6AFE027EA3C8172630A4368BC4FE608 		 0		350	 5
CLONE_ENC		      5 AES256	 YES A7D954A5F5B9423D8C4EF9084DAE347D		  0 NORMAL	       FC11003A257C8515095D64B4E961E7328964A6DE12A90D729147009A85E38760 		 0		261	 4

2 rows selected.

== Full v$encrypted_tablespaces row (version specific columns) =========

       TS# ENCRYPTI ENC ENCRYPTEDKEY							 MASTERKEYID			  BLOCKS_ENCRYPTED BLOCKS_DECRYPTED KEY_VERSION STATUS		   CIPHERMODE	 CON_ID
---------- -------- --- ---------------------------------------------------------------- -------------------------------- ---------------- ---------------- ----------- ------------------ ------------- ------
	 5 AES256   YES FC11003A257C8515095D64B4E961E7328964A6DE12A90D729147009A85E38760 A7D954A5F5B9423D8C4EF9084DAE347D		 0		261	      0 NORMAL		   XTS		      4
	 5 AES256   YES F19A97984D1DA8EBFEEE076E9C11D365B6AFE027EA3C8172630A4368BC4FE608 A7D954A5F5B9423D8C4EF9084DAE347D		 0		350	      0 NORMAL		   XTS		      5

2 rows selected.

== Implicit database key for SYSTEM / UNDO / TEMP ======================

ENCRYPTI ENCRYPTEDKEY											  MASTERKEYID			   MAS CIPHERMODE    CON_ID
-------- ------------------------------------------------------------------------------------------------ -------------------------------- --- ------------- ------
AES256	 BE5009F6587568E7195B790D5A5F776ABC285786BF05EE7067D45932AD2F2F9000000000000000000000000000000000 23A69282FD0F4E3A9B050D638FCFC147 YES XTS		  1
NONE	 000000000000000000000000000000000000000000000000000000000000000000000000000000000000000000000000 00000000000000000000000000000000 NO  CFB		  2
AES256	 291C155300EE3C6C063B04D5D893B0D3A45C8234917949F174E855E0561DEAA000000000000000000000000000000000 6E028F9A153C4FFB887C1FE283A93AEF NO  XTS		  3
AES256	 2439436FA32E69511180763E69C1DBECC91ADE832F82DB325C7CE3578A062A6300000000000000000000000000000000 A7D954A5F5B9423D8C4EF9084DAE347D YES XTS		  4
AES256	 2439436FA32E69511180763E69C1DBECC91ADE832F82DB325C7CE3578A062A6300000000000000000000000000000000 A7D954A5F5B9423D8C4EF9084DAE347D YES XTS		  5

5 rows selected.

== Datafiles of encrypted tablespaces ==================================

no rows selected

2026-09-06 07:46:06 INFO  collecting key chain evidence from odbencdev (PDB PDBCLONE_P4)

Session altered.


Session altered.

========================================================================
== TDE key chain evidence snapshot =====================================
========================================================================
== Identity of this database ===========================================

CONTAINER	     DB_NAME	  DB_UNIQUE_NAME	 DBID CREATED	LOG_MODE     OPEN_MODE
-------------------- ------------ ---------------- ---------- --------- ------------ --------------------
PDBCLONE_P4	     FREE	  FREE		   1515294104 06-SEP-26 ARCHIVELOG   READ WRITE

1 row selected.

== Keystore state from v$encryption_wallet =============================

WRL_TYPE WRL_PARAMETER								STATUS		   WALLET_TYPE	   KEYSTORE CON_ID
-------- ---------------------------------------------------------------------- ------------------ --------------- -------- ------
FILE										OPEN		   LOCAL_AUTOLOGIN UNITED	 5

1 row selected.

== Master encryption keys from v$encryption_keys =======================

KEY_ID							 KEY_USE    KEYSTORE_TYPE  ORIGIN     BACKED_UP CREATION_TIME	       ACTIVATION_TIME
-------------------------------------------------------- ---------- -------------- ---------- --------- ---------------------- ----------------------
CREATOR_PDBNAME
--------------------------------------------------------------------------------------------------------------------------------
ACTIVATING_PDBNAME														 CON_ID
-------------------------------------------------------------------------------------------------------------------------------- ------
AafZVKX1uUI9jE75CE2uNH0AAAAAAAAAAAAAAAAAAAAAAAAAAAAA	 TDE IN PDB SOFTWARE KEYST LOCAL      NO	06.09.2026 05:43:02    06.09.2026 05:43:02
								    ORE

PDBCLONE_P4															      5


1 row selected.

== Tablespace key chain from v$encrypted_tablespaces ===================

TS_NAME 		    TS# ENCRYPTI ENC MASTERKEYID_HEX			KEY_VERSION STATUS	       ENCRYPTEDKEY_HEX 						  BLOCKS_ENCRYPTED BLOCKS_DECRYPTED CON_ID
-------------------- ---------- -------- --- ---------------------------------- ----------- ------------------ ------------------------------------------------------------------ ---------------- ---------------- ------
CLONE_ENC		      5 AES256	 YES A7D954A5F5B9423D8C4EF9084DAE347D		  0 NORMAL	       F19A97984D1DA8EBFEEE076E9C11D365B6AFE027EA3C8172630A4368BC4FE608 		 0		350	 5

1 row selected.

== Full v$encrypted_tablespaces row (version specific columns) =========

       TS# ENCRYPTI ENC ENCRYPTEDKEY							 MASTERKEYID			  BLOCKS_ENCRYPTED BLOCKS_DECRYPTED KEY_VERSION STATUS		   CIPHERMODE	 CON_ID
---------- -------- --- ---------------------------------------------------------------- -------------------------------- ---------------- ---------------- ----------- ------------------ ------------- ------
	 5 AES256   YES F19A97984D1DA8EBFEEE076E9C11D365B6AFE027EA3C8172630A4368BC4FE608 A7D954A5F5B9423D8C4EF9084DAE347D		 0		350	      0 NORMAL		   XTS		      5

1 row selected.

== Implicit database key for SYSTEM / UNDO / TEMP ======================

ENCRYPTI ENCRYPTEDKEY											  MASTERKEYID			   MAS CIPHERMODE    CON_ID
-------- ------------------------------------------------------------------------------------------------ -------------------------------- --- ------------- ------
AES256	 2439436FA32E69511180763E69C1DBECC91ADE832F82DB325C7CE3578A062A6300000000000000000000000000000000 A7D954A5F5B9423D8C4EF9084DAE347D YES XTS		  5

1 row selected.

== Datafiles of encrypted tablespaces ==================================

TS_NAME 	     RELATIVE_FNO FILE_NAME								     BLOCKS BLOCK_SIZE	    BYTES
-------------------- ------------ ---------------------------------------------------------------------- ---------- ---------- ----------
CLONE_ENC		     1024 /opt/oracle/oradata/FREE/5ACB03E7D8741489E063030013ACFEBA/datafile/o1_       6400	  8192	 52428800
				  mf_clone_en_o9szjoz7_.dbf


1 row selected.

2026-09-06 07:46:06 INFO  listing datafiles of tablespace CLONE_ENC in PDB PDBCLONE_P4
2026-09-06 07:46:07 INFO  found 1 datafile(s)
2026-09-06 07:46:07 INFO  fingerprinting o1_mf_clone_en_o9szjoz7_.dbf (block size 8192)
wrote /Users/stefan.oehrli/Repos/own/oehrlis/oracle-free-labs/data/xchange/evidence/pdb_p4_remote/o1_mf_clone_en_o9szjoz7_.dbf.fp
2026-09-06 07:46:07 INFO  scanning o1_mf_clone_en_o9szjoz7_.dbf for the clear-text marker
no hits - needle not present as plaintext in this datafile
2026-09-06 07:46:07 INFO  manifest written to /Users/stefan.oehrli/Repos/own/oehrlis/oracle-free-labs/data/xchange/evidence/pdb_p4_remote/manifest.txt
2026-09-06 07:46:07 INFO  Done.

========================================================================
== Compare 'pdb_p4_remote' vs 'pdb_baseline'
========================================================================
2026-09-06 07:46:07 INFO  comparing evidence sets 'pdb_baseline' vs 'pdb_p4_remote'
2026-09-06 07:46:07 INFO  Starting tde_evidence.sh 0.1.0
2026-09-06 07:46:08 WARN  datafile renamed between the two sets: o1_mf_clone_en_o9szc71g_.dbf.fp vs o1_mf_clone_en_o9szjoz7_.dbf.fp
2026-09-06 07:46:08 WARN  pairing them anyway because each set holds exactly one datafile

== Block-level ciphertext comparison ==
A: pdb_baseline/o1_mf_clone_en_o9szc71g_.dbf.fp
B: pdb_p4_remote/o1_mf_clone_en_o9szc71g_.dbf.fp
block_size A/B: 8192/8192
blocks compared: 6401
identical: 1
differing: 6400
first differing blocks: [1, 2, 3, 4, 5, 6, 7, 8, 9, 10, 11, 12, 13, 14, 15, 16, 17, 18, 19, 20]
... and 6380 more
verdict: MIXED - 6400 of 6401 blocks changed; inspect which ranges differ before drawing a conclusion
2026-09-06 07:46:08 INFO  compared 1 datafile(s)
2026-09-06 07:46:08 INFO  Done.
canary blocks:   identical 0 differing 313 total 313 (expect all differing - a clone re-encrypts)

Key summary for pdb_p4_remote (PDBCLONE_P4):
  MASTERKEYID : A7D954A5F5B9423D8C4EF9084DAE347D
  Wrapped TEK : F19A97984D1DA8EBFEEE076E9C11D365B6AFE027EA3C8172630A4368BC4FE608
  Notes       : ORIGIN=LOCAL KEY_VERSION=0

Key summary for pdb_baseline  (PDBCLONE):
  MASTERKEYID : A7D954A5F5B9423D8C4EF9084DAE347D
  Wrapped TEK : FC11003A257C8515095D64B4E961E7328964A6DE12A90D729147009A85E38760

TEK comparison:  DIFFERENT
ORIGIN in clone: LOCAL (expect: IMPORTED)
KEY_VERSION:     0

------------------------------------------------------------------------
VERDICT: PASS - P4: remote clone produced NEW tablespace key material (identical 0 differing 313 total 313), ORIGIN=LOCAL. The MASTERKEYID matches the source, so the differing wrapped key is not a re-wrap. Same behaviour as the local clone in P1, and the opposite of the archive transport in P2
------------------------------------------------------------------------
2026-09-06 07:46:10 INFO  Done.

========================================================================
  STEP 66: PDB P7: ORIGIN of the transported key in the target
  Script: /Users/stefan.oehrli/Repos/own/oehrlis/oracle-free-labs/scripts/tde-verify/tests/66_pdb_p7_origin.sh
  Time:   2026-09-06 07:46:10
========================================================================
2026-09-06 07:46:11 INFO  Starting 66_pdb_p7_origin.sh 0.1.0

========================================================================
== Step 66: PDB P7 - ORIGIN of the transported key
========================================================================
2026-09-06 07:46:11 INFO  Target PDB: PDBCLONE_P4 in odbencdev

========================================================================
== v$encryption_keys in target PDBCLONE_P4 (dev)
========================================================================

Session altered.


KEY_ID									       KEY_USE	  KEYSTORE_TYPE     ORIGIN				      BACKED_UP
------------------------------------------------------------------------------ ---------- ----------------- ----------------------------------------- ---------
CREATION_TIME
---------------------------------------------------------------------------
AafZVKX1uUI9jE75CE2uNH0AAAAAAAAAAAAAAAAAAAAAAAAAAAAA			       TDE IN PDB SOFTWARE KEYSTORE LOCAL				      NO
06-SEP-26 05.43.02.810786 AM +00:00


1 row selected.

========================================================================
== v$encryption_keys in source PDBCLONE (prod)
========================================================================

Session altered.


KEY_ID									       KEY_USE	  KEYSTORE_TYPE     ORIGIN				      BACKED_UP
------------------------------------------------------------------------------ ---------- ----------------- ----------------------------------------- ---------
CREATION_TIME
---------------------------------------------------------------------------
AafZVKX1uUI9jE75CE2uNH0AAAAAAAAAAAAAAAAAAAAAAAAAAAAA			       TDE IN PDB SOFTWARE KEYSTORE LOCAL				      NO
06-SEP-26 05.43.02.810786 AM +00:00


1 row selected.
2026-09-06 07:46:12 INFO  tablespace CLONE_ENC in PDBCLONE_P4 depends on MEK A7D954A5F5B9423D8C4EF9084DAE347D

========================================================================
== ORIGIN Comparison Table
========================================================================
  Context                                     ORIGIN
  ------------------------------------------  --------
  Source PDBCLONE in prod (native creation)   LOCAL
  PDB archive import P2 (from state)          LOCAL
  Remote clone + key import P4 (from state)   LOCAL
  Current target PDBCLONE_P4 (measured now)   LOCAL
  RMAN Variant A (copied keystore, reference)  LOCAL (documented)

Key distinction: IMPORTED traces the key provenance; LOCAL does not.
A copied keystore (Variant A) leaves no audit trail in v$encryption_keys.

------------------------------------------------------------------------
VERDICT: PASS - P7: the key A7D954A5F5B9423D8C4EF9084DAE347D was transported out of production by EXPORT/IMPORT KEYS, yet the target reports ORIGIN=LOCAL. Nothing in v$encryption_keys distinguishes a transported production key from one generated on the spot - the provenance question cannot be answered from the database
------------------------------------------------------------------------
2026-09-06 07:46:12 INFO  Done.

========================================================================
  STEP 67: PDB P8: KEY_VERSION after plug-in to foreign CDB
  Script: /Users/stefan.oehrli/Repos/own/oehrlis/oracle-free-labs/scripts/tde-verify/tests/67_pdb_p8_keyver.sh
  Time:   2026-09-06 07:46:12
========================================================================
2026-09-06 07:46:13 INFO  Starting 67_pdb_p8_keyver.sh 0.1.0

========================================================================
== Step 67: PDB P8 - KEY_VERSION after plug-in to foreign CDB
========================================================================
2026-09-06 07:46:13 INFO  Target PDB: PDBCLONE_P4 in odbencdev

========================================================================
== v$encrypted_tablespaces in source PDBCLONE (prod)
========================================================================

Session altered.


NAME			       ENCRYPT KEY_VERSION MASTERKEYID
------------------------------ ------- ----------- --------------------------------
CLONE_ENC		       AES256		 0 A7D954A5F5B9423D8C4EF9084DAE347D

1 row selected.

========================================================================
== v$encrypted_tablespaces in target PDBCLONE_P4 (dev)
========================================================================

Session altered.


NAME			       ENCRYPT KEY_VERSION MASTERKEYID
------------------------------ ------- ----------- --------------------------------
CLONE_ENC		       AES256		 0 A7D954A5F5B9423D8C4EF9084DAE347D

1 row selected.

========================================================================
== KEY_VERSION Comparison
========================================================================
  Context                                       KEY_VERSION
  --------------------------------------------  -----------
  Source PDBCLONE/CLONE_ENC (prod)              0
  Target PDBCLONE_P4/CLONE_ENC (dev, now)       0
  Target at P2 plug-in (from state)             0
  Target at P4 plug-in (from state)             0

Oracle documentation: KEY_VERSION may reset to 0 after plug-in to a
foreign CDB. Subsequent MEK rotation (P5) or ONLINE REKEY (P6)
will increment KEY_VERSION further.

------------------------------------------------------------------------
VERDICT: PASS - P8 informational: KEY_VERSION unchanged (0) - doc reset to 0 not observed here
------------------------------------------------------------------------
2026-09-06 07:46:14 INFO  Done.

========================================================================
  STEP 68: PDB P5: MEK rotation in target after P2 or P4
  Script: /Users/stefan.oehrli/Repos/own/oehrlis/oracle-free-labs/scripts/tde-verify/tests/68_pdb_p5_mekrot.sh
  Time:   2026-09-06 07:46:14
========================================================================
2026-09-06 07:46:14 INFO  Starting 68_pdb_p5_mekrot.sh 0.1.0

========================================================================
== Step 68: PDB P5 - MEK rotation in target PDB
========================================================================
2026-09-06 07:46:15 INFO  Target PDB: PDBCLONE_P4 in odbencdev

========================================================================
== Key state BEFORE MEK rotation
========================================================================

Session altered.


KEY_ID									       KEY_USE	  ORIGIN				    KEYSTORE_TYPE
------------------------------------------------------------------------------ ---------- ----------------------------------------- -----------------
AafZVKX1uUI9jE75CE2uNH0AAAAAAAAAAAAAAAAAAAAAAAAAAAAA			       TDE IN PDB LOCAL 				    SOFTWARE KEYSTORE

1 row selected.


MASTERKEYID_BEFORE		 ENCRYPTEDKEY_BEFORE						  KEY_VERSION
-------------------------------- ---------------------------------------------------------------- -----------
A7D954A5F5B9423D8C4EF9084DAE347D F19A97984D1DA8EBFEEE076E9C11D365B6AFE027EA3C8172630A4368BC4FE608	    0

1 row selected.

========================================================================
== Collect evidence set 'pdb_p5_mekrot_before' (target before rotation)
========================================================================
2026-09-06 07:46:16 INFO  collecting evidence set 'pdb_p5_mekrot_before' from odbencdev
2026-09-06 07:46:16 INFO  Starting tde_evidence.sh 0.1.0
2026-09-06 07:46:16 INFO  evidence set 'pdb_p5_mekrot_before' -> /Users/stefan.oehrli/Repos/own/oehrlis/oracle-free-labs/data/xchange/evidence/pdb_p5_mekrot_before
2026-09-06 07:46:16 INFO  collecting key chain evidence from odbencdev (CDB$ROOT)

Session altered.

========================================================================
== TDE key chain evidence snapshot =====================================
========================================================================
== Identity of this database ===========================================

CONTAINER	     DB_NAME	  DB_UNIQUE_NAME	 DBID CREATED	LOG_MODE     OPEN_MODE
-------------------- ------------ ---------------- ---------- --------- ------------ --------------------
CDB$ROOT	     FREE	  FREE		   1515294104 06-SEP-26 ARCHIVELOG   READ WRITE

1 row selected.

== Keystore state from v$encryption_wallet =============================

WRL_TYPE WRL_PARAMETER								STATUS		   WALLET_TYPE	   KEYSTORE CON_ID
-------- ---------------------------------------------------------------------- ------------------ --------------- -------- ------
FILE	 /opt/oracle/dbconfig/FREE/wallet/tde/					OPEN		   LOCAL_AUTOLOGIN NONE 	 1
FILE										OPEN		   LOCAL_AUTOLOGIN UNITED	 2
FILE										OPEN_NO_MASTER_KEY LOCAL_AUTOLOGIN UNITED	 3
FILE										OPEN		   LOCAL_AUTOLOGIN UNITED	 4
FILE										OPEN		   LOCAL_AUTOLOGIN UNITED	 5

5 rows selected.

== Master encryption keys from v$encryption_keys =======================

KEY_ID							 KEY_USE    KEYSTORE_TYPE  ORIGIN     BACKED_UP CREATION_TIME	       ACTIVATION_TIME
-------------------------------------------------------- ---------- -------------- ---------- --------- ---------------------- ----------------------
CREATOR_PDBNAME
--------------------------------------------------------------------------------------------------------------------------------
ACTIVATING_PDBNAME														 CON_ID
-------------------------------------------------------------------------------------------------------------------------------- ------
AafZVKX1uUI9jE75CE2uNH0AAAAAAAAAAAAAAAAAAAAAAAAAAAAA	 TDE IN PDB SOFTWARE KEYST LOCAL      NO	06.09.2026 05:43:02    06.09.2026 05:43:02
								    ORE
PDBCLONE_P2
PDBCLONE_P2															      4

ASOmkoL9D046mwUNY4/PwUcAAAAAAAAAAAAAAAAAAAAAAAAAAAAA	 TDE IN PDB SOFTWARE KEYST LOCAL      NO	06.09.2026 05:45:18    06.09.2026 05:45:18
								    ORE
CDB$ROOT
CDB$ROOT															      1


2 rows selected.

== Tablespace key chain from v$encrypted_tablespaces ===================

TS_NAME 		    TS# ENCRYPTI ENC MASTERKEYID_HEX			KEY_VERSION STATUS	       ENCRYPTEDKEY_HEX 						  BLOCKS_ENCRYPTED BLOCKS_DECRYPTED CON_ID
-------------------- ---------- -------- --- ---------------------------------- ----------- ------------------ ------------------------------------------------------------------ ---------------- ---------------- ------
CLONE_ENC		      5 AES256	 YES A7D954A5F5B9423D8C4EF9084DAE347D		  0 NORMAL	       F19A97984D1DA8EBFEEE076E9C11D365B6AFE027EA3C8172630A4368BC4FE608 		 0		358	 5
CLONE_ENC		      5 AES256	 YES A7D954A5F5B9423D8C4EF9084DAE347D		  0 NORMAL	       FC11003A257C8515095D64B4E961E7328964A6DE12A90D729147009A85E38760 		 0		261	 4

2 rows selected.

== Full v$encrypted_tablespaces row (version specific columns) =========

       TS# ENCRYPTI ENC ENCRYPTEDKEY							 MASTERKEYID			  BLOCKS_ENCRYPTED BLOCKS_DECRYPTED KEY_VERSION STATUS		   CIPHERMODE	 CON_ID
---------- -------- --- ---------------------------------------------------------------- -------------------------------- ---------------- ---------------- ----------- ------------------ ------------- ------
	 5 AES256   YES FC11003A257C8515095D64B4E961E7328964A6DE12A90D729147009A85E38760 A7D954A5F5B9423D8C4EF9084DAE347D		 0		261	      0 NORMAL		   XTS		      4
	 5 AES256   YES F19A97984D1DA8EBFEEE076E9C11D365B6AFE027EA3C8172630A4368BC4FE608 A7D954A5F5B9423D8C4EF9084DAE347D		 0		358	      0 NORMAL		   XTS		      5

2 rows selected.

== Implicit database key for SYSTEM / UNDO / TEMP ======================

ENCRYPTI ENCRYPTEDKEY											  MASTERKEYID			   MAS CIPHERMODE    CON_ID
-------- ------------------------------------------------------------------------------------------------ -------------------------------- --- ------------- ------
AES256	 BE5009F6587568E7195B790D5A5F776ABC285786BF05EE7067D45932AD2F2F9000000000000000000000000000000000 23A69282FD0F4E3A9B050D638FCFC147 YES XTS		  1
NONE	 000000000000000000000000000000000000000000000000000000000000000000000000000000000000000000000000 00000000000000000000000000000000 NO  CFB		  2
AES256	 291C155300EE3C6C063B04D5D893B0D3A45C8234917949F174E855E0561DEAA000000000000000000000000000000000 6E028F9A153C4FFB887C1FE283A93AEF NO  XTS		  3
AES256	 2439436FA32E69511180763E69C1DBECC91ADE832F82DB325C7CE3578A062A6300000000000000000000000000000000 A7D954A5F5B9423D8C4EF9084DAE347D YES XTS		  4
AES256	 2439436FA32E69511180763E69C1DBECC91ADE832F82DB325C7CE3578A062A6300000000000000000000000000000000 A7D954A5F5B9423D8C4EF9084DAE347D YES XTS		  5

5 rows selected.

== Datafiles of encrypted tablespaces ==================================

no rows selected

2026-09-06 07:46:16 INFO  collecting key chain evidence from odbencdev (PDB PDBCLONE_P4)

Session altered.


Session altered.

========================================================================
== TDE key chain evidence snapshot =====================================
========================================================================
== Identity of this database ===========================================

CONTAINER	     DB_NAME	  DB_UNIQUE_NAME	 DBID CREATED	LOG_MODE     OPEN_MODE
-------------------- ------------ ---------------- ---------- --------- ------------ --------------------
PDBCLONE_P4	     FREE	  FREE		   1515294104 06-SEP-26 ARCHIVELOG   READ WRITE

1 row selected.

== Keystore state from v$encryption_wallet =============================

WRL_TYPE WRL_PARAMETER								STATUS		   WALLET_TYPE	   KEYSTORE CON_ID
-------- ---------------------------------------------------------------------- ------------------ --------------- -------- ------
FILE										OPEN		   LOCAL_AUTOLOGIN UNITED	 5

1 row selected.

== Master encryption keys from v$encryption_keys =======================

KEY_ID							 KEY_USE    KEYSTORE_TYPE  ORIGIN     BACKED_UP CREATION_TIME	       ACTIVATION_TIME
-------------------------------------------------------- ---------- -------------- ---------- --------- ---------------------- ----------------------
CREATOR_PDBNAME
--------------------------------------------------------------------------------------------------------------------------------
ACTIVATING_PDBNAME														 CON_ID
-------------------------------------------------------------------------------------------------------------------------------- ------
AafZVKX1uUI9jE75CE2uNH0AAAAAAAAAAAAAAAAAAAAAAAAAAAAA	 TDE IN PDB SOFTWARE KEYST LOCAL      NO	06.09.2026 05:43:02    06.09.2026 05:43:02
								    ORE

PDBCLONE_P4															      5


1 row selected.

== Tablespace key chain from v$encrypted_tablespaces ===================

TS_NAME 		    TS# ENCRYPTI ENC MASTERKEYID_HEX			KEY_VERSION STATUS	       ENCRYPTEDKEY_HEX 						  BLOCKS_ENCRYPTED BLOCKS_DECRYPTED CON_ID
-------------------- ---------- -------- --- ---------------------------------- ----------- ------------------ ------------------------------------------------------------------ ---------------- ---------------- ------
CLONE_ENC		      5 AES256	 YES A7D954A5F5B9423D8C4EF9084DAE347D		  0 NORMAL	       F19A97984D1DA8EBFEEE076E9C11D365B6AFE027EA3C8172630A4368BC4FE608 		 0		358	 5

1 row selected.

== Full v$encrypted_tablespaces row (version specific columns) =========

       TS# ENCRYPTI ENC ENCRYPTEDKEY							 MASTERKEYID			  BLOCKS_ENCRYPTED BLOCKS_DECRYPTED KEY_VERSION STATUS		   CIPHERMODE	 CON_ID
---------- -------- --- ---------------------------------------------------------------- -------------------------------- ---------------- ---------------- ----------- ------------------ ------------- ------
	 5 AES256   YES F19A97984D1DA8EBFEEE076E9C11D365B6AFE027EA3C8172630A4368BC4FE608 A7D954A5F5B9423D8C4EF9084DAE347D		 0		358	      0 NORMAL		   XTS		      5

1 row selected.

== Implicit database key for SYSTEM / UNDO / TEMP ======================

ENCRYPTI ENCRYPTEDKEY											  MASTERKEYID			   MAS CIPHERMODE    CON_ID
-------- ------------------------------------------------------------------------------------------------ -------------------------------- --- ------------- ------
AES256	 2439436FA32E69511180763E69C1DBECC91ADE832F82DB325C7CE3578A062A6300000000000000000000000000000000 A7D954A5F5B9423D8C4EF9084DAE347D YES XTS		  5

1 row selected.

== Datafiles of encrypted tablespaces ==================================

TS_NAME 	     RELATIVE_FNO FILE_NAME								     BLOCKS BLOCK_SIZE	    BYTES
-------------------- ------------ ---------------------------------------------------------------------- ---------- ---------- ----------
CLONE_ENC		     1024 /opt/oracle/oradata/FREE/5ACB03E7D8741489E063030013ACFEBA/datafile/o1_       6400	  8192	 52428800
				  mf_clone_en_o9szjoz7_.dbf


1 row selected.

2026-09-06 07:46:17 INFO  listing datafiles of tablespace CLONE_ENC in PDB PDBCLONE_P4
2026-09-06 07:46:17 INFO  found 1 datafile(s)
2026-09-06 07:46:17 INFO  fingerprinting o1_mf_clone_en_o9szjoz7_.dbf (block size 8192)
wrote /Users/stefan.oehrli/Repos/own/oehrlis/oracle-free-labs/data/xchange/evidence/pdb_p5_mekrot_before/o1_mf_clone_en_o9szjoz7_.dbf.fp
2026-09-06 07:46:17 INFO  scanning o1_mf_clone_en_o9szjoz7_.dbf for the clear-text marker
no hits - needle not present as plaintext in this datafile
2026-09-06 07:46:17 INFO  manifest written to /Users/stefan.oehrli/Repos/own/oehrlis/oracle-free-labs/data/xchange/evidence/pdb_p5_mekrot_before/manifest.txt
2026-09-06 07:46:18 INFO  Done.

========================================================================
== MEK rotation in PDBCLONE_P4
========================================================================

Session altered.


keystore altered.


STATUS
-----------------
MEK rotation done


========================================================================
== Key state AFTER MEK rotation
========================================================================

Session altered.


KEY_ID									       KEY_USE	  ORIGIN				    KEYSTORE_TYPE
------------------------------------------------------------------------------ ---------- ----------------------------------------- -----------------
AcxIicwRoEdPrTQx2pZ1+x0AAAAAAAAAAAAAAAAAAAAAAAAAAAAA			       TDE IN PDB LOCAL 				    SOFTWARE KEYSTORE

1 row selected.


MASTERKEYID_AFTER		 ENCRYPTEDKEY_AFTER						  KEY_VERSION
-------------------------------- ---------------------------------------------------------------- -----------
A7D954A5F5B9423D8C4EF9084DAE347D F19A97984D1DA8EBFEEE076E9C11D365B6AFE027EA3C8172630A4368BC4FE608	    0

1 row selected.

========================================================================
== Collect evidence set 'pdb_p5_mekrot' (after rotation, tablespace READ ONLY)
========================================================================
2026-09-06 07:46:19 INFO  collecting evidence set 'pdb_p5_mekrot' from odbencdev
2026-09-06 07:46:19 INFO  Starting tde_evidence.sh 0.1.0
2026-09-06 07:46:19 INFO  evidence set 'pdb_p5_mekrot' -> /Users/stefan.oehrli/Repos/own/oehrlis/oracle-free-labs/data/xchange/evidence/pdb_p5_mekrot
2026-09-06 07:46:19 INFO  collecting key chain evidence from odbencdev (CDB$ROOT)

Session altered.

========================================================================
== TDE key chain evidence snapshot =====================================
========================================================================
== Identity of this database ===========================================

CONTAINER	     DB_NAME	  DB_UNIQUE_NAME	 DBID CREATED	LOG_MODE     OPEN_MODE
-------------------- ------------ ---------------- ---------- --------- ------------ --------------------
CDB$ROOT	     FREE	  FREE		   1515294104 06-SEP-26 ARCHIVELOG   READ WRITE

1 row selected.

== Keystore state from v$encryption_wallet =============================

WRL_TYPE WRL_PARAMETER								STATUS		   WALLET_TYPE	   KEYSTORE CON_ID
-------- ---------------------------------------------------------------------- ------------------ --------------- -------- ------
FILE	 /opt/oracle/dbconfig/FREE/wallet/tde/					OPEN		   LOCAL_AUTOLOGIN NONE 	 1
FILE										OPEN		   LOCAL_AUTOLOGIN UNITED	 2
FILE										OPEN_NO_MASTER_KEY LOCAL_AUTOLOGIN UNITED	 3
FILE										OPEN		   LOCAL_AUTOLOGIN UNITED	 4
FILE										OPEN		   LOCAL_AUTOLOGIN UNITED	 5

5 rows selected.

== Master encryption keys from v$encryption_keys =======================

KEY_ID							 KEY_USE    KEYSTORE_TYPE  ORIGIN     BACKED_UP CREATION_TIME	       ACTIVATION_TIME
-------------------------------------------------------- ---------- -------------- ---------- --------- ---------------------- ----------------------
CREATOR_PDBNAME
--------------------------------------------------------------------------------------------------------------------------------
ACTIVATING_PDBNAME														 CON_ID
-------------------------------------------------------------------------------------------------------------------------------- ------
AafZVKX1uUI9jE75CE2uNH0AAAAAAAAAAAAAAAAAAAAAAAAAAAAA	 TDE IN PDB SOFTWARE KEYST LOCAL      YES	06.09.2026 05:43:02    06.09.2026 05:43:02
								    ORE
PDBCLONE_P2
PDBCLONE_P2															      4

ASOmkoL9D046mwUNY4/PwUcAAAAAAAAAAAAAAAAAAAAAAAAAAAAA	 TDE IN PDB SOFTWARE KEYST LOCAL      YES	06.09.2026 05:45:18    06.09.2026 05:45:18
								    ORE
CDB$ROOT
CDB$ROOT															      1

AcxIicwRoEdPrTQx2pZ1+x0AAAAAAAAAAAAAAAAAAAAAAAAAAAAA	 TDE IN PDB SOFTWARE KEYST LOCAL      NO	06.09.2026 05:46:18    06.09.2026 05:46:18
								    ORE
PDBCLONE_P4
PDBCLONE_P4															      5


3 rows selected.

== Tablespace key chain from v$encrypted_tablespaces ===================

TS_NAME 		    TS# ENCRYPTI ENC MASTERKEYID_HEX			KEY_VERSION STATUS	       ENCRYPTEDKEY_HEX 						  BLOCKS_ENCRYPTED BLOCKS_DECRYPTED CON_ID
-------------------- ---------- -------- --- ---------------------------------- ----------- ------------------ ------------------------------------------------------------------ ---------------- ---------------- ------
CLONE_ENC		      5 AES256	 YES A7D954A5F5B9423D8C4EF9084DAE347D		  0 NORMAL	       F19A97984D1DA8EBFEEE076E9C11D365B6AFE027EA3C8172630A4368BC4FE608 		 0		358	 5
CLONE_ENC		      5 AES256	 YES A7D954A5F5B9423D8C4EF9084DAE347D		  0 NORMAL	       FC11003A257C8515095D64B4E961E7328964A6DE12A90D729147009A85E38760 		 0		261	 4

2 rows selected.

== Full v$encrypted_tablespaces row (version specific columns) =========

       TS# ENCRYPTI ENC ENCRYPTEDKEY							 MASTERKEYID			  BLOCKS_ENCRYPTED BLOCKS_DECRYPTED KEY_VERSION STATUS		   CIPHERMODE	 CON_ID
---------- -------- --- ---------------------------------------------------------------- -------------------------------- ---------------- ---------------- ----------- ------------------ ------------- ------
	 5 AES256   YES FC11003A257C8515095D64B4E961E7328964A6DE12A90D729147009A85E38760 A7D954A5F5B9423D8C4EF9084DAE347D		 0		261	      0 NORMAL		   XTS		      4
	 5 AES256   YES F19A97984D1DA8EBFEEE076E9C11D365B6AFE027EA3C8172630A4368BC4FE608 A7D954A5F5B9423D8C4EF9084DAE347D		 0		358	      0 NORMAL		   XTS		      5

2 rows selected.

== Implicit database key for SYSTEM / UNDO / TEMP ======================

ENCRYPTI ENCRYPTEDKEY											  MASTERKEYID			   MAS CIPHERMODE    CON_ID
-------- ------------------------------------------------------------------------------------------------ -------------------------------- --- ------------- ------
AES256	 BE5009F6587568E7195B790D5A5F776ABC285786BF05EE7067D45932AD2F2F9000000000000000000000000000000000 23A69282FD0F4E3A9B050D638FCFC147 YES XTS		  1
NONE	 000000000000000000000000000000000000000000000000000000000000000000000000000000000000000000000000 00000000000000000000000000000000 NO  CFB		  2
AES256	 291C155300EE3C6C063B04D5D893B0D3A45C8234917949F174E855E0561DEAA000000000000000000000000000000000 6E028F9A153C4FFB887C1FE283A93AEF NO  XTS		  3
AES256	 2439436FA32E69511180763E69C1DBECC91ADE832F82DB325C7CE3578A062A6300000000000000000000000000000000 A7D954A5F5B9423D8C4EF9084DAE347D YES XTS		  4
AES256	 D79724909B33C7FEB721809F735596801F90F3C556FF8D2F842094E1F655791F00000000000000000000000000000000 CC4889CC11A0474FAD3431DA9675FB1D YES XTS		  5

5 rows selected.

== Datafiles of encrypted tablespaces ==================================

no rows selected

2026-09-06 07:46:19 INFO  collecting key chain evidence from odbencdev (PDB PDBCLONE_P4)

Session altered.


Session altered.

========================================================================
== TDE key chain evidence snapshot =====================================
========================================================================
== Identity of this database ===========================================

CONTAINER	     DB_NAME	  DB_UNIQUE_NAME	 DBID CREATED	LOG_MODE     OPEN_MODE
-------------------- ------------ ---------------- ---------- --------- ------------ --------------------
PDBCLONE_P4	     FREE	  FREE		   1515294104 06-SEP-26 ARCHIVELOG   READ WRITE

1 row selected.

== Keystore state from v$encryption_wallet =============================

WRL_TYPE WRL_PARAMETER								STATUS		   WALLET_TYPE	   KEYSTORE CON_ID
-------- ---------------------------------------------------------------------- ------------------ --------------- -------- ------
FILE										OPEN		   LOCAL_AUTOLOGIN UNITED	 5

1 row selected.

== Master encryption keys from v$encryption_keys =======================

KEY_ID							 KEY_USE    KEYSTORE_TYPE  ORIGIN     BACKED_UP CREATION_TIME	       ACTIVATION_TIME
-------------------------------------------------------- ---------- -------------- ---------- --------- ---------------------- ----------------------
CREATOR_PDBNAME
--------------------------------------------------------------------------------------------------------------------------------
ACTIVATING_PDBNAME														 CON_ID
-------------------------------------------------------------------------------------------------------------------------------- ------
AcxIicwRoEdPrTQx2pZ1+x0AAAAAAAAAAAAAAAAAAAAAAAAAAAAA	 TDE IN PDB SOFTWARE KEYST LOCAL      NO	06.09.2026 05:46:18    06.09.2026 05:46:18
								    ORE
PDBCLONE_P4
PDBCLONE_P4															      5


1 row selected.

== Tablespace key chain from v$encrypted_tablespaces ===================

TS_NAME 		    TS# ENCRYPTI ENC MASTERKEYID_HEX			KEY_VERSION STATUS	       ENCRYPTEDKEY_HEX 						  BLOCKS_ENCRYPTED BLOCKS_DECRYPTED CON_ID
-------------------- ---------- -------- --- ---------------------------------- ----------- ------------------ ------------------------------------------------------------------ ---------------- ---------------- ------
CLONE_ENC		      5 AES256	 YES A7D954A5F5B9423D8C4EF9084DAE347D		  0 NORMAL	       F19A97984D1DA8EBFEEE076E9C11D365B6AFE027EA3C8172630A4368BC4FE608 		 0		358	 5

1 row selected.

== Full v$encrypted_tablespaces row (version specific columns) =========

       TS# ENCRYPTI ENC ENCRYPTEDKEY							 MASTERKEYID			  BLOCKS_ENCRYPTED BLOCKS_DECRYPTED KEY_VERSION STATUS		   CIPHERMODE	 CON_ID
---------- -------- --- ---------------------------------------------------------------- -------------------------------- ---------------- ---------------- ----------- ------------------ ------------- ------
	 5 AES256   YES F19A97984D1DA8EBFEEE076E9C11D365B6AFE027EA3C8172630A4368BC4FE608 A7D954A5F5B9423D8C4EF9084DAE347D		 0		358	      0 NORMAL		   XTS		      5

1 row selected.

== Implicit database key for SYSTEM / UNDO / TEMP ======================

ENCRYPTI ENCRYPTEDKEY											  MASTERKEYID			   MAS CIPHERMODE    CON_ID
-------- ------------------------------------------------------------------------------------------------ -------------------------------- --- ------------- ------
AES256	 D79724909B33C7FEB721809F735596801F90F3C556FF8D2F842094E1F655791F00000000000000000000000000000000 CC4889CC11A0474FAD3431DA9675FB1D YES XTS		  5

1 row selected.

== Datafiles of encrypted tablespaces ==================================

TS_NAME 	     RELATIVE_FNO FILE_NAME								     BLOCKS BLOCK_SIZE	    BYTES
-------------------- ------------ ---------------------------------------------------------------------- ---------- ---------- ----------
CLONE_ENC		     1024 /opt/oracle/oradata/FREE/5ACB03E7D8741489E063030013ACFEBA/datafile/o1_       6400	  8192	 52428800
				  mf_clone_en_o9szjoz7_.dbf


1 row selected.

2026-09-06 07:46:20 INFO  listing datafiles of tablespace CLONE_ENC in PDB PDBCLONE_P4
2026-09-06 07:46:20 INFO  found 1 datafile(s)
2026-09-06 07:46:20 INFO  fingerprinting o1_mf_clone_en_o9szjoz7_.dbf (block size 8192)
wrote /Users/stefan.oehrli/Repos/own/oehrlis/oracle-free-labs/data/xchange/evidence/pdb_p5_mekrot/o1_mf_clone_en_o9szjoz7_.dbf.fp
2026-09-06 07:46:20 INFO  scanning o1_mf_clone_en_o9szjoz7_.dbf for the clear-text marker
no hits - needle not present as plaintext in this datafile
2026-09-06 07:46:20 INFO  manifest written to /Users/stefan.oehrli/Repos/own/oehrlis/oracle-free-labs/data/xchange/evidence/pdb_p5_mekrot/manifest.txt
2026-09-06 07:46:20 INFO  Done.

========================================================================
== Compare 'pdb_p5_mekrot' vs 'pdb_p5_mekrot_before'
========================================================================
2026-09-06 07:46:20 INFO  comparing evidence sets 'pdb_p5_mekrot_before' vs 'pdb_p5_mekrot'
2026-09-06 07:46:21 INFO  Starting tde_evidence.sh 0.1.0

== Block-level ciphertext comparison ==
A: pdb_p5_mekrot_before/o1_mf_clone_en_o9szjoz7_.dbf.fp
B: pdb_p5_mekrot/o1_mf_clone_en_o9szjoz7_.dbf.fp
block_size A/B: 8192/8192
blocks compared: 6401
identical: 6401
differing: 0
verdict: IDENTICAL - byte-for-byte equal, no re-encryption whatsoever
2026-09-06 07:46:21 INFO  compared 1 datafile(s)
2026-09-06 07:46:21 INFO  Done.

========================================================================
== Phase B: set CLONE_ENC READ WRITE and rotate again
========================================================================

Session altered.


Tablespace altered.


TABLESPACE_NAME 	       STATUS
------------------------------ ---------
CLONE_ENC		       ONLINE

Session altered.


keystore altered.


========================================================================
== Collect evidence set 'pdb_p5_mekrot_rw' (after rotation, tablespace READ WRITE)
========================================================================
2026-09-06 07:46:22 INFO  collecting evidence set 'pdb_p5_mekrot_rw' from odbencdev
2026-09-06 07:46:22 INFO  Starting tde_evidence.sh 0.1.0
2026-09-06 07:46:22 INFO  evidence set 'pdb_p5_mekrot_rw' -> /Users/stefan.oehrli/Repos/own/oehrlis/oracle-free-labs/data/xchange/evidence/pdb_p5_mekrot_rw
2026-09-06 07:46:22 INFO  collecting key chain evidence from odbencdev (CDB$ROOT)

Session altered.

========================================================================
== TDE key chain evidence snapshot =====================================
========================================================================
== Identity of this database ===========================================

CONTAINER	     DB_NAME	  DB_UNIQUE_NAME	 DBID CREATED	LOG_MODE     OPEN_MODE
-------------------- ------------ ---------------- ---------- --------- ------------ --------------------
CDB$ROOT	     FREE	  FREE		   1515294104 06-SEP-26 ARCHIVELOG   READ WRITE

1 row selected.

== Keystore state from v$encryption_wallet =============================

WRL_TYPE WRL_PARAMETER								STATUS		   WALLET_TYPE	   KEYSTORE CON_ID
-------- ---------------------------------------------------------------------- ------------------ --------------- -------- ------
FILE	 /opt/oracle/dbconfig/FREE/wallet/tde/					OPEN		   LOCAL_AUTOLOGIN NONE 	 1
FILE										OPEN		   LOCAL_AUTOLOGIN UNITED	 2
FILE										OPEN_NO_MASTER_KEY LOCAL_AUTOLOGIN UNITED	 3
FILE										OPEN		   LOCAL_AUTOLOGIN UNITED	 4
FILE										OPEN		   LOCAL_AUTOLOGIN UNITED	 5

5 rows selected.

== Master encryption keys from v$encryption_keys =======================

KEY_ID							 KEY_USE    KEYSTORE_TYPE  ORIGIN     BACKED_UP CREATION_TIME	       ACTIVATION_TIME
-------------------------------------------------------- ---------- -------------- ---------- --------- ---------------------- ----------------------
CREATOR_PDBNAME
--------------------------------------------------------------------------------------------------------------------------------
ACTIVATING_PDBNAME														 CON_ID
-------------------------------------------------------------------------------------------------------------------------------- ------
AafZVKX1uUI9jE75CE2uNH0AAAAAAAAAAAAAAAAAAAAAAAAAAAAA	 TDE IN PDB SOFTWARE KEYST LOCAL      YES	06.09.2026 05:43:02    06.09.2026 05:43:02
								    ORE
PDBCLONE_P2
PDBCLONE_P2															      4

ASOmkoL9D046mwUNY4/PwUcAAAAAAAAAAAAAAAAAAAAAAAAAAAAA	 TDE IN PDB SOFTWARE KEYST LOCAL      YES	06.09.2026 05:45:18    06.09.2026 05:45:18
								    ORE
CDB$ROOT
CDB$ROOT															      1

AcxIicwRoEdPrTQx2pZ1+x0AAAAAAAAAAAAAAAAAAAAAAAAAAAAA	 TDE IN PDB SOFTWARE KEYST LOCAL      YES	06.09.2026 05:46:18    06.09.2026 05:46:18
								    ORE
PDBCLONE_P4
PDBCLONE_P4															      5

Ae/ftWzvyUkArU1abYNu3F8AAAAAAAAAAAAAAAAAAAAAAAAAAAAA	 TDE IN PDB SOFTWARE KEYST LOCAL      NO	06.09.2026 05:46:21    06.09.2026 05:46:21
								    ORE
PDBCLONE_P4
PDBCLONE_P4															      5


4 rows selected.

== Tablespace key chain from v$encrypted_tablespaces ===================

TS_NAME 		    TS# ENCRYPTI ENC MASTERKEYID_HEX			KEY_VERSION STATUS	       ENCRYPTEDKEY_HEX 						  BLOCKS_ENCRYPTED BLOCKS_DECRYPTED CON_ID
-------------------- ---------- -------- --- ---------------------------------- ----------- ------------------ ------------------------------------------------------------------ ---------------- ---------------- ------
CLONE_ENC		      5 AES256	 YES EFDFB56CEFC94900AD4D5A6D836EDC5F		  0 NORMAL	       3BA00862D0CF075555E19B082EB622EDA9D17F5B321E6159D0E2F89CD1D9AC36 		 0		  0	 5
CLONE_ENC		      5 AES256	 YES A7D954A5F5B9423D8C4EF9084DAE347D		  0 NORMAL	       FC11003A257C8515095D64B4E961E7328964A6DE12A90D729147009A85E38760 		 0		261	 4

2 rows selected.

== Full v$encrypted_tablespaces row (version specific columns) =========

       TS# ENCRYPTI ENC ENCRYPTEDKEY							 MASTERKEYID			  BLOCKS_ENCRYPTED BLOCKS_DECRYPTED KEY_VERSION STATUS		   CIPHERMODE	 CON_ID
---------- -------- --- ---------------------------------------------------------------- -------------------------------- ---------------- ---------------- ----------- ------------------ ------------- ------
	 5 AES256   YES FC11003A257C8515095D64B4E961E7328964A6DE12A90D729147009A85E38760 A7D954A5F5B9423D8C4EF9084DAE347D		 0		261	      0 NORMAL		   XTS		      4
	 5 AES256   YES 3BA00862D0CF075555E19B082EB622EDA9D17F5B321E6159D0E2F89CD1D9AC36 EFDFB56CEFC94900AD4D5A6D836EDC5F		 0		  0	      0 NORMAL		   XTS		      5

2 rows selected.

== Implicit database key for SYSTEM / UNDO / TEMP ======================

ENCRYPTI ENCRYPTEDKEY											  MASTERKEYID			   MAS CIPHERMODE    CON_ID
-------- ------------------------------------------------------------------------------------------------ -------------------------------- --- ------------- ------
AES256	 BE5009F6587568E7195B790D5A5F776ABC285786BF05EE7067D45932AD2F2F9000000000000000000000000000000000 23A69282FD0F4E3A9B050D638FCFC147 YES XTS		  1
NONE	 000000000000000000000000000000000000000000000000000000000000000000000000000000000000000000000000 00000000000000000000000000000000 NO  CFB		  2
AES256	 291C155300EE3C6C063B04D5D893B0D3A45C8234917949F174E855E0561DEAA000000000000000000000000000000000 6E028F9A153C4FFB887C1FE283A93AEF NO  XTS		  3
AES256	 2439436FA32E69511180763E69C1DBECC91ADE832F82DB325C7CE3578A062A6300000000000000000000000000000000 A7D954A5F5B9423D8C4EF9084DAE347D YES XTS		  4
AES256	 652BB7276358835C5922ABD82B79315C7DDC3B9309C43DBDDC5829CA051C7EED00000000000000000000000000000000 EFDFB56CEFC94900AD4D5A6D836EDC5F YES XTS		  5

5 rows selected.

== Datafiles of encrypted tablespaces ==================================

no rows selected

2026-09-06 07:46:23 INFO  collecting key chain evidence from odbencdev (PDB PDBCLONE_P4)

Session altered.


Session altered.

========================================================================
== TDE key chain evidence snapshot =====================================
========================================================================
== Identity of this database ===========================================

CONTAINER	     DB_NAME	  DB_UNIQUE_NAME	 DBID CREATED	LOG_MODE     OPEN_MODE
-------------------- ------------ ---------------- ---------- --------- ------------ --------------------
PDBCLONE_P4	     FREE	  FREE		   1515294104 06-SEP-26 ARCHIVELOG   READ WRITE

1 row selected.

== Keystore state from v$encryption_wallet =============================

WRL_TYPE WRL_PARAMETER								STATUS		   WALLET_TYPE	   KEYSTORE CON_ID
-------- ---------------------------------------------------------------------- ------------------ --------------- -------- ------
FILE										OPEN		   LOCAL_AUTOLOGIN UNITED	 5

1 row selected.

== Master encryption keys from v$encryption_keys =======================

KEY_ID							 KEY_USE    KEYSTORE_TYPE  ORIGIN     BACKED_UP CREATION_TIME	       ACTIVATION_TIME
-------------------------------------------------------- ---------- -------------- ---------- --------- ---------------------- ----------------------
CREATOR_PDBNAME
--------------------------------------------------------------------------------------------------------------------------------
ACTIVATING_PDBNAME														 CON_ID
-------------------------------------------------------------------------------------------------------------------------------- ------
AcxIicwRoEdPrTQx2pZ1+x0AAAAAAAAAAAAAAAAAAAAAAAAAAAAA	 TDE IN PDB SOFTWARE KEYST LOCAL      YES	06.09.2026 05:46:18    06.09.2026 05:46:18
								    ORE
PDBCLONE_P4
PDBCLONE_P4															      5

Ae/ftWzvyUkArU1abYNu3F8AAAAAAAAAAAAAAAAAAAAAAAAAAAAA	 TDE IN PDB SOFTWARE KEYST LOCAL      NO	06.09.2026 05:46:21    06.09.2026 05:46:21
								    ORE
PDBCLONE_P4
PDBCLONE_P4															      5


2 rows selected.

== Tablespace key chain from v$encrypted_tablespaces ===================

TS_NAME 		    TS# ENCRYPTI ENC MASTERKEYID_HEX			KEY_VERSION STATUS	       ENCRYPTEDKEY_HEX 						  BLOCKS_ENCRYPTED BLOCKS_DECRYPTED CON_ID
-------------------- ---------- -------- --- ---------------------------------- ----------- ------------------ ------------------------------------------------------------------ ---------------- ---------------- ------
CLONE_ENC		      5 AES256	 YES EFDFB56CEFC94900AD4D5A6D836EDC5F		  0 NORMAL	       3BA00862D0CF075555E19B082EB622EDA9D17F5B321E6159D0E2F89CD1D9AC36 		 0		  0	 5

1 row selected.

== Full v$encrypted_tablespaces row (version specific columns) =========

       TS# ENCRYPTI ENC ENCRYPTEDKEY							 MASTERKEYID			  BLOCKS_ENCRYPTED BLOCKS_DECRYPTED KEY_VERSION STATUS		   CIPHERMODE	 CON_ID
---------- -------- --- ---------------------------------------------------------------- -------------------------------- ---------------- ---------------- ----------- ------------------ ------------- ------
	 5 AES256   YES 3BA00862D0CF075555E19B082EB622EDA9D17F5B321E6159D0E2F89CD1D9AC36 EFDFB56CEFC94900AD4D5A6D836EDC5F		 0		  0	      0 NORMAL		   XTS		      5

1 row selected.

== Implicit database key for SYSTEM / UNDO / TEMP ======================

ENCRYPTI ENCRYPTEDKEY											  MASTERKEYID			   MAS CIPHERMODE    CON_ID
-------- ------------------------------------------------------------------------------------------------ -------------------------------- --- ------------- ------
AES256	 652BB7276358835C5922ABD82B79315C7DDC3B9309C43DBDDC5829CA051C7EED00000000000000000000000000000000 EFDFB56CEFC94900AD4D5A6D836EDC5F YES XTS		  5

1 row selected.

== Datafiles of encrypted tablespaces ==================================

TS_NAME 	     RELATIVE_FNO FILE_NAME								     BLOCKS BLOCK_SIZE	    BYTES
-------------------- ------------ ---------------------------------------------------------------------- ---------- ---------- ----------
CLONE_ENC		     1024 /opt/oracle/oradata/FREE/5ACB03E7D8741489E063030013ACFEBA/datafile/o1_       6400	  8192	 52428800
				  mf_clone_en_o9szjoz7_.dbf


1 row selected.

2026-09-06 07:46:23 INFO  listing datafiles of tablespace CLONE_ENC in PDB PDBCLONE_P4
2026-09-06 07:46:23 INFO  found 1 datafile(s)
2026-09-06 07:46:23 INFO  fingerprinting o1_mf_clone_en_o9szjoz7_.dbf (block size 8192)
wrote /Users/stefan.oehrli/Repos/own/oehrlis/oracle-free-labs/data/xchange/evidence/pdb_p5_mekrot_rw/o1_mf_clone_en_o9szjoz7_.dbf.fp
2026-09-06 07:46:23 INFO  scanning o1_mf_clone_en_o9szjoz7_.dbf for the clear-text marker
no hits - needle not present as plaintext in this datafile
2026-09-06 07:46:24 INFO  manifest written to /Users/stefan.oehrli/Repos/own/oehrlis/oracle-free-labs/data/xchange/evidence/pdb_p5_mekrot_rw/manifest.txt
2026-09-06 07:46:24 INFO  Done.

Session altered.


Tablespace altered.
canary A (read only):  identical 313 differing 0 total 313 (expect all identical)
canary B (read write): identical 313 differing 0 total 313 (expect all identical)

Key summary for before rotation      :
  MASTERKEYID : A7D954A5F5B9423D8C4EF9084DAE347D
  Wrapped TEK : F19A97984D1DA8EBFEEE076E9C11D365B6AFE027EA3C8172630A4368BC4FE608

Key summary for after rotation (RO)  :
  MASTERKEYID : A7D954A5F5B9423D8C4EF9084DAE347D
  Wrapped TEK : F19A97984D1DA8EBFEEE076E9C11D365B6AFE027EA3C8172630A4368BC4FE608

Key summary for after rotation (RW)  :
  MASTERKEYID : EFDFB56CEFC94900AD4D5A6D836EDC5F
  Wrapped TEK : 3BA00862D0CF075555E19B082EB622EDA9D17F5B321E6159D0E2F89CD1D9AC36

PDB master key:        A7D954A5F5B9423D8C4EF9084DAE347D -> CC4889CC11A0474FAD3431DA9675FB1D -> EFDFB56CEFC94900AD4D5A6D836EDC5F
Tablespace key follows: read only NO - still bound to the old master key, read write yes

------------------------------------------------------------------------
VERDICT: PASS - P5: rotating the PDB master key (A7D954A5F5B9423D8C4EF9084DAE347D -> CC4889CC11A0474FAD3431DA9675FB1D -> EFDFB56CEFC94900AD4D5A6D836EDC5F) left the ciphertext byte-identical in both phases (A: identical 313 differing 0 total 313, B: identical 313 differing 0 total 313). While READ ONLY the tablespace could not be re-wrapped and kept pointing at the old key A7D954A5F5B9423D8C4EF9084DAE347D; only after READ WRITE did it follow to EFDFB56CEFC94900AD4D5A6D836EDC5F. A read-only tablespace therefore stays bound to the source master key across a rotation
------------------------------------------------------------------------
2026-09-06 07:46:26 INFO  Done.

========================================================================
  STEP 69: PDB P6: ONLINE REKEY in target after P2 or P4
  Script: /Users/stefan.oehrli/Repos/own/oehrlis/oracle-free-labs/scripts/tde-verify/tests/69_pdb_p6_rekey.sh
  Time:   2026-09-06 07:46:27
========================================================================
2026-09-06 07:46:27 INFO  Starting 69_pdb_p6_rekey.sh 0.1.0

========================================================================
== Step 69: PDB P6 - ONLINE REKEY in target PDB
========================================================================
2026-09-06 07:46:27 INFO  Target PDB: PDBCLONE_P4 in odbencdev

========================================================================
== Key state BEFORE ONLINE REKEY
========================================================================
2026-09-06 07:46:28 INFO  KEY_VERSION before: 0

========================================================================
== Set CLONE_ENC READ WRITE in PDBCLONE_P4
========================================================================

Session altered.


Tablespace altered.


TABLESPACE_NAME 	       STATUS
------------------------------ ---------
CLONE_ENC		       ONLINE

========================================================================
== Collect evidence set 'pdb_p6_rekey_before' (target before rekey)
========================================================================
2026-09-06 07:46:28 INFO  collecting evidence set 'pdb_p6_rekey_before' from odbencdev
2026-09-06 07:46:28 INFO  Starting tde_evidence.sh 0.1.0
2026-09-06 07:46:28 INFO  evidence set 'pdb_p6_rekey_before' -> /Users/stefan.oehrli/Repos/own/oehrlis/oracle-free-labs/data/xchange/evidence/pdb_p6_rekey_before
2026-09-06 07:46:29 INFO  collecting key chain evidence from odbencdev (CDB$ROOT)

Session altered.

========================================================================
== TDE key chain evidence snapshot =====================================
========================================================================
== Identity of this database ===========================================

CONTAINER	     DB_NAME	  DB_UNIQUE_NAME	 DBID CREATED	LOG_MODE     OPEN_MODE
-------------------- ------------ ---------------- ---------- --------- ------------ --------------------
CDB$ROOT	     FREE	  FREE		   1515294104 06-SEP-26 ARCHIVELOG   READ WRITE

1 row selected.

== Keystore state from v$encryption_wallet =============================

WRL_TYPE WRL_PARAMETER								STATUS		   WALLET_TYPE	   KEYSTORE CON_ID
-------- ---------------------------------------------------------------------- ------------------ --------------- -------- ------
FILE	 /opt/oracle/dbconfig/FREE/wallet/tde/					OPEN		   LOCAL_AUTOLOGIN NONE 	 1
FILE										OPEN		   LOCAL_AUTOLOGIN UNITED	 2
FILE										OPEN_NO_MASTER_KEY LOCAL_AUTOLOGIN UNITED	 3
FILE										OPEN		   LOCAL_AUTOLOGIN UNITED	 4
FILE										OPEN		   LOCAL_AUTOLOGIN UNITED	 5

5 rows selected.

== Master encryption keys from v$encryption_keys =======================

KEY_ID							 KEY_USE    KEYSTORE_TYPE  ORIGIN     BACKED_UP CREATION_TIME	       ACTIVATION_TIME
-------------------------------------------------------- ---------- -------------- ---------- --------- ---------------------- ----------------------
CREATOR_PDBNAME
--------------------------------------------------------------------------------------------------------------------------------
ACTIVATING_PDBNAME														 CON_ID
-------------------------------------------------------------------------------------------------------------------------------- ------
AafZVKX1uUI9jE75CE2uNH0AAAAAAAAAAAAAAAAAAAAAAAAAAAAA	 TDE IN PDB SOFTWARE KEYST LOCAL      YES	06.09.2026 05:43:02    06.09.2026 05:43:02
								    ORE
PDBCLONE_P2
PDBCLONE_P2															      4

ASOmkoL9D046mwUNY4/PwUcAAAAAAAAAAAAAAAAAAAAAAAAAAAAA	 TDE IN PDB SOFTWARE KEYST LOCAL      YES	06.09.2026 05:45:18    06.09.2026 05:45:18
								    ORE
CDB$ROOT
CDB$ROOT															      1

AcxIicwRoEdPrTQx2pZ1+x0AAAAAAAAAAAAAAAAAAAAAAAAAAAAA	 TDE IN PDB SOFTWARE KEYST LOCAL      YES	06.09.2026 05:46:18    06.09.2026 05:46:18
								    ORE
PDBCLONE_P4
PDBCLONE_P4															      5

Ae/ftWzvyUkArU1abYNu3F8AAAAAAAAAAAAAAAAAAAAAAAAAAAAA	 TDE IN PDB SOFTWARE KEYST LOCAL      NO	06.09.2026 05:46:21    06.09.2026 05:46:21
								    ORE
PDBCLONE_P4
PDBCLONE_P4															      5


4 rows selected.

== Tablespace key chain from v$encrypted_tablespaces ===================

TS_NAME 		    TS# ENCRYPTI ENC MASTERKEYID_HEX			KEY_VERSION STATUS	       ENCRYPTEDKEY_HEX 						  BLOCKS_ENCRYPTED BLOCKS_DECRYPTED CON_ID
-------------------- ---------- -------- --- ---------------------------------- ----------- ------------------ ------------------------------------------------------------------ ---------------- ---------------- ------
CLONE_ENC		      5 AES256	 YES EFDFB56CEFC94900AD4D5A6D836EDC5F		  0 NORMAL	       3BA00862D0CF075555E19B082EB622EDA9D17F5B321E6159D0E2F89CD1D9AC36 		 0		 16	 5
CLONE_ENC		      5 AES256	 YES A7D954A5F5B9423D8C4EF9084DAE347D		  0 NORMAL	       FC11003A257C8515095D64B4E961E7328964A6DE12A90D729147009A85E38760 		 0		261	 4

2 rows selected.

== Full v$encrypted_tablespaces row (version specific columns) =========

       TS# ENCRYPTI ENC ENCRYPTEDKEY							 MASTERKEYID			  BLOCKS_ENCRYPTED BLOCKS_DECRYPTED KEY_VERSION STATUS		   CIPHERMODE	 CON_ID
---------- -------- --- ---------------------------------------------------------------- -------------------------------- ---------------- ---------------- ----------- ------------------ ------------- ------
	 5 AES256   YES FC11003A257C8515095D64B4E961E7328964A6DE12A90D729147009A85E38760 A7D954A5F5B9423D8C4EF9084DAE347D		 0		261	      0 NORMAL		   XTS		      4
	 5 AES256   YES 3BA00862D0CF075555E19B082EB622EDA9D17F5B321E6159D0E2F89CD1D9AC36 EFDFB56CEFC94900AD4D5A6D836EDC5F		 0		 16	      0 NORMAL		   XTS		      5

2 rows selected.

== Implicit database key for SYSTEM / UNDO / TEMP ======================

ENCRYPTI ENCRYPTEDKEY											  MASTERKEYID			   MAS CIPHERMODE    CON_ID
-------- ------------------------------------------------------------------------------------------------ -------------------------------- --- ------------- ------
AES256	 BE5009F6587568E7195B790D5A5F776ABC285786BF05EE7067D45932AD2F2F9000000000000000000000000000000000 23A69282FD0F4E3A9B050D638FCFC147 YES XTS		  1
NONE	 000000000000000000000000000000000000000000000000000000000000000000000000000000000000000000000000 00000000000000000000000000000000 NO  CFB		  2
AES256	 291C155300EE3C6C063B04D5D893B0D3A45C8234917949F174E855E0561DEAA000000000000000000000000000000000 6E028F9A153C4FFB887C1FE283A93AEF NO  XTS		  3
AES256	 2439436FA32E69511180763E69C1DBECC91ADE832F82DB325C7CE3578A062A6300000000000000000000000000000000 A7D954A5F5B9423D8C4EF9084DAE347D YES XTS		  4
AES256	 652BB7276358835C5922ABD82B79315C7DDC3B9309C43DBDDC5829CA051C7EED00000000000000000000000000000000 EFDFB56CEFC94900AD4D5A6D836EDC5F YES XTS		  5

5 rows selected.

== Datafiles of encrypted tablespaces ==================================

no rows selected

2026-09-06 07:46:29 INFO  collecting key chain evidence from odbencdev (PDB PDBCLONE_P4)

Session altered.


Session altered.

========================================================================
== TDE key chain evidence snapshot =====================================
========================================================================
== Identity of this database ===========================================

CONTAINER	     DB_NAME	  DB_UNIQUE_NAME	 DBID CREATED	LOG_MODE     OPEN_MODE
-------------------- ------------ ---------------- ---------- --------- ------------ --------------------
PDBCLONE_P4	     FREE	  FREE		   1515294104 06-SEP-26 ARCHIVELOG   READ WRITE

1 row selected.

== Keystore state from v$encryption_wallet =============================

WRL_TYPE WRL_PARAMETER								STATUS		   WALLET_TYPE	   KEYSTORE CON_ID
-------- ---------------------------------------------------------------------- ------------------ --------------- -------- ------
FILE										OPEN		   LOCAL_AUTOLOGIN UNITED	 5

1 row selected.

== Master encryption keys from v$encryption_keys =======================

KEY_ID							 KEY_USE    KEYSTORE_TYPE  ORIGIN     BACKED_UP CREATION_TIME	       ACTIVATION_TIME
-------------------------------------------------------- ---------- -------------- ---------- --------- ---------------------- ----------------------
CREATOR_PDBNAME
--------------------------------------------------------------------------------------------------------------------------------
ACTIVATING_PDBNAME														 CON_ID
-------------------------------------------------------------------------------------------------------------------------------- ------
AcxIicwRoEdPrTQx2pZ1+x0AAAAAAAAAAAAAAAAAAAAAAAAAAAAA	 TDE IN PDB SOFTWARE KEYST LOCAL      YES	06.09.2026 05:46:18    06.09.2026 05:46:18
								    ORE
PDBCLONE_P4
PDBCLONE_P4															      5

Ae/ftWzvyUkArU1abYNu3F8AAAAAAAAAAAAAAAAAAAAAAAAAAAAA	 TDE IN PDB SOFTWARE KEYST LOCAL      NO	06.09.2026 05:46:21    06.09.2026 05:46:21
								    ORE
PDBCLONE_P4
PDBCLONE_P4															      5


2 rows selected.

== Tablespace key chain from v$encrypted_tablespaces ===================

TS_NAME 		    TS# ENCRYPTI ENC MASTERKEYID_HEX			KEY_VERSION STATUS	       ENCRYPTEDKEY_HEX 						  BLOCKS_ENCRYPTED BLOCKS_DECRYPTED CON_ID
-------------------- ---------- -------- --- ---------------------------------- ----------- ------------------ ------------------------------------------------------------------ ---------------- ---------------- ------
CLONE_ENC		      5 AES256	 YES EFDFB56CEFC94900AD4D5A6D836EDC5F		  0 NORMAL	       3BA00862D0CF075555E19B082EB622EDA9D17F5B321E6159D0E2F89CD1D9AC36 		 0		 16	 5

1 row selected.

== Full v$encrypted_tablespaces row (version specific columns) =========

       TS# ENCRYPTI ENC ENCRYPTEDKEY							 MASTERKEYID			  BLOCKS_ENCRYPTED BLOCKS_DECRYPTED KEY_VERSION STATUS		   CIPHERMODE	 CON_ID
---------- -------- --- ---------------------------------------------------------------- -------------------------------- ---------------- ---------------- ----------- ------------------ ------------- ------
	 5 AES256   YES 3BA00862D0CF075555E19B082EB622EDA9D17F5B321E6159D0E2F89CD1D9AC36 EFDFB56CEFC94900AD4D5A6D836EDC5F		 0		 16	      0 NORMAL		   XTS		      5

1 row selected.

== Implicit database key for SYSTEM / UNDO / TEMP ======================

ENCRYPTI ENCRYPTEDKEY											  MASTERKEYID			   MAS CIPHERMODE    CON_ID
-------- ------------------------------------------------------------------------------------------------ -------------------------------- --- ------------- ------
AES256	 652BB7276358835C5922ABD82B79315C7DDC3B9309C43DBDDC5829CA051C7EED00000000000000000000000000000000 EFDFB56CEFC94900AD4D5A6D836EDC5F YES XTS		  5

1 row selected.

== Datafiles of encrypted tablespaces ==================================

TS_NAME 	     RELATIVE_FNO FILE_NAME								     BLOCKS BLOCK_SIZE	    BYTES
-------------------- ------------ ---------------------------------------------------------------------- ---------- ---------- ----------
CLONE_ENC		     1024 /opt/oracle/oradata/FREE/5ACB03E7D8741489E063030013ACFEBA/datafile/o1_       6400	  8192	 52428800
				  mf_clone_en_o9szjoz7_.dbf


1 row selected.

2026-09-06 07:46:29 INFO  listing datafiles of tablespace CLONE_ENC in PDB PDBCLONE_P4
2026-09-06 07:46:29 INFO  found 1 datafile(s)
2026-09-06 07:46:29 INFO  fingerprinting o1_mf_clone_en_o9szjoz7_.dbf (block size 8192)
wrote /Users/stefan.oehrli/Repos/own/oehrlis/oracle-free-labs/data/xchange/evidence/pdb_p6_rekey_before/o1_mf_clone_en_o9szjoz7_.dbf.fp
2026-09-06 07:46:30 INFO  scanning o1_mf_clone_en_o9szjoz7_.dbf for the clear-text marker
no hits - needle not present as plaintext in this datafile
2026-09-06 07:46:30 INFO  manifest written to /Users/stefan.oehrli/Repos/own/oehrlis/oracle-free-labs/data/xchange/evidence/pdb_p6_rekey_before/manifest.txt
2026-09-06 07:46:30 INFO  Done.

========================================================================
== ALTER TABLESPACE CLONE_ENC ENCRYPTION ONLINE REKEY
========================================================================

Session altered.


Tablespace altered.


STATUS
-----------------
ONLINE REKEY done

========================================================================
== Key state AFTER ONLINE REKEY
========================================================================
2026-09-06 07:46:33 INFO  KEY_VERSION after: 1

Session altered.


MASTERKEYID_AFTER		 ENCRYPTEDKEY_AFTER						  KEY_VERSION ENCRYPT
-------------------------------- ---------------------------------------------------------------- ----------- -------
EFDFB56CEFC94900AD4D5A6D836EDC5F 9D876AE771F96273105E81BB7298FC51052A380DEF7B6DB2B4A67D2B5E026C87	    1 AES256

1 row selected.

========================================================================
== Collect evidence set 'pdb_p6_rekey'
========================================================================
2026-09-06 07:46:33 INFO  collecting evidence set 'pdb_p6_rekey' from odbencdev
2026-09-06 07:46:34 INFO  Starting tde_evidence.sh 0.1.0
2026-09-06 07:46:34 INFO  evidence set 'pdb_p6_rekey' -> /Users/stefan.oehrli/Repos/own/oehrlis/oracle-free-labs/data/xchange/evidence/pdb_p6_rekey
2026-09-06 07:46:34 INFO  collecting key chain evidence from odbencdev (CDB$ROOT)

Session altered.

========================================================================
== TDE key chain evidence snapshot =====================================
========================================================================
== Identity of this database ===========================================

CONTAINER	     DB_NAME	  DB_UNIQUE_NAME	 DBID CREATED	LOG_MODE     OPEN_MODE
-------------------- ------------ ---------------- ---------- --------- ------------ --------------------
CDB$ROOT	     FREE	  FREE		   1515294104 06-SEP-26 ARCHIVELOG   READ WRITE

1 row selected.

== Keystore state from v$encryption_wallet =============================

WRL_TYPE WRL_PARAMETER								STATUS		   WALLET_TYPE	   KEYSTORE CON_ID
-------- ---------------------------------------------------------------------- ------------------ --------------- -------- ------
FILE	 /opt/oracle/dbconfig/FREE/wallet/tde/					OPEN		   LOCAL_AUTOLOGIN NONE 	 1
FILE										OPEN		   LOCAL_AUTOLOGIN UNITED	 2
FILE										OPEN_NO_MASTER_KEY LOCAL_AUTOLOGIN UNITED	 3
FILE										OPEN		   LOCAL_AUTOLOGIN UNITED	 4
FILE										OPEN		   LOCAL_AUTOLOGIN UNITED	 5

5 rows selected.

== Master encryption keys from v$encryption_keys =======================

KEY_ID							 KEY_USE    KEYSTORE_TYPE  ORIGIN     BACKED_UP CREATION_TIME	       ACTIVATION_TIME
-------------------------------------------------------- ---------- -------------- ---------- --------- ---------------------- ----------------------
CREATOR_PDBNAME
--------------------------------------------------------------------------------------------------------------------------------
ACTIVATING_PDBNAME														 CON_ID
-------------------------------------------------------------------------------------------------------------------------------- ------
AafZVKX1uUI9jE75CE2uNH0AAAAAAAAAAAAAAAAAAAAAAAAAAAAA	 TDE IN PDB SOFTWARE KEYST LOCAL      YES	06.09.2026 05:43:02    06.09.2026 05:43:02
								    ORE
PDBCLONE_P2
PDBCLONE_P2															      4

ASOmkoL9D046mwUNY4/PwUcAAAAAAAAAAAAAAAAAAAAAAAAAAAAA	 TDE IN PDB SOFTWARE KEYST LOCAL      YES	06.09.2026 05:45:18    06.09.2026 05:45:18
								    ORE
CDB$ROOT
CDB$ROOT															      1

AcxIicwRoEdPrTQx2pZ1+x0AAAAAAAAAAAAAAAAAAAAAAAAAAAAA	 TDE IN PDB SOFTWARE KEYST LOCAL      YES	06.09.2026 05:46:18    06.09.2026 05:46:18
								    ORE
PDBCLONE_P4
PDBCLONE_P4															      5

Ae/ftWzvyUkArU1abYNu3F8AAAAAAAAAAAAAAAAAAAAAAAAAAAAA	 TDE IN PDB SOFTWARE KEYST LOCAL      NO	06.09.2026 05:46:21    06.09.2026 05:46:21
								    ORE
PDBCLONE_P4
PDBCLONE_P4															      5


4 rows selected.

== Tablespace key chain from v$encrypted_tablespaces ===================

TS_NAME 		    TS# ENCRYPTI ENC MASTERKEYID_HEX			KEY_VERSION STATUS	       ENCRYPTEDKEY_HEX 						  BLOCKS_ENCRYPTED BLOCKS_DECRYPTED CON_ID
-------------------- ---------- -------- --- ---------------------------------- ----------- ------------------ ------------------------------------------------------------------ ---------------- ---------------- ------
CLONE_ENC		      5 AES256	 YES EFDFB56CEFC94900AD4D5A6D836EDC5F		  1 NORMAL	       9D876AE771F96273105E81BB7298FC51052A380DEF7B6DB2B4A67D2B5E026C87 		 0		  0	 5
CLONE_ENC		      5 AES256	 YES A7D954A5F5B9423D8C4EF9084DAE347D		  0 NORMAL	       FC11003A257C8515095D64B4E961E7328964A6DE12A90D729147009A85E38760 		 0		261	 4

2 rows selected.

== Full v$encrypted_tablespaces row (version specific columns) =========

       TS# ENCRYPTI ENC ENCRYPTEDKEY							 MASTERKEYID			  BLOCKS_ENCRYPTED BLOCKS_DECRYPTED KEY_VERSION STATUS		   CIPHERMODE	 CON_ID
---------- -------- --- ---------------------------------------------------------------- -------------------------------- ---------------- ---------------- ----------- ------------------ ------------- ------
	 5 AES256   YES FC11003A257C8515095D64B4E961E7328964A6DE12A90D729147009A85E38760 A7D954A5F5B9423D8C4EF9084DAE347D		 0		261	      0 NORMAL		   XTS		      4
	 5 AES256   YES 9D876AE771F96273105E81BB7298FC51052A380DEF7B6DB2B4A67D2B5E026C87 EFDFB56CEFC94900AD4D5A6D836EDC5F		 0		  0	      1 NORMAL		   XTS		      5

2 rows selected.

== Implicit database key for SYSTEM / UNDO / TEMP ======================

ENCRYPTI ENCRYPTEDKEY											  MASTERKEYID			   MAS CIPHERMODE    CON_ID
-------- ------------------------------------------------------------------------------------------------ -------------------------------- --- ------------- ------
AES256	 BE5009F6587568E7195B790D5A5F776ABC285786BF05EE7067D45932AD2F2F9000000000000000000000000000000000 23A69282FD0F4E3A9B050D638FCFC147 YES XTS		  1
NONE	 000000000000000000000000000000000000000000000000000000000000000000000000000000000000000000000000 00000000000000000000000000000000 NO  CFB		  2
AES256	 291C155300EE3C6C063B04D5D893B0D3A45C8234917949F174E855E0561DEAA000000000000000000000000000000000 6E028F9A153C4FFB887C1FE283A93AEF NO  XTS		  3
AES256	 2439436FA32E69511180763E69C1DBECC91ADE832F82DB325C7CE3578A062A6300000000000000000000000000000000 A7D954A5F5B9423D8C4EF9084DAE347D YES XTS		  4
AES256	 652BB7276358835C5922ABD82B79315C7DDC3B9309C43DBDDC5829CA051C7EED00000000000000000000000000000000 EFDFB56CEFC94900AD4D5A6D836EDC5F YES XTS		  5

5 rows selected.

== Datafiles of encrypted tablespaces ==================================

no rows selected

2026-09-06 07:46:34 INFO  collecting key chain evidence from odbencdev (PDB PDBCLONE_P4)

Session altered.


Session altered.

========================================================================
== TDE key chain evidence snapshot =====================================
========================================================================
== Identity of this database ===========================================

CONTAINER	     DB_NAME	  DB_UNIQUE_NAME	 DBID CREATED	LOG_MODE     OPEN_MODE
-------------------- ------------ ---------------- ---------- --------- ------------ --------------------
PDBCLONE_P4	     FREE	  FREE		   1515294104 06-SEP-26 ARCHIVELOG   READ WRITE

1 row selected.

== Keystore state from v$encryption_wallet =============================

WRL_TYPE WRL_PARAMETER								STATUS		   WALLET_TYPE	   KEYSTORE CON_ID
-------- ---------------------------------------------------------------------- ------------------ --------------- -------- ------
FILE										OPEN		   LOCAL_AUTOLOGIN UNITED	 5

1 row selected.

== Master encryption keys from v$encryption_keys =======================

KEY_ID							 KEY_USE    KEYSTORE_TYPE  ORIGIN     BACKED_UP CREATION_TIME	       ACTIVATION_TIME
-------------------------------------------------------- ---------- -------------- ---------- --------- ---------------------- ----------------------
CREATOR_PDBNAME
--------------------------------------------------------------------------------------------------------------------------------
ACTIVATING_PDBNAME														 CON_ID
-------------------------------------------------------------------------------------------------------------------------------- ------
AcxIicwRoEdPrTQx2pZ1+x0AAAAAAAAAAAAAAAAAAAAAAAAAAAAA	 TDE IN PDB SOFTWARE KEYST LOCAL      YES	06.09.2026 05:46:18    06.09.2026 05:46:18
								    ORE
PDBCLONE_P4
PDBCLONE_P4															      5

Ae/ftWzvyUkArU1abYNu3F8AAAAAAAAAAAAAAAAAAAAAAAAAAAAA	 TDE IN PDB SOFTWARE KEYST LOCAL      NO	06.09.2026 05:46:21    06.09.2026 05:46:21
								    ORE
PDBCLONE_P4
PDBCLONE_P4															      5


2 rows selected.

== Tablespace key chain from v$encrypted_tablespaces ===================

TS_NAME 		    TS# ENCRYPTI ENC MASTERKEYID_HEX			KEY_VERSION STATUS	       ENCRYPTEDKEY_HEX 						  BLOCKS_ENCRYPTED BLOCKS_DECRYPTED CON_ID
-------------------- ---------- -------- --- ---------------------------------- ----------- ------------------ ------------------------------------------------------------------ ---------------- ---------------- ------
CLONE_ENC		      5 AES256	 YES EFDFB56CEFC94900AD4D5A6D836EDC5F		  1 NORMAL	       9D876AE771F96273105E81BB7298FC51052A380DEF7B6DB2B4A67D2B5E026C87 		 0		  0	 5

1 row selected.

== Full v$encrypted_tablespaces row (version specific columns) =========

       TS# ENCRYPTI ENC ENCRYPTEDKEY							 MASTERKEYID			  BLOCKS_ENCRYPTED BLOCKS_DECRYPTED KEY_VERSION STATUS		   CIPHERMODE	 CON_ID
---------- -------- --- ---------------------------------------------------------------- -------------------------------- ---------------- ---------------- ----------- ------------------ ------------- ------
	 5 AES256   YES 9D876AE771F96273105E81BB7298FC51052A380DEF7B6DB2B4A67D2B5E026C87 EFDFB56CEFC94900AD4D5A6D836EDC5F		 0		  0	      1 NORMAL		   XTS		      5

1 row selected.

== Implicit database key for SYSTEM / UNDO / TEMP ======================

ENCRYPTI ENCRYPTEDKEY											  MASTERKEYID			   MAS CIPHERMODE    CON_ID
-------- ------------------------------------------------------------------------------------------------ -------------------------------- --- ------------- ------
AES256	 652BB7276358835C5922ABD82B79315C7DDC3B9309C43DBDDC5829CA051C7EED00000000000000000000000000000000 EFDFB56CEFC94900AD4D5A6D836EDC5F YES XTS		  5

1 row selected.

== Datafiles of encrypted tablespaces ==================================

TS_NAME 	     RELATIVE_FNO FILE_NAME								     BLOCKS BLOCK_SIZE	    BYTES
-------------------- ------------ ---------------------------------------------------------------------- ---------- ---------- ----------
CLONE_ENC		     1024 /opt/oracle/oradata/FREE/5ACB03E7D8741489E063030013ACFEBA/datafile/o1_       6400	  8192	 52428800
				  mf_clone_en_o9szkppl_.dbf


1 row selected.

2026-09-06 07:46:34 INFO  listing datafiles of tablespace CLONE_ENC in PDB PDBCLONE_P4
2026-09-06 07:46:34 INFO  found 1 datafile(s)
2026-09-06 07:46:35 INFO  fingerprinting o1_mf_clone_en_o9szkppl_.dbf (block size 8192)
wrote /Users/stefan.oehrli/Repos/own/oehrlis/oracle-free-labs/data/xchange/evidence/pdb_p6_rekey/o1_mf_clone_en_o9szkppl_.dbf.fp
2026-09-06 07:46:35 INFO  scanning o1_mf_clone_en_o9szkppl_.dbf for the clear-text marker
no hits - needle not present as plaintext in this datafile
2026-09-06 07:46:35 INFO  manifest written to /Users/stefan.oehrli/Repos/own/oehrlis/oracle-free-labs/data/xchange/evidence/pdb_p6_rekey/manifest.txt
2026-09-06 07:46:35 INFO  Done.

========================================================================
== Compare 'pdb_p6_rekey' vs 'pdb_baseline' (expect RE-ENCRYPT: blocks differ)
========================================================================
2026-09-06 07:46:35 INFO  Note: ONLINE REKEY creates a new datafile; --compare may report no common files.
2026-09-06 07:46:35 INFO  KEY_VERSION delta and block fingerprint of the new file are the primary evidence.
2026-09-06 07:46:35 INFO  comparing evidence sets 'pdb_p6_rekey_before' vs 'pdb_p6_rekey'
2026-09-06 07:46:35 INFO  Starting tde_evidence.sh 0.1.0
2026-09-06 07:46:36 WARN  datafile renamed between the two sets: o1_mf_clone_en_o9szjoz7_.dbf.fp vs o1_mf_clone_en_o9szkppl_.dbf.fp
2026-09-06 07:46:36 WARN  pairing them anyway because each set holds exactly one datafile

== Block-level ciphertext comparison ==
A: pdb_p6_rekey_before/o1_mf_clone_en_o9szjoz7_.dbf.fp
B: pdb_p6_rekey/o1_mf_clone_en_o9szjoz7_.dbf.fp
block_size A/B: 8192/8192
blocks compared: 6401
identical: 0
differing: 6401
first differing blocks: [0, 1, 2, 3, 4, 5, 6, 7, 8, 9, 10, 11, 12, 13, 14, 15, 16, 17, 18, 19]
... and 6381 more
verdict: RE-ENCRYPT INDICATED - every comparable block changed
2026-09-06 07:46:36 INFO  compared 1 datafile(s)
2026-09-06 07:46:36 INFO  Done.
canary blocks:   identical 0 differing 313 total 313 (expect all differing)

Key summary for before ONLINE REKEY:
  MASTERKEYID : EFDFB56CEFC94900AD4D5A6D836EDC5F
  Wrapped TEK : 3BA00862D0CF075555E19B082EB622EDA9D17F5B321E6159D0E2F89CD1D9AC36
  Notes       : KEY_VERSION=0

Key summary for after  ONLINE REKEY:
  MASTERKEYID : EFDFB56CEFC94900AD4D5A6D836EDC5F
  Wrapped TEK : 9D876AE771F96273105E81BB7298FC51052A380DEF7B6DB2B4A67D2B5E026C87
  Notes       : KEY_VERSION=1

TEK changed:       YES (new TEK)
KEY_VERSION delta: 0 -> 1

------------------------------------------------------------------------
VERDICT: PASS - P6: ONLINE REKEY created new key material (KEY_VERSION 0 -> 1) and rewrote the data blocks (identical 0 differing 313 total 313) - the ciphertext in PDBCLONE_P4 no longer matches its own prior state
------------------------------------------------------------------------
2026-09-06 07:46:37 INFO  Done.

========================================================================
  STEP 70: Variant G: ALTER TABLESPACE ENCRYPTION ONLINE REKEY
  Script: /Users/stefan.oehrli/Repos/own/oehrlis/oracle-free-labs/scripts/tde-verify/tests/70_variant_g.sh
  Time:   2026-09-06 07:46:37
========================================================================
2026-09-06 07:46:37 INFO  Starting 70_variant_g.sh 0.1.0

========================================================================
== Step 70: Variant G - ONLINE REKEY
========================================================================

========================================================================
== Reset odbencdev
========================================================================
2026-09-06 07:46:37 INFO  resetting service 'odbencdev' ...
 Container odbencdev Stopping 
 Container odbencdev Stopped 
 Container odbencdev Removing 
 Container odbencdev Removed 
 Network oracle-free-labs_default Removing 
 Network oracle-free-labs_default Resource is still in use 
2026-09-06 07:46:41 INFO  removing /Users/stefan.oehrli/Repos/own/oehrlis/oracle-free-labs/data/odbencdev
2026-09-06 07:46:42 INFO  restored tracked files under data/odbencdev
2026-09-06 07:46:42 INFO  service 'odbencdev' reset complete
2026-09-06 07:46:42 INFO  starting service 'odbencdev' ...
 Container odbencdev Creating 
 Container odbencdev Created 
 Container odbencdev Starting 
 Container odbencdev Started 
2026-09-06 07:46:42 INFO  waiting for odbencdev to be ready (timeout 600s) ...
2026-09-06 07:48:46 INFO  odbencdev is ready

========================================================================
== Phase 1: Variant A base (RESTORE with prod keystore)
========================================================================
2026-09-06 07:48:47 INFO  Starting tde_clone.sh 0.1.0
2026-09-06 07:48:47 INFO  variant a: replacing the target keystore with the source keystore
2026-09-06 07:48:47 INFO  backing the target keystore up to /opt/oracle/xchange/wallet_dev_pristine
2026-09-06 07:48:47 INFO  backup verified, keystore file present and non-empty
2026-09-06 07:48:47 INFO  staging the source keystore into /opt/oracle/dbconfig/FREE/wallet
2026-09-06 07:48:47 INFO  shutting the target down and starting it NOMOUNT
Database closed.
Database dismounted.
ORACLE instance shut down.
ORACLE instance started.

Total System Global Area 1603392144 bytes
Fixed Size		    5026448 bytes
Variable Size		  419430400 bytes
Database Buffers	 1174405120 bytes
Redo Buffers		    4530176 bytes
2026-09-06 07:48:50 INFO  moving stale online redo logs to /opt/oracle/xchange/stale_redo_odbencdev
moved /opt/oracle/oradata/FREE/redo01.log
moved /opt/oracle/oradata/FREE/redo02.log
moved /opt/oracle/oradata/FREE/redo03.log
2026-09-06 07:48:51 INFO  restoring the source control file and mounting
2026-09-06 07:48:51 INFO  control file autobackup: cf_c-1515292873-20260906-00

Recovery Manager: Release 23.26.3.0.0 - Production on Sun Sep 6 07:48:51 2026
Version 23.26.3.0.0

Copyright (c) 1982, 2026, Oracle and/or its affiliates.  All rights reserved.

connected to target database: FREE (not mounted)

RMAN> 

RMAN> SET DBID 1515292873;
executing command: SET DBID


RMAN> RUN {
2>   ALLOCATE CHANNEL c1 DEVICE TYPE DISK;
3>   SET CONTROLFILE AUTOBACKUP FORMAT FOR DEVICE TYPE DISK TO '/opt/oracle/xchange/backup/cf_%F';
4>   RESTORE CONTROLFILE FROM '/opt/oracle/xchange/backup/cf_c-1515292873-20260906-00';
5>   ALTER DATABASE MOUNT;
6>   RELEASE CHANNEL c1;
7> }
using target database control file instead of recovery catalog
allocated channel: c1
channel c1: SID=162 device type=DISK

executing command: SET CONTROLFILE AUTOBACKUP FORMAT

Starting restore at 06-SEP-26

channel c1: restoring control file
channel c1: restore complete, elapsed time: 00:00:01
output file name=/opt/oracle/oradata/FREE/control01.ctl
output file name=/opt/oracle/oradata/FREE/control02.ctl
Finished restore at 06-SEP-26

Statement processed

released channel: c1


RMAN> EXIT


Recovery Manager complete.

Recovery Manager: Release 23.26.3.0.0 - Production on Sun Sep 6 07:48:53 2026
Version 23.26.3.0.0

Copyright (c) 1982, 2026, Oracle and/or its affiliates.  All rights reserved.

connected to target database: FREE (DBID=1515292873, not open)

RMAN> 

RMAN> CONFIGURE CONTROLFILE AUTOBACKUP FORMAT FOR DEVICE TYPE DISK TO '/opt/oracle/oradata/cf_target_%F';
using target database control file instead of recovery catalog
old RMAN configuration parameters:
CONFIGURE CONTROLFILE AUTOBACKUP FORMAT FOR DEVICE TYPE DISK TO '/opt/oracle/xchange/backup/cf_%F';
new RMAN configuration parameters:
CONFIGURE CONTROLFILE AUTOBACKUP FORMAT FOR DEVICE TYPE DISK TO '/opt/oracle/oradata/cf_target_%F';
new RMAN configuration parameters are successfully stored


RMAN> EXIT


Recovery Manager complete.
2026-09-06 07:48:54 INFO  opening the target keystore with the stored keystore password

    CON_ID STATUS	  WALLET_TYPE
---------- -------------- ----------------
	 1 OPEN 	  PASSWORD
2026-09-06 07:48:54 INFO  cataloging the backup pieces

Recovery Manager: Release 23.26.3.0.0 - Production on Sun Sep 6 07:48:54 2026
Version 23.26.3.0.0

Copyright (c) 1982, 2026, Oracle and/or its affiliates.  All rights reserved.

connected to target database: FREE (DBID=1515292873, not open)

RMAN> 

RMAN> RUN {
2>   ALLOCATE CHANNEL c1 DEVICE TYPE DISK;
3>   # No CATALOG: both containers see the exchange directory at the same path, so
4>   # the restored control file already knows the source pieces. Cataloging would
5>   # also pick up a previous clone's control file autobackup and its incarnation,
6>   # which makes recovery fail with ORA-19912.
7>   RELEASE CHANNEL c1;
8> }
using target database control file instead of recovery catalog
allocated channel: c1
channel c1: SID=4 device type=DISK

released channel: c1


RMAN> EXIT


Recovery Manager complete.
2026-09-06 07:48:55 INFO  restoring with: RESTORE DATABASE;
2026-09-06 07:48:55 INFO  recovery will stop before archived log sequence 6

Recovery Manager: Release 23.26.3.0.0 - Production on Sun Sep 6 07:48:55 2026
Version 23.26.3.0.0

Copyright (c) 1982, 2026, Oracle and/or its affiliates.  All rights reserved.

connected to target database: FREE (DBID=1515292873, not open)

RMAN> 

RMAN> RUN {
2>   ALLOCATE CHANNEL c1 DEVICE TYPE DISK;
3>   SET UNTIL SEQUENCE 6 THREAD 1;
4>   RESTORE DATABASE;
5>   RECOVER DATABASE;
6>   RELEASE CHANNEL c1;
7> }
using target database control file instead of recovery catalog
allocated channel: c1
channel c1: SID=38 device type=DISK

executing command: SET until clause (SEQUENCE)

Starting restore at 06-SEP-26

channel c1: starting datafile backup set restore
channel c1: specifying datafile(s) to restore from backup set
channel c1: restoring datafile 00001 to /opt/oracle/oradata/FREE/system01.dbf
channel c1: restoring datafile 00003 to /opt/oracle/oradata/FREE/sysaux01.dbf
channel c1: restoring datafile 00007 to /opt/oracle/oradata/FREE/users01.dbf
channel c1: restoring datafile 00011 to /opt/oracle/oradata/FREE/undotbs01.dbf
channel c1: reading from backup piece /opt/oracle/xchange/backup/02deui3d_2_1_1
channel c1: piece handle=/opt/oracle/xchange/backup/02deui3d_2_1_1 tag=TAG20260906T072741
channel c1: restored backup piece 1
channel c1: restore complete, elapsed time: 00:00:03
channel c1: starting datafile backup set restore
channel c1: specifying datafile(s) to restore from backup set
channel c1: restoring datafile 00016 to /opt/oracle/oradata/FREE/5ACAB80548401021E063020013ACDC24/datafile/o1_mf_system_o9sy8tq0_.dbf
channel c1: restoring datafile 00017 to /opt/oracle/oradata/FREE/5ACAB80548401021E063020013ACDC24/datafile/o1_mf_sysaux_o9sy8tq3_.dbf
channel c1: restoring datafile 00018 to /opt/oracle/oradata/FREE/5ACAB80548401021E063020013ACDC24/datafile/o1_mf_undotbs1_o9sy8tq4_.dbf
channel c1: restoring datafile 00019 to /opt/oracle/oradata/FREE/5ACAB80548401021E063020013ACDC24/datafile/o1_mf_audit_da_o9sy8xok_.dbf
channel c1: restoring datafile 00020 to /opt/oracle/oradata/FREE/5ACAB80548401021E063020013ACDC24/datafile/o1_mf_users_o9sy9kts_.dbf
channel c1: restoring datafile 00021 to /opt/oracle/oradata/FREE/5ACAB80548401021E063020013ACDC24/datafile/o1_mf_canary_p_o9syg4rr_.dbf
channel c1: reading from backup piece /opt/oracle/xchange/backup/03geui3g_3_1_1
channel c1: piece handle=/opt/oracle/xchange/backup/03geui3g_3_1_1 tag=TAG20260906T072741
channel c1: restored backup piece 1
channel c1: restore complete, elapsed time: 00:00:03
channel c1: starting datafile backup set restore
channel c1: specifying datafile(s) to restore from backup set
channel c1: restoring datafile 00002 to /opt/oracle/oradata/FREE/pdbseed/system01.dbf
channel c1: restoring datafile 00004 to /opt/oracle/oradata/FREE/pdbseed/sysaux01.dbf
channel c1: restoring datafile 00009 to /opt/oracle/oradata/FREE/pdbseed/undotbs01.dbf
channel c1: reading from backup piece /opt/oracle/xchange/backup/04heui3h_4_1_1
channel c1: piece handle=/opt/oracle/xchange/backup/04heui3h_4_1_1 tag=TAG20260906T072741
channel c1: restored backup piece 1
channel c1: restore complete, elapsed time: 00:00:01
Finished restore at 06-SEP-26

Starting recover at 06-SEP-26
datafile 20 not processed because file is read-only
datafile 21 not processed because file is read-only

starting media recovery

channel c1: starting archived log restore to default destination
channel c1: restoring archived log
archived log thread=1 sequence=5
channel c1: reading from backup piece /opt/oracle/xchange/backup/05ieui3i_5_1_1
channel c1: piece handle=/opt/oracle/xchange/backup/05ieui3i_5_1_1 tag=TAG20260906T072746
channel c1: restored backup piece 1
channel c1: restore complete, elapsed time: 00:00:01
recovery status time_needed 2026-09-06 07:27:41
archived log file name=/opt/oracle/product/26ai/dbhomeFree/dbs/arch1_5_1243236233.dbf thread=1 sequence=5
media recovery complete, elapsed time: 00:00:00
Finished recover at 06-SEP-26

released channel: c1


RMAN> EXIT


Recovery Manager complete.
2026-09-06 07:49:05 INFO  opening the target with RESETLOGS

Database altered.


Pluggable database altered.


      DBID NAME      OPEN_MODE		  LOG_MODE
---------- --------- -------------------- ------------
1515292873 FREE      READ WRITE 	  ARCHIVELOG

2026-09-06 07:49:08 INFO  recreating the auto-login keystore on the target host

    CON_ID STATUS		WALLET_TYPE
---------- -------------------- ----------------
	 1 OPEN 		PASSWORD
	 2 CLOSED		UNKNOWN
	 4 OPEN 		PASSWORD
2026-09-06 07:49:08 INFO  target keystore open via local auto-login
2026-09-06 07:49:08 INFO  Done.

========================================================================
== Capture key chain BEFORE ONLINE REKEY
========================================================================
2026-09-06 07:49:09 INFO  TEK before REKEY : 059EFEB1BB6D7214...
2026-09-06 07:49:09 INFO  KEY_VERSION before: 1

========================================================================
== Phase 2: Set USERS READ WRITE
========================================================================

Session altered.


Tablespace altered.


TABLESPACE_NAME 	       STATUS
------------------------------ ---------
USERS			       ONLINE

========================================================================
== Phase 3: ALTER TABLESPACE USERS ENCRYPTION ONLINE REKEY
========================================================================

Session altered.


Tablespace altered.


TABLESPACE_NAME 	       ENC
------------------------------ ---
USERS			       YES


RAWTOHEX(MASTERKEYID)
--------------------------------
RAWTOHEX(ENCRYPTEDKEY)						 KEY_VERSION
---------------------------------------------------------------- -----------
CIPHERMODE
-------------
EC574AF166934D45AB5AC1F2267A297A
ADE04A5792E78F99D86DA331BFCF238E236743423B23F64170C39BCC66FC4BB5	   2
XTS

========================================================================
== Capture key chain AFTER ONLINE REKEY
========================================================================
2026-09-06 07:49:12 INFO  TEK after REKEY  : ADE04A5792E78F99...
2026-09-06 07:49:12 INFO  KEY_VERSION after : 2

========================================================================
== Collect evidence set 'variant_g'
========================================================================
2026-09-06 07:49:12 INFO  collecting evidence set 'variant_g' from odbencdev
2026-09-06 07:49:12 INFO  Starting tde_evidence.sh 0.1.0
2026-09-06 07:49:12 INFO  evidence set 'variant_g' -> /Users/stefan.oehrli/Repos/own/oehrlis/oracle-free-labs/data/xchange/evidence/variant_g
2026-09-06 07:49:12 INFO  collecting key chain evidence from odbencdev (CDB$ROOT)

Session altered.

========================================================================
== TDE key chain evidence snapshot =====================================
========================================================================
== Identity of this database ===========================================

CONTAINER	     DB_NAME	  DB_UNIQUE_NAME	 DBID CREATED	LOG_MODE     OPEN_MODE
-------------------- ------------ ---------------- ---------- --------- ------------ --------------------
CDB$ROOT	     FREE	  FREE		   1515292873 06-SEP-26 ARCHIVELOG   READ WRITE

1 row selected.

== Keystore state from v$encryption_wallet =============================

WRL_TYPE WRL_PARAMETER								STATUS		   WALLET_TYPE	   KEYSTORE CON_ID
-------- ---------------------------------------------------------------------- ------------------ --------------- -------- ------
FILE	 /opt/oracle/dbconfig/FREE/wallet/tde/					OPEN		   PASSWORD	   NONE 	 1
FILE										CLOSED		   UNKNOWN	   UNITED	 2
FILE										OPEN		   PASSWORD	   UNITED	 4

3 rows selected.

== Master encryption keys from v$encryption_keys =======================

KEY_ID							 KEY_USE    KEYSTORE_TYPE  ORIGIN     BACKED_UP CREATION_TIME	       ACTIVATION_TIME
-------------------------------------------------------- ---------- -------------- ---------- --------- ---------------------- ----------------------
CREATOR_PDBNAME
--------------------------------------------------------------------------------------------------------------------------------
ACTIVATING_PDBNAME														 CON_ID
-------------------------------------------------------------------------------------------------------------------------------- ------
AQbBvEA8/kJyuUn9246sO0UAAAAAAAAAAAAAAAAAAAAAAAAAAAAA	 TDE IN PDB SOFTWARE KEYST LOCAL      YES	06.09.2026 05:25:02    06.09.2026 05:25:02
								    ORE
CDB$ROOT
CDB$ROOT															      1

AexXSvFmk01Fq1rB8iZ6KXoAAAAAAAAAAAAAAAAAAAAAAAAAAAAA	 TDE IN PDB SOFTWARE KEYST LOCAL      NO	06.09.2026 05:25:05    06.09.2026 05:25:05
								    ORE
ODBENCPROD
ODBENCPROD															      4


2 rows selected.

== Tablespace key chain from v$encrypted_tablespaces ===================

TS_NAME 		    TS# ENCRYPTI ENC MASTERKEYID_HEX			KEY_VERSION STATUS	       ENCRYPTEDKEY_HEX 						  BLOCKS_ENCRYPTED BLOCKS_DECRYPTED CON_ID
-------------------- ---------- -------- --- ---------------------------------- ----------- ------------------ ------------------------------------------------------------------ ---------------- ---------------- ------
USERS			      6 AES256	 YES EC574AF166934D45AB5AC1F2267A297A		  2 NORMAL	       ADE04A5792E78F99D86DA331BFCF238E236743423B23F64170C39BCC66FC4BB5 		 0		  0	 4

1 row selected.

== Full v$encrypted_tablespaces row (version specific columns) =========

       TS# ENCRYPTI ENC ENCRYPTEDKEY							 MASTERKEYID			  BLOCKS_ENCRYPTED BLOCKS_DECRYPTED KEY_VERSION STATUS		   CIPHERMODE	 CON_ID
---------- -------- --- ---------------------------------------------------------------- -------------------------------- ---------------- ---------------- ----------- ------------------ ------------- ------
	 6 AES256   YES ADE04A5792E78F99D86DA331BFCF238E236743423B23F64170C39BCC66FC4BB5 EC574AF166934D45AB5AC1F2267A297A		 0		  0	      2 NORMAL		   XTS		      4

1 row selected.

== Implicit database key for SYSTEM / UNDO / TEMP ======================

ENCRYPTI ENCRYPTEDKEY											  MASTERKEYID			   MAS CIPHERMODE    CON_ID
-------- ------------------------------------------------------------------------------------------------ -------------------------------- --- ------------- ------
AES256	 B045728506A501E21FD577C3A9DA902B10069DB2CE11FE2ED0DA4E8ACF099CC900000000000000000000000000000000 06C1BC403CFE4272B949FDDB8EAC3B45 YES XTS		  1
NONE	 000000000000000000000000000000000000000000000000000000000000000000000000000000000000000000000000 00000000000000000000000000000000 NO  CFB		  2
AES256	 E7A6FAC63AA0DE492C8FC1E8916AB2958BEC9BFE36A88C3F24F65DC3F936F96300000000000000000000000000000000 EC574AF166934D45AB5AC1F2267A297A YES XTS		  4

3 rows selected.

== Datafiles of encrypted tablespaces ==================================

no rows selected

2026-09-06 07:49:12 INFO  collecting key chain evidence from odbencdev (PDB ODBENCPROD)

Session altered.


Session altered.

========================================================================
== TDE key chain evidence snapshot =====================================
========================================================================
== Identity of this database ===========================================

CONTAINER	     DB_NAME	  DB_UNIQUE_NAME	 DBID CREATED	LOG_MODE     OPEN_MODE
-------------------- ------------ ---------------- ---------- --------- ------------ --------------------
ODBENCPROD	     FREE	  FREE		   1515292873 06-SEP-26 ARCHIVELOG   READ WRITE

1 row selected.

== Keystore state from v$encryption_wallet =============================

WRL_TYPE WRL_PARAMETER								STATUS		   WALLET_TYPE	   KEYSTORE CON_ID
-------- ---------------------------------------------------------------------- ------------------ --------------- -------- ------
FILE										OPEN		   PASSWORD	   UNITED	 4

1 row selected.

== Master encryption keys from v$encryption_keys =======================

KEY_ID							 KEY_USE    KEYSTORE_TYPE  ORIGIN     BACKED_UP CREATION_TIME	       ACTIVATION_TIME
-------------------------------------------------------- ---------- -------------- ---------- --------- ---------------------- ----------------------
CREATOR_PDBNAME
--------------------------------------------------------------------------------------------------------------------------------
ACTIVATING_PDBNAME														 CON_ID
-------------------------------------------------------------------------------------------------------------------------------- ------
AexXSvFmk01Fq1rB8iZ6KXoAAAAAAAAAAAAAAAAAAAAAAAAAAAAA	 TDE IN PDB SOFTWARE KEYST LOCAL      NO	06.09.2026 05:25:05    06.09.2026 05:25:05
								    ORE
ODBENCPROD
ODBENCPROD															      4


1 row selected.

== Tablespace key chain from v$encrypted_tablespaces ===================

TS_NAME 		    TS# ENCRYPTI ENC MASTERKEYID_HEX			KEY_VERSION STATUS	       ENCRYPTEDKEY_HEX 						  BLOCKS_ENCRYPTED BLOCKS_DECRYPTED CON_ID
-------------------- ---------- -------- --- ---------------------------------- ----------- ------------------ ------------------------------------------------------------------ ---------------- ---------------- ------
USERS			      6 AES256	 YES EC574AF166934D45AB5AC1F2267A297A		  2 NORMAL	       ADE04A5792E78F99D86DA331BFCF238E236743423B23F64170C39BCC66FC4BB5 		 0		  0	 4

1 row selected.

== Full v$encrypted_tablespaces row (version specific columns) =========

       TS# ENCRYPTI ENC ENCRYPTEDKEY							 MASTERKEYID			  BLOCKS_ENCRYPTED BLOCKS_DECRYPTED KEY_VERSION STATUS		   CIPHERMODE	 CON_ID
---------- -------- --- ---------------------------------------------------------------- -------------------------------- ---------------- ---------------- ----------- ------------------ ------------- ------
	 6 AES256   YES ADE04A5792E78F99D86DA331BFCF238E236743423B23F64170C39BCC66FC4BB5 EC574AF166934D45AB5AC1F2267A297A		 0		  0	      2 NORMAL		   XTS		      4

1 row selected.

== Implicit database key for SYSTEM / UNDO / TEMP ======================

ENCRYPTI ENCRYPTEDKEY											  MASTERKEYID			   MAS CIPHERMODE    CON_ID
-------- ------------------------------------------------------------------------------------------------ -------------------------------- --- ------------- ------
AES256	 E7A6FAC63AA0DE492C8FC1E8916AB2958BEC9BFE36A88C3F24F65DC3F936F96300000000000000000000000000000000 EC574AF166934D45AB5AC1F2267A297A YES XTS		  4

1 row selected.

== Datafiles of encrypted tablespaces ==================================

TS_NAME 	     RELATIVE_FNO FILE_NAME								     BLOCKS BLOCK_SIZE	    BYTES
-------------------- ------------ ---------------------------------------------------------------------- ---------- ---------- ----------
USERS			     1024 /opt/oracle/oradata/FREE/5ACAB80548401021E063020013ACDC24/datafile/o1_       2560	  8192	 20971520
				  mf_users_o9szpoj9_.dbf


1 row selected.

2026-09-06 07:49:13 INFO  listing datafiles of tablespace USERS in PDB ODBENCPROD
2026-09-06 07:49:13 INFO  found 1 datafile(s)
2026-09-06 07:49:13 INFO  fingerprinting o1_mf_users_o9szpoj9_.dbf (block size 8192)
wrote /Users/stefan.oehrli/Repos/own/oehrlis/oracle-free-labs/data/xchange/evidence/variant_g/o1_mf_users_o9szpoj9_.dbf.fp
2026-09-06 07:49:13 INFO  scanning o1_mf_users_o9szpoj9_.dbf for the clear-text marker
no hits - needle not present as plaintext in this datafile
2026-09-06 07:49:13 INFO  manifest written to /Users/stefan.oehrli/Repos/own/oehrlis/oracle-free-labs/data/xchange/evidence/variant_g/manifest.txt
2026-09-06 07:49:13 INFO  Done.

========================================================================
== Compare 'variant_g' vs 'baseline' (expect DIFFERENT)
========================================================================
2026-09-06 07:49:13 INFO  comparing evidence sets 'baseline' vs 'variant_g'
2026-09-06 07:49:13 INFO  Starting tde_evidence.sh 0.1.0
2026-09-06 07:49:14 WARN  datafile renamed between the two sets: o1_mf_users_o9sy9kts_.dbf.fp vs o1_mf_users_o9szpoj9_.dbf.fp
2026-09-06 07:49:14 WARN  pairing them anyway because each set holds exactly one datafile

== Block-level ciphertext comparison ==
A: baseline/o1_mf_users_o9sy9kts_.dbf.fp
B: variant_g/o1_mf_users_o9sy9kts_.dbf.fp
block_size A/B: 8192/8192
blocks compared: 2561
identical: 0
differing: 2561
first differing blocks: [0, 1, 2, 3, 4, 5, 6, 7, 8, 9, 10, 11, 12, 13, 14, 15, 16, 17, 18, 19]
... and 2541 more
verdict: RE-ENCRYPT INDICATED - every comparable block changed
2026-09-06 07:49:14 INFO  compared 1 datafile(s)
2026-09-06 07:49:14 INFO  Done.
canary blocks:   identical 0 differing 313 total 313 (expect all differing)

KEY_VERSION  : 1 -> 2
TEK before   : 059EFEB1BB6D72140B68FD768F80105B...
TEK after    : ADE04A5792E78F99D86DA331BFCF238E...
TEK vs prod  : DIFFERENT (expected)
Note: ONLINE REKEY is available in Oracle Free 26ai but is an EE feature.

------------------------------------------------------------------------
VERDICT: PASS - TEK changed by ONLINE REKEY (1 -> 2) and the canary ciphertext changed with it (identical 0 differing 313 total 313) - new key material, blocks rewritten
------------------------------------------------------------------------
2026-09-06 07:49:15 INFO  Done.

========================================================================
  STEP 80: Positive control: two tablespaces prove method sensitivity
  Script: /Users/stefan.oehrli/Repos/own/oehrlis/oracle-free-labs/scripts/tde-verify/tests/80_positive_control.sh
  Time:   2026-09-06 07:49:15
========================================================================
2026-09-06 07:49:15 INFO  Starting 80_positive_control.sh 0.1.0

========================================================================
== Step 80: Positive control - two fresh encrypted tablespaces
========================================================================
2026-09-06 07:49:15 INFO  db_create_file_dest already /opt/oracle/oradata in odbencprod

========================================================================
== Create CTRL_ENC_A (encrypted, AES256)
========================================================================

Session altered.

DROP TABLESPACE CTRL_ENC_A INCLUDING CONTENTS AND DATAFILES
*
ERROR at line 1:
ORA-00959: tablespace 'CTRL_ENC_A' does not exist
Help: https://docs.oracle.com/error-help/db/ora-00959/
2026-09-06 07:49:16 WARN  CTRL_ENC_A did not exist (safe to ignore)

Session altered.


Tablespace created.

========================================================================
== Create CTRL_ENC_B (encrypted, AES256)
========================================================================

Session altered.

DROP TABLESPACE CTRL_ENC_B INCLUDING CONTENTS AND DATAFILES
*
ERROR at line 1:
ORA-00959: tablespace 'CTRL_ENC_B' does not exist
Help: https://docs.oracle.com/error-help/db/ora-00959/
2026-09-06 07:49:16 WARN  CTRL_ENC_B did not exist (safe to ignore)

Session altered.


Tablespace created.

========================================================================
== Create identical canary in CTRL_ENC_A
========================================================================

Session altered.

========================================================================
== Create canary table SCOTT.CANARY_CTRL_A in CTRL_ENC_A
========================================================================
no existing SCOTT.CANARY_CTRL_A to drop

PL/SQL procedure successfully completed.


Table created.


5000 rows created.


Commit complete.

== Row count and segment size ==========================================

CANARY_ROWS
-----------
       5000

1 row selected.


OWNER		     TABLE_NAME 	  TS_NAME		   BLOCKS      BYTES
-------------------- -------------------- -------------------- ---------- ----------
SCOTT		     CANARY_CTRL_A	  CTRL_ENC_A		      384    3145728

1 row selected.

== Physical block range of the canary rows =============================

RELATIVE_FNO  MIN_BLOCK  MAX_BLOCK DISTINCT_BLOCKS ROWS_TOTAL
------------ ---------- ---------- --------------- ----------
	   0	    779       1279	       313	 5000

1 row selected.

== Datafile holding the canary ==========================================

RELATIVE_FNO FILE_NAME								    BLOCK_SIZE	   BLOCKS      BYTES
------------ ---------------------------------------------------------------------- ---------- ---------- ----------
	1024 /opt/oracle/oradata/FREE/5ACAB80548401021E063020013ACDC24/datafile/o1_	  8192	     2560   20971520
	     mf_ctrl_enc_o9szpw5j_.dbf


1 row selected.

== Marker for the host side plain-text scan ============================

MARKER
----------------------------------------
OEHRLI-CANARY-01

1 row selected.

========================================================================
== Create identical canary in CTRL_ENC_B
========================================================================

Session altered.

========================================================================
== Create canary table SCOTT.CANARY_CTRL_B in CTRL_ENC_B
========================================================================
no existing SCOTT.CANARY_CTRL_B to drop

PL/SQL procedure successfully completed.


Table created.


5000 rows created.


Commit complete.

== Row count and segment size ==========================================

CANARY_ROWS
-----------
       5000

1 row selected.


OWNER		     TABLE_NAME 	  TS_NAME		   BLOCKS      BYTES
-------------------- -------------------- -------------------- ---------- ----------
SCOTT		     CANARY_CTRL_B	  CTRL_ENC_B		      384    3145728

1 row selected.

== Physical block range of the canary rows =============================

RELATIVE_FNO  MIN_BLOCK  MAX_BLOCK DISTINCT_BLOCKS ROWS_TOTAL
------------ ---------- ---------- --------------- ----------
	   0	    779       1279	       313	 5000

1 row selected.

== Datafile holding the canary ==========================================

RELATIVE_FNO FILE_NAME								    BLOCK_SIZE	   BLOCKS      BYTES
------------ ---------------------------------------------------------------------- ---------- ---------- ----------
	1024 /opt/oracle/oradata/FREE/5ACAB80548401021E063020013ACDC24/datafile/o1_	  8192	     2560   20971520
	     mf_ctrl_enc_o9szpwkz_.dbf


1 row selected.

== Marker for the host side plain-text scan ============================

MARKER
----------------------------------------
OEHRLI-CANARY-01

1 row selected.

========================================================================
== Set CTRL_ENC_A and CTRL_ENC_B to READ ONLY
========================================================================

Session altered.


Tablespace altered.


Tablespace altered.


TABLESPACE_NAME 	       STATUS	 ENC
------------------------------ --------- ---
CTRL_ENC_A		       READ ONLY YES
CTRL_ENC_B		       READ ONLY YES


WRAPPED_TEK
----------------------------------------------------------------
NAME
------------------------------
6ADDB1A919A2156D7890FF2BD1D1A174A73707050BC7DF7BDB9E460842FA8615
CTRL_ENC_A

1D44517B4376872C5770D32040214CB597F067719250F29FDB8344989FA2D416
CTRL_ENC_B

========================================================================
== Collect evidence set 'ctrl_enc_a'
========================================================================
2026-09-06 07:49:17 INFO  collecting evidence set 'ctrl_enc_a' from odbencprod
2026-09-06 07:49:17 INFO  Starting tde_evidence.sh 0.1.0
2026-09-06 07:49:17 INFO  evidence set 'ctrl_enc_a' -> /Users/stefan.oehrli/Repos/own/oehrlis/oracle-free-labs/data/xchange/evidence/ctrl_enc_a
2026-09-06 07:49:17 INFO  collecting key chain evidence from odbencprod (CDB$ROOT)

Session altered.

========================================================================
== TDE key chain evidence snapshot =====================================
========================================================================
== Identity of this database ===========================================

CONTAINER	     DB_NAME	  DB_UNIQUE_NAME	 DBID CREATED	LOG_MODE     OPEN_MODE
-------------------- ------------ ---------------- ---------- --------- ------------ --------------------
CDB$ROOT	     FREE	  FREE		   1515292873 06-SEP-26 ARCHIVELOG   READ WRITE

1 row selected.

== Keystore state from v$encryption_wallet =============================

WRL_TYPE WRL_PARAMETER								STATUS		   WALLET_TYPE	   KEYSTORE CON_ID
-------- ---------------------------------------------------------------------- ------------------ --------------- -------- ------
FILE	 /opt/oracle/dbconfig/FREE/wallet/tde/					OPEN		   LOCAL_AUTOLOGIN NONE 	 1
FILE										OPEN		   LOCAL_AUTOLOGIN UNITED	 2
FILE										OPEN		   LOCAL_AUTOLOGIN UNITED	 4
FILE										OPEN		   LOCAL_AUTOLOGIN UNITED	 5
FILE										OPEN		   LOCAL_AUTOLOGIN UNITED	 6

5 rows selected.

== Master encryption keys from v$encryption_keys =======================

KEY_ID							 KEY_USE    KEYSTORE_TYPE  ORIGIN     BACKED_UP CREATION_TIME	       ACTIVATION_TIME
-------------------------------------------------------- ---------- -------------- ---------- --------- ---------------------- ----------------------
CREATOR_PDBNAME
--------------------------------------------------------------------------------------------------------------------------------
ACTIVATING_PDBNAME														 CON_ID
-------------------------------------------------------------------------------------------------------------------------------- ------
AQbBvEA8/kJyuUn9246sO0UAAAAAAAAAAAAAAAAAAAAAAAAAAAAA	 TDE IN PDB SOFTWARE KEYST LOCAL      YES	06.09.2026 05:25:02    06.09.2026 05:25:02
								    ORE
CDB$ROOT
CDB$ROOT															      1

AexXSvFmk01Fq1rB8iZ6KXoAAAAAAAAAAAAAAAAAAAAAAAAAAAAA	 TDE IN PDB SOFTWARE KEYST LOCAL      YES	06.09.2026 05:25:05    06.09.2026 05:25:05
								    ORE
ODBENCPROD
ODBENCPROD															      4

AafZVKX1uUI9jE75CE2uNH0AAAAAAAAAAAAAAAAAAAAAAAAAAAAA	 TDE IN PDB SOFTWARE KEYST LOCAL      NO	06.09.2026 05:43:02    06.09.2026 05:43:02
								    ORE
PDBCLONE
PDBCLONE															      3


3 rows selected.

== Tablespace key chain from v$encrypted_tablespaces ===================

TS_NAME 		    TS# ENCRYPTI ENC MASTERKEYID_HEX			KEY_VERSION STATUS	       ENCRYPTEDKEY_HEX 						  BLOCKS_ENCRYPTED BLOCKS_DECRYPTED CON_ID
-------------------- ---------- -------- --- ---------------------------------- ----------- ------------------ ------------------------------------------------------------------ ---------------- ---------------- ------
CLONE_ENC		      5 AES256	 YES A7D954A5F5B9423D8C4EF9084DAE347D		  0 NORMAL	       A341ABA714216D48A156995247C13AC058D67B07E62CA9812642E6C7382FA239 		 0		261	 5
CLONE_ENC		      5 AES256	 YES A7D954A5F5B9423D8C4EF9084DAE347D		  0 NORMAL	       FC11003A257C8515095D64B4E961E7328964A6DE12A90D729147009A85E38760 		 0		  0	 6
CTRL_ENC_A		      8 AES256	 YES EC574AF166934D45AB5AC1F2267A297A		  0 NORMAL	       6ADDB1A919A2156D7890FF2BD1D1A174A73707050BC7DF7BDB9E460842FA8615 	      1141		  0	 4
CTRL_ENC_B		      9 AES256	 YES EC574AF166934D45AB5AC1F2267A297A		  0 NORMAL	       1D44517B4376872C5770D32040214CB597F067719250F29FDB8344989FA2D416 	      1141		  0	 4
USERS			      6 AES256	 YES EC574AF166934D45AB5AC1F2267A297A		  1 NORMAL	       059EFEB1BB6D72140B68FD768F80105B37BB912E84E6273E82227A027FD830F3 	       372		  3	 4

5 rows selected.

== Full v$encrypted_tablespaces row (version specific columns) =========

       TS# ENCRYPTI ENC ENCRYPTEDKEY							 MASTERKEYID			  BLOCKS_ENCRYPTED BLOCKS_DECRYPTED KEY_VERSION STATUS		   CIPHERMODE	 CON_ID
---------- -------- --- ---------------------------------------------------------------- -------------------------------- ---------------- ---------------- ----------- ------------------ ------------- ------
	 6 AES256   YES 059EFEB1BB6D72140B68FD768F80105B37BB912E84E6273E82227A027FD830F3 EC574AF166934D45AB5AC1F2267A297A	       372		  3	      1 NORMAL		   XTS		      4
	 5 AES256   YES A341ABA714216D48A156995247C13AC058D67B07E62CA9812642E6C7382FA239 A7D954A5F5B9423D8C4EF9084DAE347D		 0		261	      0 NORMAL		   XTS		      5
	 5 AES256   YES FC11003A257C8515095D64B4E961E7328964A6DE12A90D729147009A85E38760 A7D954A5F5B9423D8C4EF9084DAE347D		 0		  0	      0 NORMAL		   XTS		      6
	 8 AES256   YES 6ADDB1A919A2156D7890FF2BD1D1A174A73707050BC7DF7BDB9E460842FA8615 EC574AF166934D45AB5AC1F2267A297A	      1141		  0	      0 NORMAL		   XTS		      4
	 9 AES256   YES 1D44517B4376872C5770D32040214CB597F067719250F29FDB8344989FA2D416 EC574AF166934D45AB5AC1F2267A297A	      1141		  0	      0 NORMAL		   XTS		      4

5 rows selected.

== Implicit database key for SYSTEM / UNDO / TEMP ======================

ENCRYPTI ENCRYPTEDKEY											  MASTERKEYID			   MAS CIPHERMODE    CON_ID
-------- ------------------------------------------------------------------------------------------------ -------------------------------- --- ------------- ------
AES256	 B045728506A501E21FD577C3A9DA902B10069DB2CE11FE2ED0DA4E8ACF099CC900000000000000000000000000000000 06C1BC403CFE4272B949FDDB8EAC3B45 YES XTS		  1
NONE	 000000000000000000000000000000000000000000000000000000000000000000000000000000000000000000000000 00000000000000000000000000000000 NO  CFB		  2
AES256	 E7A6FAC63AA0DE492C8FC1E8916AB2958BEC9BFE36A88C3F24F65DC3F936F96300000000000000000000000000000000 EC574AF166934D45AB5AC1F2267A297A YES XTS		  4
AES256	 2439436FA32E69511180763E69C1DBECC91ADE832F82DB325C7CE3578A062A6300000000000000000000000000000000 A7D954A5F5B9423D8C4EF9084DAE347D YES XTS		  5
AES256	 2439436FA32E69511180763E69C1DBECC91ADE832F82DB325C7CE3578A062A6300000000000000000000000000000000 A7D954A5F5B9423D8C4EF9084DAE347D YES XTS		  6

5 rows selected.

== Datafiles of encrypted tablespaces ==================================

no rows selected

2026-09-06 07:49:17 INFO  collecting key chain evidence from odbencprod (PDB ODBENCPROD)

Session altered.


Session altered.

========================================================================
== TDE key chain evidence snapshot =====================================
========================================================================
== Identity of this database ===========================================

CONTAINER	     DB_NAME	  DB_UNIQUE_NAME	 DBID CREATED	LOG_MODE     OPEN_MODE
-------------------- ------------ ---------------- ---------- --------- ------------ --------------------
ODBENCPROD	     FREE	  FREE		   1515292873 06-SEP-26 ARCHIVELOG   READ WRITE

1 row selected.

== Keystore state from v$encryption_wallet =============================

WRL_TYPE WRL_PARAMETER								STATUS		   WALLET_TYPE	   KEYSTORE CON_ID
-------- ---------------------------------------------------------------------- ------------------ --------------- -------- ------
FILE										OPEN		   LOCAL_AUTOLOGIN UNITED	 4

1 row selected.

== Master encryption keys from v$encryption_keys =======================

KEY_ID							 KEY_USE    KEYSTORE_TYPE  ORIGIN     BACKED_UP CREATION_TIME	       ACTIVATION_TIME
-------------------------------------------------------- ---------- -------------- ---------- --------- ---------------------- ----------------------
CREATOR_PDBNAME
--------------------------------------------------------------------------------------------------------------------------------
ACTIVATING_PDBNAME														 CON_ID
-------------------------------------------------------------------------------------------------------------------------------- ------
AexXSvFmk01Fq1rB8iZ6KXoAAAAAAAAAAAAAAAAAAAAAAAAAAAAA	 TDE IN PDB SOFTWARE KEYST LOCAL      YES	06.09.2026 05:25:05    06.09.2026 05:25:05
								    ORE
ODBENCPROD
ODBENCPROD															      4


1 row selected.

== Tablespace key chain from v$encrypted_tablespaces ===================

TS_NAME 		    TS# ENCRYPTI ENC MASTERKEYID_HEX			KEY_VERSION STATUS	       ENCRYPTEDKEY_HEX 						  BLOCKS_ENCRYPTED BLOCKS_DECRYPTED CON_ID
-------------------- ---------- -------- --- ---------------------------------- ----------- ------------------ ------------------------------------------------------------------ ---------------- ---------------- ------
CTRL_ENC_A		      8 AES256	 YES EC574AF166934D45AB5AC1F2267A297A		  0 NORMAL	       6ADDB1A919A2156D7890FF2BD1D1A174A73707050BC7DF7BDB9E460842FA8615 	      1141		  0	 4
CTRL_ENC_B		      9 AES256	 YES EC574AF166934D45AB5AC1F2267A297A		  0 NORMAL	       1D44517B4376872C5770D32040214CB597F067719250F29FDB8344989FA2D416 	      1141		  0	 4
USERS			      6 AES256	 YES EC574AF166934D45AB5AC1F2267A297A		  1 NORMAL	       059EFEB1BB6D72140B68FD768F80105B37BB912E84E6273E82227A027FD830F3 	       372		  3	 4

3 rows selected.

== Full v$encrypted_tablespaces row (version specific columns) =========

       TS# ENCRYPTI ENC ENCRYPTEDKEY							 MASTERKEYID			  BLOCKS_ENCRYPTED BLOCKS_DECRYPTED KEY_VERSION STATUS		   CIPHERMODE	 CON_ID
---------- -------- --- ---------------------------------------------------------------- -------------------------------- ---------------- ---------------- ----------- ------------------ ------------- ------
	 6 AES256   YES 059EFEB1BB6D72140B68FD768F80105B37BB912E84E6273E82227A027FD830F3 EC574AF166934D45AB5AC1F2267A297A	       372		  3	      1 NORMAL		   XTS		      4
	 8 AES256   YES 6ADDB1A919A2156D7890FF2BD1D1A174A73707050BC7DF7BDB9E460842FA8615 EC574AF166934D45AB5AC1F2267A297A	      1141		  0	      0 NORMAL		   XTS		      4
	 9 AES256   YES 1D44517B4376872C5770D32040214CB597F067719250F29FDB8344989FA2D416 EC574AF166934D45AB5AC1F2267A297A	      1141		  0	      0 NORMAL		   XTS		      4

3 rows selected.

== Implicit database key for SYSTEM / UNDO / TEMP ======================

ENCRYPTI ENCRYPTEDKEY											  MASTERKEYID			   MAS CIPHERMODE    CON_ID
-------- ------------------------------------------------------------------------------------------------ -------------------------------- --- ------------- ------
AES256	 E7A6FAC63AA0DE492C8FC1E8916AB2958BEC9BFE36A88C3F24F65DC3F936F96300000000000000000000000000000000 EC574AF166934D45AB5AC1F2267A297A YES XTS		  4

1 row selected.

== Datafiles of encrypted tablespaces ==================================

TS_NAME 	     RELATIVE_FNO FILE_NAME								     BLOCKS BLOCK_SIZE	    BYTES
-------------------- ------------ ---------------------------------------------------------------------- ---------- ---------- ----------
CTRL_ENC_A		     1024 /opt/oracle/oradata/FREE/5ACAB80548401021E063020013ACDC24/datafile/o1_       2560	  8192	 20971520
				  mf_ctrl_enc_o9szpw5j_.dbf

CTRL_ENC_B		     1024 /opt/oracle/oradata/FREE/5ACAB80548401021E063020013ACDC24/datafile/o1_       2560	  8192	 20971520
				  mf_ctrl_enc_o9szpwkz_.dbf

USERS			     1024 /opt/oracle/oradata/FREE/5ACAB80548401021E063020013ACDC24/datafile/o1_       2560	  8192	 20971520
				  mf_users_o9sy9kts_.dbf


3 rows selected.

2026-09-06 07:49:18 INFO  listing datafiles of tablespace CTRL_ENC_A in PDB ODBENCPROD
2026-09-06 07:49:18 INFO  found 1 datafile(s)
2026-09-06 07:49:18 INFO  fingerprinting o1_mf_ctrl_enc_o9szpw5j_.dbf (block size 8192)
wrote /Users/stefan.oehrli/Repos/own/oehrlis/oracle-free-labs/data/xchange/evidence/ctrl_enc_a/o1_mf_ctrl_enc_o9szpw5j_.dbf.fp
2026-09-06 07:49:18 INFO  scanning o1_mf_ctrl_enc_o9szpw5j_.dbf for the clear-text marker
no hits - needle not present as plaintext in this datafile
2026-09-06 07:49:18 INFO  manifest written to /Users/stefan.oehrli/Repos/own/oehrlis/oracle-free-labs/data/xchange/evidence/ctrl_enc_a/manifest.txt
2026-09-06 07:49:18 INFO  Done.

========================================================================
== Collect evidence set 'ctrl_enc_b'
========================================================================
2026-09-06 07:49:18 INFO  collecting evidence set 'ctrl_enc_b' from odbencprod
2026-09-06 07:49:18 INFO  Starting tde_evidence.sh 0.1.0
2026-09-06 07:49:19 INFO  evidence set 'ctrl_enc_b' -> /Users/stefan.oehrli/Repos/own/oehrlis/oracle-free-labs/data/xchange/evidence/ctrl_enc_b
2026-09-06 07:49:19 INFO  collecting key chain evidence from odbencprod (CDB$ROOT)

Session altered.

========================================================================
== TDE key chain evidence snapshot =====================================
========================================================================
== Identity of this database ===========================================

CONTAINER	     DB_NAME	  DB_UNIQUE_NAME	 DBID CREATED	LOG_MODE     OPEN_MODE
-------------------- ------------ ---------------- ---------- --------- ------------ --------------------
CDB$ROOT	     FREE	  FREE		   1515292873 06-SEP-26 ARCHIVELOG   READ WRITE

1 row selected.

== Keystore state from v$encryption_wallet =============================

WRL_TYPE WRL_PARAMETER								STATUS		   WALLET_TYPE	   KEYSTORE CON_ID
-------- ---------------------------------------------------------------------- ------------------ --------------- -------- ------
FILE	 /opt/oracle/dbconfig/FREE/wallet/tde/					OPEN		   LOCAL_AUTOLOGIN NONE 	 1
FILE										OPEN		   LOCAL_AUTOLOGIN UNITED	 2
FILE										OPEN		   LOCAL_AUTOLOGIN UNITED	 4
FILE										OPEN		   LOCAL_AUTOLOGIN UNITED	 5
FILE										OPEN		   LOCAL_AUTOLOGIN UNITED	 6

5 rows selected.

== Master encryption keys from v$encryption_keys =======================

KEY_ID							 KEY_USE    KEYSTORE_TYPE  ORIGIN     BACKED_UP CREATION_TIME	       ACTIVATION_TIME
-------------------------------------------------------- ---------- -------------- ---------- --------- ---------------------- ----------------------
CREATOR_PDBNAME
--------------------------------------------------------------------------------------------------------------------------------
ACTIVATING_PDBNAME														 CON_ID
-------------------------------------------------------------------------------------------------------------------------------- ------
AQbBvEA8/kJyuUn9246sO0UAAAAAAAAAAAAAAAAAAAAAAAAAAAAA	 TDE IN PDB SOFTWARE KEYST LOCAL      YES	06.09.2026 05:25:02    06.09.2026 05:25:02
								    ORE
CDB$ROOT
CDB$ROOT															      1

AexXSvFmk01Fq1rB8iZ6KXoAAAAAAAAAAAAAAAAAAAAAAAAAAAAA	 TDE IN PDB SOFTWARE KEYST LOCAL      YES	06.09.2026 05:25:05    06.09.2026 05:25:05
								    ORE
ODBENCPROD
ODBENCPROD															      4

AafZVKX1uUI9jE75CE2uNH0AAAAAAAAAAAAAAAAAAAAAAAAAAAAA	 TDE IN PDB SOFTWARE KEYST LOCAL      NO	06.09.2026 05:43:02    06.09.2026 05:43:02
								    ORE
PDBCLONE
PDBCLONE															      3


3 rows selected.

== Tablespace key chain from v$encrypted_tablespaces ===================

TS_NAME 		    TS# ENCRYPTI ENC MASTERKEYID_HEX			KEY_VERSION STATUS	       ENCRYPTEDKEY_HEX 						  BLOCKS_ENCRYPTED BLOCKS_DECRYPTED CON_ID
-------------------- ---------- -------- --- ---------------------------------- ----------- ------------------ ------------------------------------------------------------------ ---------------- ---------------- ------
CLONE_ENC		      5 AES256	 YES A7D954A5F5B9423D8C4EF9084DAE347D		  0 NORMAL	       A341ABA714216D48A156995247C13AC058D67B07E62CA9812642E6C7382FA239 		 0		261	 5
CLONE_ENC		      5 AES256	 YES A7D954A5F5B9423D8C4EF9084DAE347D		  0 NORMAL	       FC11003A257C8515095D64B4E961E7328964A6DE12A90D729147009A85E38760 		 0		  0	 6
CTRL_ENC_A		      8 AES256	 YES EC574AF166934D45AB5AC1F2267A297A		  0 NORMAL	       6ADDB1A919A2156D7890FF2BD1D1A174A73707050BC7DF7BDB9E460842FA8615 	      1141		  0	 4
CTRL_ENC_B		      9 AES256	 YES EC574AF166934D45AB5AC1F2267A297A		  0 NORMAL	       1D44517B4376872C5770D32040214CB597F067719250F29FDB8344989FA2D416 	      1141		  0	 4
USERS			      6 AES256	 YES EC574AF166934D45AB5AC1F2267A297A		  1 NORMAL	       059EFEB1BB6D72140B68FD768F80105B37BB912E84E6273E82227A027FD830F3 	       372		  3	 4

5 rows selected.

== Full v$encrypted_tablespaces row (version specific columns) =========

       TS# ENCRYPTI ENC ENCRYPTEDKEY							 MASTERKEYID			  BLOCKS_ENCRYPTED BLOCKS_DECRYPTED KEY_VERSION STATUS		   CIPHERMODE	 CON_ID
---------- -------- --- ---------------------------------------------------------------- -------------------------------- ---------------- ---------------- ----------- ------------------ ------------- ------
	 6 AES256   YES 059EFEB1BB6D72140B68FD768F80105B37BB912E84E6273E82227A027FD830F3 EC574AF166934D45AB5AC1F2267A297A	       372		  3	      1 NORMAL		   XTS		      4
	 5 AES256   YES A341ABA714216D48A156995247C13AC058D67B07E62CA9812642E6C7382FA239 A7D954A5F5B9423D8C4EF9084DAE347D		 0		261	      0 NORMAL		   XTS		      5
	 5 AES256   YES FC11003A257C8515095D64B4E961E7328964A6DE12A90D729147009A85E38760 A7D954A5F5B9423D8C4EF9084DAE347D		 0		  0	      0 NORMAL		   XTS		      6
	 8 AES256   YES 6ADDB1A919A2156D7890FF2BD1D1A174A73707050BC7DF7BDB9E460842FA8615 EC574AF166934D45AB5AC1F2267A297A	      1141		  0	      0 NORMAL		   XTS		      4
	 9 AES256   YES 1D44517B4376872C5770D32040214CB597F067719250F29FDB8344989FA2D416 EC574AF166934D45AB5AC1F2267A297A	      1141		  0	      0 NORMAL		   XTS		      4

5 rows selected.

== Implicit database key for SYSTEM / UNDO / TEMP ======================

ENCRYPTI ENCRYPTEDKEY											  MASTERKEYID			   MAS CIPHERMODE    CON_ID
-------- ------------------------------------------------------------------------------------------------ -------------------------------- --- ------------- ------
AES256	 B045728506A501E21FD577C3A9DA902B10069DB2CE11FE2ED0DA4E8ACF099CC900000000000000000000000000000000 06C1BC403CFE4272B949FDDB8EAC3B45 YES XTS		  1
NONE	 000000000000000000000000000000000000000000000000000000000000000000000000000000000000000000000000 00000000000000000000000000000000 NO  CFB		  2
AES256	 E7A6FAC63AA0DE492C8FC1E8916AB2958BEC9BFE36A88C3F24F65DC3F936F96300000000000000000000000000000000 EC574AF166934D45AB5AC1F2267A297A YES XTS		  4
AES256	 2439436FA32E69511180763E69C1DBECC91ADE832F82DB325C7CE3578A062A6300000000000000000000000000000000 A7D954A5F5B9423D8C4EF9084DAE347D YES XTS		  5
AES256	 2439436FA32E69511180763E69C1DBECC91ADE832F82DB325C7CE3578A062A6300000000000000000000000000000000 A7D954A5F5B9423D8C4EF9084DAE347D YES XTS		  6

5 rows selected.

== Datafiles of encrypted tablespaces ==================================

no rows selected

2026-09-06 07:49:19 INFO  collecting key chain evidence from odbencprod (PDB ODBENCPROD)

Session altered.


Session altered.

========================================================================
== TDE key chain evidence snapshot =====================================
========================================================================
== Identity of this database ===========================================

CONTAINER	     DB_NAME	  DB_UNIQUE_NAME	 DBID CREATED	LOG_MODE     OPEN_MODE
-------------------- ------------ ---------------- ---------- --------- ------------ --------------------
ODBENCPROD	     FREE	  FREE		   1515292873 06-SEP-26 ARCHIVELOG   READ WRITE

1 row selected.

== Keystore state from v$encryption_wallet =============================

WRL_TYPE WRL_PARAMETER								STATUS		   WALLET_TYPE	   KEYSTORE CON_ID
-------- ---------------------------------------------------------------------- ------------------ --------------- -------- ------
FILE										OPEN		   LOCAL_AUTOLOGIN UNITED	 4

1 row selected.

== Master encryption keys from v$encryption_keys =======================

KEY_ID							 KEY_USE    KEYSTORE_TYPE  ORIGIN     BACKED_UP CREATION_TIME	       ACTIVATION_TIME
-------------------------------------------------------- ---------- -------------- ---------- --------- ---------------------- ----------------------
CREATOR_PDBNAME
--------------------------------------------------------------------------------------------------------------------------------
ACTIVATING_PDBNAME														 CON_ID
-------------------------------------------------------------------------------------------------------------------------------- ------
AexXSvFmk01Fq1rB8iZ6KXoAAAAAAAAAAAAAAAAAAAAAAAAAAAAA	 TDE IN PDB SOFTWARE KEYST LOCAL      YES	06.09.2026 05:25:05    06.09.2026 05:25:05
								    ORE
ODBENCPROD
ODBENCPROD															      4


1 row selected.

== Tablespace key chain from v$encrypted_tablespaces ===================

TS_NAME 		    TS# ENCRYPTI ENC MASTERKEYID_HEX			KEY_VERSION STATUS	       ENCRYPTEDKEY_HEX 						  BLOCKS_ENCRYPTED BLOCKS_DECRYPTED CON_ID
-------------------- ---------- -------- --- ---------------------------------- ----------- ------------------ ------------------------------------------------------------------ ---------------- ---------------- ------
CTRL_ENC_A		      8 AES256	 YES EC574AF166934D45AB5AC1F2267A297A		  0 NORMAL	       6ADDB1A919A2156D7890FF2BD1D1A174A73707050BC7DF7BDB9E460842FA8615 	      1141		  0	 4
CTRL_ENC_B		      9 AES256	 YES EC574AF166934D45AB5AC1F2267A297A		  0 NORMAL	       1D44517B4376872C5770D32040214CB597F067719250F29FDB8344989FA2D416 	      1141		  0	 4
USERS			      6 AES256	 YES EC574AF166934D45AB5AC1F2267A297A		  1 NORMAL	       059EFEB1BB6D72140B68FD768F80105B37BB912E84E6273E82227A027FD830F3 	       372		  3	 4

3 rows selected.

== Full v$encrypted_tablespaces row (version specific columns) =========

       TS# ENCRYPTI ENC ENCRYPTEDKEY							 MASTERKEYID			  BLOCKS_ENCRYPTED BLOCKS_DECRYPTED KEY_VERSION STATUS		   CIPHERMODE	 CON_ID
---------- -------- --- ---------------------------------------------------------------- -------------------------------- ---------------- ---------------- ----------- ------------------ ------------- ------
	 6 AES256   YES 059EFEB1BB6D72140B68FD768F80105B37BB912E84E6273E82227A027FD830F3 EC574AF166934D45AB5AC1F2267A297A	       372		  3	      1 NORMAL		   XTS		      4
	 8 AES256   YES 6ADDB1A919A2156D7890FF2BD1D1A174A73707050BC7DF7BDB9E460842FA8615 EC574AF166934D45AB5AC1F2267A297A	      1141		  0	      0 NORMAL		   XTS		      4
	 9 AES256   YES 1D44517B4376872C5770D32040214CB597F067719250F29FDB8344989FA2D416 EC574AF166934D45AB5AC1F2267A297A	      1141		  0	      0 NORMAL		   XTS		      4

3 rows selected.

== Implicit database key for SYSTEM / UNDO / TEMP ======================

ENCRYPTI ENCRYPTEDKEY											  MASTERKEYID			   MAS CIPHERMODE    CON_ID
-------- ------------------------------------------------------------------------------------------------ -------------------------------- --- ------------- ------
AES256	 E7A6FAC63AA0DE492C8FC1E8916AB2958BEC9BFE36A88C3F24F65DC3F936F96300000000000000000000000000000000 EC574AF166934D45AB5AC1F2267A297A YES XTS		  4

1 row selected.

== Datafiles of encrypted tablespaces ==================================

TS_NAME 	     RELATIVE_FNO FILE_NAME								     BLOCKS BLOCK_SIZE	    BYTES
-------------------- ------------ ---------------------------------------------------------------------- ---------- ---------- ----------
CTRL_ENC_A		     1024 /opt/oracle/oradata/FREE/5ACAB80548401021E063020013ACDC24/datafile/o1_       2560	  8192	 20971520
				  mf_ctrl_enc_o9szpw5j_.dbf

CTRL_ENC_B		     1024 /opt/oracle/oradata/FREE/5ACAB80548401021E063020013ACDC24/datafile/o1_       2560	  8192	 20971520
				  mf_ctrl_enc_o9szpwkz_.dbf

USERS			     1024 /opt/oracle/oradata/FREE/5ACAB80548401021E063020013ACDC24/datafile/o1_       2560	  8192	 20971520
				  mf_users_o9sy9kts_.dbf


3 rows selected.

2026-09-06 07:49:19 INFO  listing datafiles of tablespace CTRL_ENC_B in PDB ODBENCPROD
2026-09-06 07:49:19 INFO  found 1 datafile(s)
2026-09-06 07:49:19 INFO  fingerprinting o1_mf_ctrl_enc_o9szpwkz_.dbf (block size 8192)
wrote /Users/stefan.oehrli/Repos/own/oehrlis/oracle-free-labs/data/xchange/evidence/ctrl_enc_b/o1_mf_ctrl_enc_o9szpwkz_.dbf.fp
2026-09-06 07:49:20 INFO  scanning o1_mf_ctrl_enc_o9szpwkz_.dbf for the clear-text marker
no hits - needle not present as plaintext in this datafile
2026-09-06 07:49:20 INFO  manifest written to /Users/stefan.oehrli/Repos/own/oehrlis/oracle-free-labs/data/xchange/evidence/ctrl_enc_b/manifest.txt
2026-09-06 07:49:20 INFO  Done.

========================================================================
== Compare 'ctrl_enc_a' vs 'ctrl_enc_b' (expect DIFFERENT ciphertext)
========================================================================
2026-09-06 07:49:20 INFO  comparing evidence sets 'ctrl_enc_a' vs 'ctrl_enc_b'
2026-09-06 07:49:20 INFO  Starting tde_evidence.sh 0.1.0
2026-09-06 07:49:20 WARN  datafile renamed between the two sets: o1_mf_ctrl_enc_o9szpw5j_.dbf.fp vs o1_mf_ctrl_enc_o9szpwkz_.dbf.fp
2026-09-06 07:49:20 WARN  pairing them anyway because each set holds exactly one datafile

== Block-level ciphertext comparison ==
A: ctrl_enc_a/o1_mf_ctrl_enc_o9szpw5j_.dbf.fp
B: ctrl_enc_b/o1_mf_ctrl_enc_o9szpw5j_.dbf.fp
block_size A/B: 8192/8192
blocks compared: 2561
identical: 1421
differing: 1140
first differing blocks: [1, 2, 3, 4, 5, 6, 7, 8, 9, 10, 11, 12, 13, 14, 15, 16, 17, 18, 19, 20]
... and 1120 more
verdict: MIXED - 1140 of 2561 blocks changed; inspect which ranges differ before drawing a conclusion
2026-09-06 07:49:20 INFO  compared 1 datafile(s)
2026-09-06 07:49:21 INFO  Done.
2026-09-06 07:49:21 INFO  canary block comparison: identical 0 differing 313 total 313

------------------------------------------------------------------------
VERDICT: PASS - the method is sensitive: identical content under two different tablespace keys produces different ciphertext in every canary block (identical 0 differing 313 total 313). An 'identical' result elsewhere in the suite therefore means the key really is unchanged
------------------------------------------------------------------------
2026-09-06 07:49:21 INFO  Done.

========================================================================
  STEP 90: Key withdrawal test: verify cryptographic independence
  Script: /Users/stefan.oehrli/Repos/own/oehrlis/oracle-free-labs/scripts/tde-verify/tests/90_withdrawal_test.sh
  Time:   2026-09-06 07:49:21
========================================================================
2026-09-06 07:49:21 INFO  Starting 90_withdrawal_test.sh 0.1.0

========================================================================
== Step 90: Key withdrawal test (after variant_g)
========================================================================

========================================================================
== Step 1: Swap to dev-only keystore (remove prod MEK)
========================================================================
current dev keystore backed up to /opt/oracle/xchange/wallet_withdrawal_backup
restored pristine dev keystore from /opt/oracle/xchange/wallet_dev_pristine
total 40
drwxr-xr-x 12 oracle oinstall  384 Sep  6 07:48 .
drwxr-xr-x  6 oracle oinstall  192 Sep  6 07:48 ..
-rw-------  1 oracle oinstall 3939 Sep  6 07:48 cwallet.sso
-rw-------  1 oracle oinstall 2675 Sep  6 07:29 cwallet_2026090605295022.sso
-rw-------  1 oracle oinstall 2675 Sep  6 07:36 cwallet_2026090605364735.sso
-rw-------  1 oracle oinstall 2675 Sep  6 07:41 cwallet_2026090605415831.sso
-rw-------  1 oracle oinstall 2675 Sep  6 07:48 cwallet_2026090605484057.sso
-rw-------  1 oracle oinstall 3827 Sep  6 07:48 ewallet.p12
-rw-------  1 oracle oinstall 2563 Sep  6 07:29 ewallet_2026090605295022.p12
-rw-------  1 oracle oinstall 2563 Sep  6 07:36 ewallet_2026090605364735.p12
-rw-------  1 oracle oinstall 2563 Sep  6 07:41 ewallet_2026090605415831.p12
-rw-------  1 oracle oinstall 2563 Sep  6 07:48 ewallet_2026090605484057.p12

========================================================================
== Step 2: Restart odbencdev (STARTUP FORCE)
========================================================================
ORACLE instance started.

Total System Global Area 1603392144 bytes
Fixed Size		    5026448 bytes
Variable Size		  436207616 bytes
Database Buffers	 1157627904 bytes
Redo Buffers		    4530176 bytes
Database mounted.
ORA-28374: typed master key not found in wallet
Help: https://docs.oracle.com/error-help/db/ora-28374/



STATE
------------------------------
OPEN_MODE=MOUNTED
2026-09-06 07:49:23 INFO  database open mode after restart: MOUNTED

Withdrawal test result:
  After variant : variant_g
  Independence  : DEPENDENT
  Open mode     : MOUNTED

------------------------------------------------------------------------
VERDICT: PASS - the database does not open at all without the source master key: it stops at MOUNTED with ORA-28374. Dependency is total - not a single tablespace is unreadable, the whole database is unusable
------------------------------------------------------------------------
2026-09-06 07:49:23 INFO  Done.

========================================================================
  TDE Verification Run Results
  Log: /Users/stefan.oehrli/Repos/own/oehrlis/oracle-free-labs/data/xchange/evidence/run_20260906_072238.log
========================================================================

NR    Result      Duration  Description
----  ----------  --------  -------------------------------------------
00    PASS        293s      Reset both services and verify clean startup
10    PASS        6s        Create canary tables, READ ONLY, collect baseline evidence
15    PASS        11s       RMAN backup + stage source keystore
20    PASS        153s      Variant A: plain RESTORE with transported source keystore
30    PASS        138s      Variant B2: AS ENCRYPTED USING KEY without prod MEK
35    PASS        127s      Variant B1: AS ENCRYPTED USING KEY with prod MEK
40    PASS        154s      Variant C: DUPLICATE ... AS ENCRYPTED
50    PASS        159s      Variant D: RESTORE AS DECRYPTED + SET KEY + OFFLINE ENCRYPT
60    PASS        175s      Variant F: chain-breaking path (new TEK)
61    PASS        10s       PDB testbed: create PDBCLONE with canary tables and c##clone user
62    PASS        8s        PDB P1: local clone in same CDB (reference case)
63    PASS        154s      PDB P2: unplug with key export, plug into dev CDB
64    PASS        3s        PDB P3: unplug without key export - negative test
65    PASS        17s       PDB P4: remote clone via DB link as c##clone
66    PASS        2s        PDB P7: ORIGIN of the transported key in the target
67    PASS        2s        PDB P8: KEY_VERSION after plug-in to foreign CDB
68    PASS        12s       PDB P5: MEK rotation in target after P2 or P4
69    PASS        10s       PDB P6: ONLINE REKEY in target after P2 or P4
70    PASS        158s      Variant G: ALTER TABLESPACE ENCRYPTION ONLINE REKEY
80    PASS        6s        Positive control: two tablespaces prove method sensitivity
90    PASS        2s        Key withdrawal test: verify cryptographic independence

All steps PASSED.
